node_id,state,tilt,displacement,crack_width,vibration,load_change,temperature,humidity,battery,rate_tilt_5m,rate_disp_5m,rate_crack_5m,risk_score,risk_level
N1,NORMAL,1.16,1.59,0.75,0.17,2.14,27.9,82.4,68.1,0.001,0.003,0.014,10.6,LOW
N1,SUBSIDENCE,5.8,26.67,21.56,2.876,105.21,36.3,91.0,80.8,1.739,1.57,0.639,100.0,CRITICAL
N3,WARNING,3.48,2.56,1.9,0.535,19.08,33.0,91.8,95.4,0.079,0.357,0.026,37.9,MEDIUM
N5,NORMAL,0.87,1.27,0.51,0.042,0.39,31.5,86.8,64.9,0.009,0.082,0.018,8.2,LOW
N5,NORMAL,0.77,1.82,0.45,0.059,4.14,37.9,70.8,63.5,0.037,0.09,0.016,9.7,LOW
N3,NORMAL,0.47,0.5,0.52,0.121,2.05,28.9,86.6,90.7,0.013,0.091,0.0,6.7,LOW
N4,NORMAL,0.56,0.24,0.62,0.03,-1.25,30.8,94.4,98.6,0.033,0.031,0.007,5.2,LOW
N1,SUBSIDENCE,7.04,17.82,9.45,1.677,74.92,28.5,79.5,73.6,1.21,2.608,0.76,100.0,CRITICAL
N1,WARNING,2.45,6.21,2.9,0.444,21.68,27.5,85.1,89.9,0.121,0.117,0.164,42.1,MEDIUM
N3,WARNING,3.31,7.77,1.03,0.745,25.49,26.0,90.1,60.6,0.211,0.111,0.218,50.1,HIGH
N3,NORMAL,0.81,1.2,0.2,0.037,1.08,35.6,85.4,62.6,0.006,0.049,0.013,7.6,LOW
N4,SUBSIDENCE,6.11,18.66,20.47,3.744,62.76,37.5,90.4,79.2,0.407,4.108,1.36,100.0,CRITICAL
N6,WARNING,1.61,5.13,2.48,0.459,21.16,25.8,78.7,92.4,0.114,0.356,0.12,39.7,MEDIUM
N5,NORMAL,1.01,1.15,0.52,0.025,2.72,30.5,65.6,69.1,0.02,0.045,0.017,8.3,LOW
N2,NORMAL,0.62,1.18,0.86,0.107,2.83,29.8,81.2,70.0,0.023,0.044,0.009,8.2,LOW
N6,NORMAL,1.08,0.97,0.15,0.035,-1.91,31.3,85.4,63.4,0.021,0.019,0.0,3.5,LOW
N5,NORMAL,0.61,1.91,0.99,0.127,-0.29,35.9,77.8,98.5,0.036,0.06,0.004,10.9,LOW
N1,NORMAL,0.9,1.68,0.73,0.096,1.54,36.5,94.3,88.0,0.043,0.068,0.018,10.4,LOW
N6,NORMAL,0.65,0.58,0.71,0.067,-0.02,32.8,79.2,86.9,0.012,0.088,0.017,7.3,LOW
N3,NORMAL,0.77,1.16,0.38,0.081,2.12,25.2,75.4,76.8,0.032,0.045,0.019,9.6,LOW
N4,WARNING,1.24,4.51,1.82,0.468,15.09,34.5,68.0,93.6,0.232,0.457,0.05,33.5,MEDIUM
N5,NORMAL,1.12,0.94,0.93,0.147,4.46,26.6,71.4,70.8,0.033,0.024,0.018,7.4,LOW
N4,NORMAL,0.43,1.38,0.71,0.168,-1.38,29.0,89.4,84.5,0.048,0.092,0.001,9.6,LOW
N5,NORMAL,0.96,1.85,0.5,0.027,2.09,32.2,94.9,78.2,0.002,0.06,0.016,11.2,LOW
N6,NORMAL,0.92,1.73,0.99,0.134,-0.85,33.2,91.5,83.1,0.048,0.067,0.001,10.9,LOW
N1,WARNING,2.01,7.02,3.35,0.49,9.63,27.9,76.0,63.1,0.113,0.617,0.205,45.5,MEDIUM
N2,NORMAL,0.88,0.21,0.05,0.021,2.52,26.7,76.7,97.6,0.021,0.03,0.018,4.5,LOW
N4,NORMAL,0.57,1.48,0.08,0.146,0.96,35.0,94.2,62.4,0.04,0.025,0.008,8.4,LOW
N4,NORMAL,0.99,0.89,0.55,0.066,2.29,26.1,92.5,99.9,0.018,0.033,0.001,6.5,LOW
N2,NORMAL,0.96,0.86,0.4,0.138,4.78,36.2,71.8,60.3,0.023,0.083,0.02,12.2,LOW
N4,WARNING,2.33,5.42,1.6,0.342,27.95,33.1,88.1,66.3,0.168,0.322,0.163,41.6,MEDIUM
N4,NORMAL,0.92,1.58,0.06,0.144,0.68,28.7,89.2,65.0,0.017,0.045,0.007,8.2,LOW
N5,NORMAL,1.17,1.48,0.18,0.041,2.14,35.1,66.5,94.2,0.032,0.005,0.005,7.5,LOW
N5,SUBSIDENCE,9.09,24.07,10.24,0.816,96.89,28.9,79.9,92.4,0.514,1.945,0.961,100.0,CRITICAL
N2,SUBSIDENCE,7.5,43.11,19.26,1.899,65.0,39.1,83.3,76.0,0.935,3.117,0.608,100.0,CRITICAL
N1,WARNING,2.68,4.67,3.45,0.504,6.26,37.3,67.2,71.8,0.094,0.705,0.149,45.4,MEDIUM
N6,NORMAL,0.31,1.47,0.38,0.045,2.5,34.4,71.2,71.7,0.027,0.027,0.01,7.8,LOW
N6,NORMAL,0.48,1.92,0.85,0.08,0.08,37.9,84.8,89.3,0.044,0.1,0.013,11.6,LOW
N4,WARNING,2.09,4.88,1.43,0.649,32.93,27.7,72.7,84.5,0.206,0.341,0.055,44.6,MEDIUM
N1,NORMAL,1.14,0.31,0.0,0.116,-0.01,27.8,69.3,83.3,0.044,0.033,0.006,7.4,LOW
N2,NORMAL,0.29,1.18,0.46,0.023,-1.88,26.5,68.1,62.1,0.026,0.07,0.019,5.1,LOW
N2,NORMAL,0.58,1.63,0.84,0.129,-0.54,31.0,93.8,89.4,0.023,0.091,0.007,9.1,LOW
N5,NORMAL,0.92,0.78,0.41,0.033,2.25,31.5,69.2,61.0,0.005,0.084,0.016,5.9,LOW
N4,SUBSIDENCE,10.27,30.21,16.8,1.798,73.21,36.6,71.5,62.6,1.421,2.511,1.002,100.0,CRITICAL
N3,NORMAL,0.69,0.34,0.77,0.135,4.17,35.3,70.0,87.9,0.032,0.007,0.005,7.9,LOW
N2,WARNING,2.99,4.32,1.97,0.498,30.84,37.9,67.7,65.1,0.106,0.759,0.158,49.7,MEDIUM
N4,NORMAL,1.01,2.19,0.45,0.134,4.07,29.6,74.1,91.8,0.002,0.057,0.017,13.6,LOW
N1,NORMAL,0.47,0.21,0.96,0.115,3.74,28.4,74.6,86.4,0.041,0.007,0.003,7.0,LOW
N5,NORMAL,0.79,1.34,0.21,0.081,1.81,25.0,76.3,88.4,0.023,0.013,0.013,5.5,LOW
N6,NORMAL,0.12,1.51,0.33,0.021,-0.67,31.3,81.3,75.7,0.047,0.052,0.02,5.6,LOW
N1,SUBSIDENCE,6.14,17.31,10.18,2.336,49.4,34.6,90.7,71.5,0.637,1.805,0.812,100.0,CRITICAL
N2,WARNING,1.62,4.58,3.68,0.186,25.34,27.1,91.3,79.3,0.169,0.213,0.094,37.8,MEDIUM
N2,SUBSIDENCE,8.29,29.97,15.51,2.46,36.34,26.3,81.9,68.4,0.802,1.48,1.1,100.0,CRITICAL
N1,SUBSIDENCE,11.57,20.42,9.85,3.936,66.3,34.8,91.7,70.3,1.744,0.889,0.633,100.0,CRITICAL
N2,NORMAL,1.12,1.57,0.8,0.084,-0.51,24.1,68.3,82.9,0.046,0.093,0.01,8.5,LOW
N4,SUBSIDENCE,3.7,22.69,9.46,3.215,39.17,31.2,74.1,87.3,1.033,2.943,1.022,100.0,CRITICAL
N2,NORMAL,1.03,1.8,0.93,0.135,3.35,27.6,80.9,71.6,0.008,0.042,0.01,10.6,LOW
N5,NORMAL,0.86,1.28,0.46,0.177,0.75,31.0,83.0,67.2,0.018,0.032,0.018,11.6,LOW
N4,NORMAL,0.7,0.83,0.73,0.153,3.0,29.9,84.5,70.4,0.037,0.051,0.014,9.6,LOW
N3,NORMAL,0.18,1.15,0.46,0.061,3.09,30.1,86.2,82.7,0.004,0.022,0.015,7.8,LOW
N2,NORMAL,1.15,1.57,0.01,0.076,-1.0,27.2,90.4,72.3,0.046,0.01,0.008,9.1,LOW
N2,NORMAL,1.19,0.29,0.13,0.056,3.68,34.4,69.0,65.3,0.044,0.007,0.001,7.4,LOW
N5,WARNING,1.25,2.77,1.79,0.217,16.07,25.3,84.8,72.7,0.258,0.328,0.187,30.7,MEDIUM
N5,NORMAL,0.92,0.51,0.9,0.059,0.47,37.3,74.9,63.8,0.048,0.058,0.007,9.3,LOW
N6,NORMAL,1.2,0.82,0.85,0.046,3.12,24.4,83.1,65.8,0.026,0.098,0.011,12.0,LOW
N1,NORMAL,0.98,2.17,0.48,0.145,-0.98,24.6,87.6,63.2,0.025,0.039,0.012,10.2,LOW
N1,NORMAL,0.82,0.24,0.83,0.048,1.61,34.1,73.5,90.1,0.013,0.072,0.006,7.8,LOW
N1,WARNING,1.27,4.06,2.5,0.206,10.58,27.5,72.8,85.8,0.284,0.784,0.19,34.2,MEDIUM
N5,NORMAL,0.23,2.38,0.22,0.18,1.47,27.8,85.0,92.3,0.039,0.0,0.018,7.6,LOW
N1,SUBSIDENCE,4.9,24.37,12.89,1.827,71.13,34.4,72.0,95.9,0.776,2.135,1.087,100.0,CRITICAL
N1,WARNING,3.18,5.3,2.3,0.395,26.22,27.5,65.6,88.0,0.218,0.237,0.174,46.8,MEDIUM
N3,NORMAL,0.81,1.14,0.53,0.172,2.17,28.2,81.2,91.1,0.033,0.006,0.003,8.2,LOW
N1,NORMAL,0.45,1.02,0.26,0.061,4.64,34.1,85.0,65.4,0.032,0.016,0.014,7.0,LOW
N2,WARNING,2.14,3.09,3.45,0.553,20.22,37.6,71.0,62.4,0.136,0.229,0.044,38.3,MEDIUM
N6,WARNING,3.41,5.52,3.39,0.205,22.01,29.6,89.0,80.9,0.15,0.64,0.029,44.8,MEDIUM
N5,WARNING,2.47,3.03,1.4,0.566,25.25,36.0,68.1,78.0,0.295,0.598,0.133,43.4,MEDIUM
N4,WARNING,1.86,3.08,3.29,0.471,21.7,33.4,78.0,92.7,0.153,0.422,0.047,39.0,MEDIUM
N6,NORMAL,0.32,0.67,0.65,0.155,1.31,34.4,87.2,69.9,0.036,0.1,0.02,8.4,LOW
N3,NORMAL,1.02,1.13,0.96,0.033,1.05,32.3,87.7,85.8,0.028,0.041,0.004,8.6,LOW
N5,NORMAL,0.36,1.88,0.26,0.048,2.83,28.2,79.8,65.3,0.042,0.048,0.011,6.5,LOW
N5,SUBSIDENCE,11.62,37.61,16.02,2.607,94.41,34.6,92.9,66.1,1.042,1.91,0.45,100.0,CRITICAL
N2,WARNING,1.61,4.88,3.42,0.348,12.62,25.1,84.3,78.6,0.205,0.475,0.034,39.5,MEDIUM
N6,NORMAL,1.17,1.76,0.01,0.097,0.9,27.2,72.7,61.3,0.005,0.092,0.016,8.3,LOW
N6,NORMAL,0.43,1.54,0.42,0.175,-1.61,24.0,72.3,73.0,0.03,0.086,0.01,10.1,LOW
N1,NORMAL,1.16,2.3,0.95,0.152,0.46,27.6,81.4,67.5,0.045,0.098,0.007,12.2,LOW
N2,NORMAL,0.14,2.38,0.93,0.046,0.85,34.4,91.9,97.0,0.042,0.066,0.008,7.4,LOW
N1,WARNING,2.07,3.45,3.74,0.233,26.65,26.2,92.7,60.1,0.085,0.373,0.115,38.9,MEDIUM
N1,WARNING,3.26,7.36,1.95,0.581,12.58,29.6,85.7,96.2,0.24,0.493,0.089,47.1,MEDIUM
N5,SUBSIDENCE,4.61,29.14,8.57,3.515,40.27,37.2,87.7,90.1,1.333,1.447,0.995,100.0,CRITICAL
N6,NORMAL,0.67,2.25,0.59,0.167,1.83,26.0,91.1,87.0,0.025,0.022,0.011,10.6,LOW
N1,NORMAL,1.19,0.41,0.24,0.16,0.77,26.7,91.8,61.2,0.023,0.086,0.01,7.4,LOW
N3,WARNING,3.26,2.78,3.0,0.221,26.19,25.3,86.2,79.6,0.058,0.69,0.127,42.2,MEDIUM
N3,WARNING,1.64,2.59,2.25,0.229,7.83,25.0,94.1,95.5,0.117,0.541,0.142,28.7,MEDIUM
N6,NORMAL,0.39,0.48,0.94,0.094,0.18,34.7,87.5,81.6,0.025,0.077,0.003,8.2,LOW
N3,WARNING,3.19,3.23,2.79,0.436,17.67,27.5,73.2,88.8,0.113,0.361,0.045,40.7,MEDIUM
N5,NORMAL,0.15,1.7,0.22,0.033,0.11,37.5,93.9,77.7,0.011,0.055,0.007,6.8,LOW
N2,NORMAL,0.97,0.23,0.55,0.139,-0.48,31.1,76.4,77.6,0.003,0.016,0.009,6.9,LOW
N4,NORMAL,0.62,1.97,0.11,0.143,2.82,27.0,81.1,98.3,0.037,0.073,0.009,9.3,LOW
N1,NORMAL,0.75,0.23,0.06,0.179,-1.5,28.5,77.3,85.4,0.002,0.035,0.019,7.6,LOW
N4,NORMAL,0.13,2.26,0.52,0.095,4.03,35.4,77.1,97.4,0.048,0.042,0.003,10.4,LOW
N2,NORMAL,1.14,0.46,0.96,0.079,2.52,33.0,92.1,80.3,0.002,0.089,0.013,11.5,LOW
N2,WARNING,2.14,7.26,3.23,0.721,33.2,33.2,75.9,91.4,0.146,0.413,0.079,58.2,HIGH
N5,NORMAL,0.23,0.47,0.2,0.033,2.34,34.9,89.4,66.5,0.007,0.016,0.0,2.2,LOW
N3,NORMAL,0.91,1.2,0.24,0.119,-0.75,25.0,82.4,96.1,0.038,0.005,0.019,5.1,LOW
N3,SUBSIDENCE,3.6,26.45,10.3,2.752,51.91,34.2,71.3,73.5,0.397,3.116,0.771,100.0,CRITICAL
N2,NORMAL,0.72,1.56,0.37,0.065,-0.08,32.9,82.1,75.3,0.009,0.033,0.004,7.3,LOW
N5,NORMAL,0.46,0.75,0.54,0.167,2.8,24.9,83.7,67.5,0.037,0.083,0.007,7.3,LOW
N5,WARNING,2.51,6.57,3.35,0.352,20.37,37.8,65.2,77.5,0.205,0.674,0.195,50.2,HIGH
N6,NORMAL,0.38,0.48,0.91,0.18,-0.74,28.1,66.7,62.1,0.002,0.028,0.017,6.9,LOW
N1,NORMAL,0.57,2.34,0.29,0.088,-1.29,28.2,90.3,60.4,0.025,0.07,0.005,8.5,LOW
N3,NORMAL,0.8,1.11,0.3,0.125,3.84,30.5,81.3,86.8,0.028,0.003,0.009,9.7,LOW
N2,NORMAL,0.12,1.35,0.59,0.075,2.68,28.9,75.4,83.8,0.011,0.032,0.019,7.9,LOW
N6,SUBSIDENCE,11.75,44.37,14.43,0.754,102.55,31.1,66.0,92.8,1.155,2.154,1.286,100.0,CRITICAL
N4,WARNING,2.46,4.36,1.75,0.518,11.24,31.5,87.8,90.5,0.131,0.546,0.223,35.3,MEDIUM
N3,WARNING,2.73,3.85,3.6,0.429,6.33,26.1,85.8,95.7,0.111,0.636,0.036,41.1,MEDIUM
N1,SUBSIDENCE,8.89,16.22,4.96,2.872,38.55,32.2,71.7,94.1,1.219,1.635,1.381,100.0,CRITICAL
N5,WARNING,1.78,4.19,3.5,0.356,17.3,34.1,84.4,71.3,0.137,0.181,0.029,36.5,MEDIUM
N2,NORMAL,0.43,2.37,0.99,0.096,3.62,26.0,90.1,89.2,0.037,0.03,0.001,11.8,LOW
N3,SUBSIDENCE,9.15,12.83,15.52,3.414,99.55,35.4,84.1,65.9,0.32,3.333,0.274,100.0,CRITICAL
N4,NORMAL,0.94,0.36,0.83,0.062,2.82,30.5,69.7,83.6,0.046,0.034,0.01,8.2,LOW
N1,WARNING,2.91,7.54,3.55,0.471,26.57,30.1,90.3,83.9,0.25,0.445,0.047,54.4,HIGH
N1,SUBSIDENCE,9.66,14.85,21.36,2.144,84.02,39.1,74.6,61.5,0.328,1.271,1.228,100.0,CRITICAL
N6,NORMAL,0.5,0.24,0.19,0.14,4.56,25.9,71.6,83.1,0.004,0.056,0.005,6.6,LOW
N3,NORMAL,0.17,1.2,0.14,0.064,-0.66,29.4,74.4,75.2,0.044,0.071,0.017,4.5,LOW
N4,NORMAL,0.12,1.87,0.35,0.07,2.19,32.6,74.3,99.6,0.022,0.098,0.007,8.3,LOW
N1,NORMAL,0.59,1.66,0.13,0.137,-0.12,29.9,90.0,62.1,0.022,0.088,0.019,10.1,LOW
N2,WARNING,3.15,5.96,2.47,0.687,30.36,35.5,85.3,63.5,0.124,0.654,0.043,51.7,HIGH
N1,SUBSIDENCE,9.31,29.48,14.7,1.753,54.99,35.2,67.4,83.8,1.444,1.75,0.808,100.0,CRITICAL
N4,NORMAL,0.75,1.77,0.37,0.092,0.31,32.9,91.6,77.0,0.04,0.013,0.019,9.9,LOW
N5,NORMAL,0.47,2.27,0.1,0.039,0.1,33.9,77.5,90.3,0.048,0.063,0.011,7.7,LOW
N5,NORMAL,0.53,2.1,0.27,0.064,1.66,27.2,79.1,82.4,0.022,0.065,0.007,12.9,LOW
N6,NORMAL,0.26,1.48,0.32,0.083,-0.04,33.0,90.5,76.1,0.047,0.068,0.005,6.0,LOW
N3,NORMAL,1.01,0.56,0.82,0.106,-0.44,32.1,68.5,76.7,0.02,0.099,0.016,8.0,LOW
N4,NORMAL,0.39,0.36,0.54,0.162,2.73,34.1,85.7,98.7,0.012,0.057,0.019,11.0,LOW
N6,SUBSIDENCE,10.29,13.06,10.26,4.08,71.73,39.5,74.7,80.6,0.467,2.497,1.121,100.0,CRITICAL
N1,NORMAL,1.07,1.02,0.11,0.172,1.42,37.0,75.8,75.9,0.025,0.062,0.0,6.7,LOW
N1,NORMAL,0.29,1.07,0.8,0.148,4.55,35.3,86.4,74.7,0.02,0.071,0.01,10.6,LOW
N5,WARNING,1.97,3.89,2.73,0.729,11.0,28.9,71.7,74.1,0.074,0.184,0.2,39.0,MEDIUM
N6,NORMAL,0.81,1.46,0.74,0.074,1.16,28.2,83.4,61.7,0.005,0.007,0.009,6.7,LOW
N5,SUBSIDENCE,4.54,40.01,14.19,3.207,98.15,28.6,75.1,79.6,0.996,3.616,0.906,100.0,CRITICAL
N2,SUBSIDENCE,6.19,20.41,10.07,1.174,41.35,33.8,70.6,95.5,0.37,1.211,0.68,100.0,CRITICAL
N5,NORMAL,0.99,1.4,0.72,0.079,-1.74,32.0,74.2,79.8,0.045,0.013,0.019,5.9,LOW
N2,NORMAL,0.65,0.25,0.36,0.138,1.57,31.4,80.9,98.5,0.012,0.034,0.017,7.5,LOW
N1,NORMAL,0.45,1.3,0.81,0.141,-0.14,36.9,68.9,72.7,0.008,0.07,0.005,9.9,LOW
N6,NORMAL,0.16,1.82,0.89,0.122,4.56,36.0,89.9,92.0,0.006,0.009,0.017,7.6,LOW
N2,NORMAL,0.5,0.7,0.93,0.069,0.79,25.0,88.7,84.1,0.035,0.029,0.016,5.2,LOW
N6,WARNING,2.52,5.02,1.83,0.445,18.5,26.0,86.0,60.9,0.196,0.297,0.038,35.2,MEDIUM
N6,NORMAL,1.04,1.8,0.77,0.154,-1.14,36.4,65.7,75.3,0.041,0.05,0.018,11.0,LOW
N2,NORMAL,0.68,1.76,0.29,0.06,0.67,30.0,66.6,66.7,0.025,0.095,0.015,7.3,LOW
N3,NORMAL,0.6,2.07,0.38,0.106,4.24,28.3,85.9,98.0,0.046,0.022,0.001,9.1,LOW
N5,SUBSIDENCE,4.15,9.05,19.91,3.331,109.42,27.1,82.4,74.6,0.895,2.339,0.465,100.0,CRITICAL
N2,NORMAL,0.19,2.24,0.2,0.14,-0.02,25.4,78.4,89.4,0.041,0.012,0.015,6.7,LOW
N1,NORMAL,0.29,0.86,0.86,0.162,-1.69,37.6,81.5,78.7,0.008,0.012,0.004,4.6,LOW
N6,NORMAL,1.18,1.48,0.66,0.073,0.67,26.8,65.5,81.5,0.03,0.007,0.005,9.5,LOW
N4,SUBSIDENCE,8.27,22.21,8.84,3.0,45.1,36.0,87.8,62.4,1.078,3.642,0.455,100.0,CRITICAL
N2,NORMAL,0.12,2.44,0.19,0.152,1.93,29.7,86.0,96.2,0.013,0.013,0.01,6.3,LOW
N5,WARNING,3.05,4.01,3.64,0.655,32.87,28.3,94.8,61.5,0.165,0.638,0.156,53.9,HIGH
N6,WARNING,1.57,7.41,1.18,0.685,26.46,32.2,93.1,94.7,0.059,0.401,0.194,46.4,MEDIUM
N3,NORMAL,0.47,0.39,0.94,0.103,-1.48,30.3,84.9,88.3,0.041,0.087,0.013,4.5,LOW
N1,WARNING,3.25,7.76,2.54,0.635,33.94,26.7,66.3,66.4,0.088,0.113,0.22,53.4,HIGH
N3,NORMAL,0.52,0.7,0.31,0.176,2.93,34.4,84.8,69.1,0.036,0.009,0.015,6.5,LOW
N4,WARNING,2.17,7.15,3.01,0.598,22.62,33.4,94.9,91.2,0.162,0.631,0.036,50.2,HIGH
N2,WARNING,1.87,4.03,3.0,0.691,22.34,33.8,94.0,72.0,0.182,0.212,0.185,44.9,MEDIUM
N6,NORMAL,0.93,1.2,0.56,0.151,-0.45,25.3,77.9,83.5,0.017,0.077,0.011,9.8,LOW
N2,NORMAL,1.1,0.63,0.81,0.041,-0.3,35.0,78.9,100.0,0.012,0.088,0.004,8.1,LOW
N5,WARNING,3.13,6.57,3.61,0.541,30.31,30.1,77.8,81.1,0.115,0.168,0.162,56.2,HIGH
N2,NORMAL,0.5,1.64,0.03,0.175,4.47,37.4,92.1,91.6,0.047,0.037,0.011,8.8,LOW
N1,NORMAL,0.55,1.5,0.79,0.064,2.39,32.2,94.7,84.1,0.041,0.071,0.01,6.9,LOW
N4,NORMAL,0.96,1.87,0.7,0.135,1.18,27.4,69.6,95.5,0.024,0.047,0.001,11.7,LOW
N3,NORMAL,0.4,0.52,0.12,0.132,-1.96,37.4,93.8,77.7,0.024,0.012,0.017,4.0,LOW
N4,WARNING,2.68,5.8,2.05,0.433,6.93,30.7,81.8,92.7,0.249,0.269,0.126,38.3,MEDIUM
N6,NORMAL,0.86,1.73,0.53,0.035,0.81,27.2,68.1,76.6,0.048,0.1,0.015,8.8,LOW
N2,NORMAL,1.04,1.86,0.88,0.119,-1.09,27.4,87.0,87.4,0.006,0.005,0.011,10.7,LOW
N6,NORMAL,0.45,0.61,0.1,0.138,1.15,31.3,87.3,92.6,0.016,0.086,0.012,8.2,LOW
N3,WARNING,2.78,4.92,2.14,0.62,20.54,27.9,70.6,70.5,0.226,0.723,0.231,51.7,HIGH
N6,NORMAL,0.93,1.05,0.17,0.036,0.29,24.3,68.5,93.8,0.007,0.016,0.014,9.3,LOW
N5,WARNING,3.14,4.31,1.26,0.582,15.8,32.2,91.9,91.7,0.061,0.21,0.052,38.1,MEDIUM
N4,NORMAL,0.7,1.17,0.62,0.091,-0.28,35.8,77.9,76.1,0.034,0.087,0.007,10.4,LOW
N3,SUBSIDENCE,3.74,33.73,18.54,3.039,46.35,31.5,94.0,89.0,0.455,2.92,0.752,100.0,CRITICAL
N3,NORMAL,0.55,0.24,0.03,0.13,3.86,37.5,94.6,82.0,0.035,0.041,0.001,5.6,LOW
N3,NORMAL,0.18,1.44,0.89,0.129,3.04,36.7,80.8,91.7,0.004,0.011,0.003,11.2,LOW
N1,NORMAL,0.23,2.33,0.82,0.056,4.12,36.7,92.5,73.2,0.013,0.021,0.005,8.7,LOW
N4,SUBSIDENCE,9.5,33.0,18.52,1.773,73.26,35.2,72.6,98.3,1.302,0.897,0.721,100.0,CRITICAL
N6,SUBSIDENCE,3.76,43.45,7.9,0.918,56.94,28.3,84.3,78.3,1.479,3.584,0.511,100.0,CRITICAL
N3,NORMAL,0.97,0.26,0.61,0.137,4.95,33.0,80.7,96.0,0.034,0.023,0.002,9.7,LOW
N4,WARNING,2.87,5.3,2.21,0.41,11.79,26.9,68.8,67.6,0.054,0.502,0.069,37.4,MEDIUM
N3,WARNING,1.27,6.21,2.2,0.5,24.11,27.4,79.3,96.8,0.293,0.148,0.116,43.3,MEDIUM
N5,NORMAL,0.9,1.72,0.44,0.127,-1.77,26.8,89.2,62.2,0.029,0.055,0.007,8.2,LOW
N5,NORMAL,0.18,1.21,0.25,0.139,2.44,36.1,75.4,73.6,0.039,0.032,0.015,8.7,LOW
N5,NORMAL,1.09,0.31,0.35,0.039,-1.8,28.0,90.5,77.5,0.006,0.043,0.014,5.5,LOW
N2,NORMAL,1.17,2.39,0.77,0.169,2.95,34.5,77.7,93.5,0.045,0.024,0.007,13.9,LOW
N3,SUBSIDENCE,10.96,19.09,18.82,1.282,60.06,33.6,71.2,91.8,1.077,1.638,0.974,100.0,CRITICAL
N2,SUBSIDENCE,8.87,19.76,8.18,3.782,97.68,34.1,68.0,83.5,0.645,0.932,1.256,100.0,CRITICAL
N4,WARNING,2.24,6.76,1.63,0.438,9.69,33.7,77.7,96.9,0.289,0.645,0.189,41.8,MEDIUM
N2,NORMAL,0.18,2.05,0.22,0.072,1.64,29.6,93.4,69.9,0.039,0.084,0.012,12.1,LOW
N4,NORMAL,0.98,1.61,0.38,0.02,1.13,28.9,83.4,93.5,0.014,0.01,0.002,9.2,LOW
N4,WARNING,1.62,4.84,2.18,0.473,29.29,32.5,78.1,92.9,0.188,0.693,0.139,46.8,MEDIUM
N4,SUBSIDENCE,11.35,31.65,18.77,0.954,102.96,39.0,90.6,96.5,0.583,1.749,0.317,100.0,CRITICAL
N6,SUBSIDENCE,10.7,25.74,20.63,4.095,72.69,37.7,90.9,97.4,0.563,3.237,1.469,100.0,CRITICAL
N2,WARNING,3.26,6.77,3.15,0.331,23.64,25.8,65.1,87.1,0.18,0.703,0.133,52.7,HIGH
N6,WARNING,2.46,4.32,1.51,0.446,8.01,30.5,72.7,94.0,0.134,0.365,0.127,33.0,MEDIUM
N3,NORMAL,0.49,0.73,0.18,0.072,-1.53,31.4,87.9,61.6,0.002,0.061,0.012,7.5,LOW
N2,NORMAL,1.13,0.42,0.67,0.041,4.16,24.1,88.3,86.0,0.026,0.008,0.012,6.9,LOW
N3,SUBSIDENCE,5.31,21.87,4.14,3.143,59.2,39.4,84.0,69.7,1.157,4.34,0.624,100.0,CRITICAL
N3,WARNING,2.2,6.57,2.34,0.219,10.06,26.3,90.1,98.4,0.248,0.554,0.151,39.6,MEDIUM
N4,NORMAL,0.14,0.38,0.88,0.15,2.33,34.2,84.4,99.4,0.047,0.065,0.004,9.8,LOW
N2,NORMAL,0.34,1.58,0.78,0.074,0.66,36.4,71.3,99.3,0.044,0.04,0.012,7.3,LOW
N3,WARNING,2.81,5.23,2.29,0.724,11.17,30.6,94.7,95.6,0.128,0.315,0.086,41.1,MEDIUM
N5,NORMAL,0.46,1.17,0.67,0.023,3.74,30.5,65.4,76.0,0.044,0.086,0.008,7.2,LOW
N3,NORMAL,0.61,2.29,0.89,0.175,4.2,27.8,82.3,88.0,0.0,0.064,0.001,11.6,LOW
N5,NORMAL,0.82,0.31,0.1,0.041,-1.36,29.7,85.8,68.0,0.009,0.069,0.017,4.6,LOW
N2,WARNING,3.44,4.42,3.54,0.719,30.94,24.1,66.6,96.6,0.067,0.555,0.048,53.7,HIGH
N6,WARNING,3.29,3.74,2.64,0.724,19.9,30.7,88.5,77.3,0.148,0.438,0.202,47.5,MEDIUM
N2,NORMAL,0.38,0.95,0.08,0.1,-0.96,37.4,90.5,98.1,0.041,0.042,0.015,4.8,LOW
N6,WARNING,2.51,3.41,3.81,0.675,30.93,34.5,67.7,70.4,0.223,0.537,0.023,49.6,MEDIUM
N6,NORMAL,0.71,1.24,0.02,0.152,4.15,25.7,87.1,65.1,0.034,0.054,0.019,10.4,LOW
N2,NORMAL,0.52,1.55,0.74,0.021,-0.18,28.3,81.2,67.6,0.027,0.053,0.013,7.0,LOW
N3,WARNING,1.63,5.67,3.06,0.249,8.68,29.6,70.4,60.1,0.191,0.289,0.11,34.0,MEDIUM
N1,WARNING,3.16,6.43,3.07,0.492,26.03,32.0,78.3,82.3,0.284,0.566,0.081,54.2,HIGH
N3,WARNING,2.39,7.22,2.96,0.288,6.89,29.2,76.3,99.2,0.156,0.111,0.093,38.2,MEDIUM
N3,WARNING,1.9,3.96,1.39,0.471,9.61,35.6,66.3,76.8,0.204,0.209,0.153,31.5,MEDIUM
N4,NORMAL,0.61,2.02,0.47,0.111,3.54,34.2,91.1,98.8,0.028,0.036,0.002,9.1,LOW
N4,NORMAL,1.12,2.03,0.64,0.145,1.02,34.6,78.6,68.5,0.03,0.035,0.007,12.1,LOW
N3,NORMAL,0.32,2.18,0.68,0.107,0.81,35.1,76.6,75.3,0.022,0.006,0.009,6.0,LOW
N5,NORMAL,0.12,1.25,0.03,0.111,1.55,31.2,86.0,63.8,0.042,0.058,0.006,5.8,LOW
N6,NORMAL,0.78,2.31,0.3,0.12,3.75,28.3,85.0,88.2,0.026,0.072,0.006,10.7,LOW
N4,SUBSIDENCE,11.46,16.32,12.43,1.614,41.01,29.7,75.8,99.6,0.905,2.184,0.588,100.0,CRITICAL
N3,NORMAL,0.96,0.36,0.87,0.121,4.23,27.8,92.5,93.1,0.017,0.046,0.018,10.6,LOW
N1,SUBSIDENCE,11.83,20.0,8.24,1.891,106.6,31.0,70.8,81.5,0.8,2.891,0.755,100.0,CRITICAL
N5,WARNING,3.15,2.77,3.67,0.559,23.5,35.2,74.2,78.8,0.206,0.307,0.115,45.0,MEDIUM
N2,WARNING,1.25,6.53,2.25,0.479,8.44,32.1,88.6,71.8,0.298,0.312,0.166,40.7,MEDIUM
N3,NORMAL,0.93,1.08,0.41,0.128,3.49,36.6,68.9,86.4,0.033,0.09,0.006,10.6,LOW
N3,NORMAL,0.7,1.34,0.31,0.101,-0.87,25.3,69.8,63.4,0.018,0.01,0.011,4.6,LOW
N6,NORMAL,0.52,2.14,0.91,0.032,2.44,27.3,79.7,75.6,0.034,0.053,0.013,8.0,LOW
N5,NORMAL,0.2,1.64,0.5,0.064,1.32,30.5,82.3,75.4,0.039,0.08,0.013,7.2,LOW
N4,WARNING,1.49,4.62,2.59,0.521,33.07,25.4,87.1,88.2,0.244,0.206,0.06,42.7,MEDIUM
N4,NORMAL,1.18,1.4,0.83,0.112,4.12,34.1,77.6,63.9,0.036,0.064,0.011,14.7,LOW
N4,NORMAL,0.14,1.3,0.6,0.033,0.01,25.3,69.9,67.0,0.016,0.056,0.006,6.3,LOW
N2,WARNING,3.14,4.06,3.14,0.504,34.31,27.4,85.5,63.4,0.118,0.211,0.032,47.6,MEDIUM
N5,NORMAL,0.37,2.17,0.58,0.031,-1.67,35.8,92.7,80.2,0.003,0.094,0.017,5.9,LOW
N5,SUBSIDENCE,5.6,22.85,16.94,3.772,67.63,37.6,69.8,79.4,1.103,4.248,0.384,100.0,CRITICAL
N4,SUBSIDENCE,5.36,30.31,14.05,2.061,99.75,37.9,70.0,68.9,1.29,3.468,0.438,100.0,CRITICAL
N4,SUBSIDENCE,4.59,24.29,19.98,1.621,63.03,28.5,86.5,69.1,1.569,3.086,1.19,100.0,CRITICAL
N6,NORMAL,1.19,1.49,0.7,0.039,-0.25,34.3,68.3,90.1,0.007,0.039,0.006,7.1,LOW
N1,NORMAL,0.15,0.66,0.79,0.139,1.33,28.4,84.2,77.5,0.002,0.061,0.008,6.1,LOW
N1,SUBSIDENCE,4.29,41.89,18.01,0.945,74.38,27.9,65.6,61.3,0.425,3.898,1.016,100.0,CRITICAL
N3,NORMAL,0.66,1.89,0.12,0.055,0.29,33.6,93.9,97.2,0.011,0.039,0.011,6.6,LOW
N3,SUBSIDENCE,8.35,35.16,21.12,1.038,35.42,30.6,81.4,80.7,0.345,2.884,1.204,100.0,CRITICAL
N5,SUBSIDENCE,4.31,19.9,4.35,1.132,95.89,36.6,85.1,86.8,1.544,3.767,1.159,100.0,CRITICAL
N5,SUBSIDENCE,9.17,27.02,10.54,3.269,57.4,39.1,72.8,72.4,1.114,2.403,0.596,100.0,CRITICAL
N2,NORMAL,0.28,2.09,0.59,0.118,3.74,34.3,83.4,68.3,0.017,0.019,0.004,9.7,LOW
N2,NORMAL,0.26,0.48,0.63,0.02,-1.87,30.0,85.7,80.8,0.019,0.069,0.014,5.3,LOW
N1,SUBSIDENCE,11.8,14.01,14.81,2.445,49.58,30.7,72.3,77.2,1.425,1.819,0.727,100.0,CRITICAL
N3,NORMAL,0.62,1.91,0.77,0.045,2.15,34.5,83.3,64.0,0.045,0.011,0.009,8.5,LOW
N1,NORMAL,0.54,1.37,1.0,0.049,4.88,32.6,71.4,71.7,0.019,0.02,0.008,7.9,LOW
N1,NORMAL,1.04,2.5,0.32,0.044,3.55,25.1,83.8,77.0,0.03,0.01,0.019,12.3,LOW
N3,SUBSIDENCE,8.23,15.89,16.39,4.061,69.38,39.1,88.6,81.7,1.084,1.687,1.365,100.0,CRITICAL
N2,WARNING,3.4,3.35,2.44,0.486,19.76,28.9,75.2,82.6,0.251,0.569,0.049,44.7,MEDIUM
N6,NORMAL,0.42,0.47,0.65,0.156,4.52,35.9,77.0,89.2,0.049,0.078,0.003,9.9,LOW
N6,NORMAL,0.68,2.11,0.43,0.03,1.9,31.7,92.2,85.0,0.009,0.097,0.011,9.2,LOW
N6,WARNING,1.9,4.13,2.5,0.674,28.84,25.1,87.5,65.6,0.291,0.15,0.082,43.7,MEDIUM
N3,SUBSIDENCE,4.35,28.78,11.41,3.217,71.53,31.0,75.0,73.5,0.938,2.374,1.34,100.0,CRITICAL
N4,NORMAL,0.32,2.18,0.15,0.165,-0.02,33.4,74.8,83.0,0.045,0.079,0.012,8.7,LOW
N4,NORMAL,0.42,1.13,0.76,0.059,3.87,33.5,84.4,88.5,0.019,0.053,0.019,9.4,LOW
N4,SUBSIDENCE,11.3,17.2,15.04,2.131,35.89,37.8,88.7,82.1,0.488,2.002,0.956,100.0,CRITICAL
N5,WARNING,1.37,4.07,2.1,0.534,6.95,35.2,85.5,68.3,0.183,0.731,0.182,39.5,MEDIUM
N2,WARNING,1.45,7.06,3.09,0.508,10.68,28.4,78.3,64.8,0.201,0.122,0.047,38.1,MEDIUM
N2,WARNING,1.48,6.49,2.71,0.484,18.57,33.1,69.1,83.6,0.294,0.135,0.062,40.8,MEDIUM
N5,NORMAL,0.72,2.43,0.88,0.171,-1.2,34.1,69.8,85.3,0.043,0.013,0.013,12.0,LOW
N1,NORMAL,0.16,0.87,0.92,0.047,-1.54,29.0,92.0,64.7,0.022,0.085,0.002,3.5,LOW
N6,WARNING,1.91,6.78,2.63,0.654,8.35,24.5,94.7,79.3,0.28,0.754,0.056,45.2,MEDIUM
N4,WARNING,2.52,5.89,3.37,0.643,10.82,32.6,94.8,89.4,0.109,0.714,0.208,48.3,MEDIUM
N6,SUBSIDENCE,5.33,39.33,11.47,0.875,59.11,29.0,81.9,92.5,1.445,4.353,0.595,100.0,CRITICAL
N4,SUBSIDENCE,9.85,28.72,15.37,1.585,67.44,35.0,72.8,79.0,0.683,4.072,0.391,100.0,CRITICAL
N6,NORMAL,0.43,0.94,0.26,0.14,0.56,31.6,94.3,74.7,0.036,0.046,0.011,6.8,LOW
N1,NORMAL,0.33,2.3,0.17,0.154,-0.95,31.9,74.9,65.6,0.033,0.015,0.018,7.3,LOW
N6,WARNING,2.05,6.38,2.15,0.32,22.32,33.9,94.2,69.3,0.154,0.216,0.055,39.8,MEDIUM
N6,WARNING,2.98,2.98,2.14,0.469,13.06,25.4,73.2,99.2,0.182,0.718,0.237,42.5,MEDIUM
N3,WARNING,1.82,6.31,1.76,0.383,10.74,35.5,75.7,64.0,0.264,0.718,0.088,39.4,MEDIUM
N6,WARNING,2.94,5.78,1.82,0.324,34.27,34.6,71.4,99.1,0.266,0.667,0.049,50.2,HIGH
N3,SUBSIDENCE,3.94,21.03,11.72,3.594,92.47,25.8,89.1,97.9,0.862,2.893,1.294,100.0,CRITICAL
N2,NORMAL,0.14,0.3,0.34,0.034,1.35,33.2,85.5,97.3,0.036,0.057,0.004,3.0,LOW
N5,NORMAL,0.26,1.79,0.91,0.1,0.53,36.9,90.4,75.1,0.009,0.087,0.008,8.3,LOW
N6,NORMAL,0.73,0.26,0.26,0.134,2.75,30.5,79.2,73.6,0.018,0.081,0.005,8.2,LOW
N2,NORMAL,1.15,1.8,0.54,0.102,-0.88,35.4,74.0,77.4,0.019,0.067,0.018,11.5,LOW
N3,NORMAL,0.19,0.43,0.47,0.105,-0.15,34.6,71.2,81.8,0.032,0.07,0.006,3.5,LOW
N6,NORMAL,0.98,1.44,0.91,0.029,2.12,34.2,88.7,71.6,0.028,0.066,0.017,11.3,LOW
N6,NORMAL,0.53,1.64,0.55,0.174,-0.69,37.0,75.1,62.7,0.018,0.057,0.017,9.7,LOW
N1,NORMAL,0.56,1.11,0.99,0.089,0.14,25.1,74.5,98.7,0.018,0.04,0.016,7.4,LOW
N2,NORMAL,0.27,1.91,0.36,0.113,-1.3,31.6,71.6,86.0,0.015,0.05,0.005,8.9,LOW
N4,NORMAL,1.09,0.4,0.22,0.155,2.42,26.8,93.2,90.5,0.004,0.049,0.004,10.2,LOW
N4,NORMAL,0.87,0.75,0.12,0.159,-1.96,27.5,74.3,94.0,0.019,0.028,0.011,5.9,LOW
N1,WARNING,2.59,3.3,3.18,0.298,17.99,34.3,93.1,81.2,0.212,0.29,0.108,38.1,MEDIUM
N3,NORMAL,0.11,0.98,0.4,0.074,1.05,31.1,74.5,99.6,0.032,0.012,0.005,4.5,LOW
N4,NORMAL,0.57,2.2,0.9,0.154,-1.67,29.8,70.8,67.4,0.047,0.013,0.001,10.2,LOW
N4,NORMAL,0.42,0.77,0.68,0.05,1.8,37.6,69.1,76.7,0.049,0.043,0.013,4.6,LOW
N5,WARNING,3.16,7.63,2.8,0.262,32.04,30.3,88.7,92.1,0.094,0.347,0.106,48.9,MEDIUM
N2,NORMAL,0.89,0.25,0.56,0.14,1.11,24.9,84.6,96.5,0.047,0.082,0.013,8.7,LOW
N3,WARNING,2.07,7.11,1.94,0.505,24.45,27.7,86.1,67.1,0.219,0.718,0.074,49.8,MEDIUM
N6,NORMAL,0.61,0.25,0.14,0.129,3.23,30.1,68.8,77.5,0.006,0.023,0.002,4.7,LOW
N2,NORMAL,0.91,1.77,0.28,0.128,4.49,27.4,84.5,93.3,0.017,0.033,0.011,8.7,LOW
N3,NORMAL,0.61,1.76,0.65,0.026,-0.72,36.9,74.2,69.9,0.045,0.094,0.016,8.2,LOW
N4,NORMAL,0.52,0.33,0.81,0.177,3.77,29.1,85.0,77.9,0.028,0.03,0.004,7.7,LOW
N5,WARNING,3.35,7.2,1.31,0.255,25.29,27.2,79.4,76.2,0.108,0.654,0.156,47.1,MEDIUM
N2,WARNING,3.21,2.68,3.69,0.552,27.13,31.5,88.6,82.2,0.051,0.54,0.155,48.4,MEDIUM
N4,SUBSIDENCE,10.79,16.61,18.51,1.369,95.98,34.7,67.4,79.8,1.711,2.042,0.912,100.0,CRITICAL
N3,NORMAL,0.5,2.21,0.88,0.132,2.59,31.8,93.1,89.0,0.037,0.037,0.008,11.2,LOW
N2,NORMAL,0.71,1.97,0.37,0.137,0.87,30.4,82.0,87.8,0.014,0.061,0.014,11.4,LOW
N6,WARNING,2.97,7.43,2.06,0.722,24.12,25.0,86.8,80.4,0.247,0.59,0.067,52.5,HIGH
N2,NORMAL,0.87,1.3,0.31,0.066,3.11,34.8,69.3,68.2,0.014,0.071,0.008,8.9,LOW
N4,NORMAL,0.85,1.49,0.2,0.164,-0.07,30.9,73.9,90.8,0.021,0.02,0.008,7.5,LOW
N2,NORMAL,0.53,1.88,0.21,0.08,-1.94,30.4,89.0,85.9,0.038,0.063,0.016,6.3,LOW
N6,NORMAL,0.1,0.78,0.49,0.119,-1.54,28.1,82.8,61.1,0.035,0.054,0.011,4.3,LOW
N5,SUBSIDENCE,4.05,35.15,9.79,1.947,50.63,32.9,79.0,100.0,0.968,0.992,0.625,100.0,CRITICAL
N5,WARNING,2.09,4.63,2.51,0.288,31.29,24.5,94.5,94.6,0.193,0.234,0.202,44.0,MEDIUM
N4,WARNING,2.53,3.11,1.65,0.339,12.23,33.3,85.7,94.9,0.174,0.761,0.122,37.5,MEDIUM
N3,NORMAL,0.14,1.13,0.78,0.15,4.49,24.5,84.4,82.2,0.035,0.025,0.01,6.2,LOW
N4,NORMAL,0.83,2.34,0.69,0.071,-0.61,26.9,80.3,65.0,0.043,0.019,0.003,9.1,LOW
N5,NORMAL,1.13,2.42,0.97,0.026,4.62,33.8,68.7,95.0,0.05,0.094,0.013,13.3,LOW
N1,NORMAL,0.17,0.93,0.99,0.088,-1.08,36.1,76.7,75.3,0.048,0.098,0.004,9.1,LOW
N1,NORMAL,0.39,0.3,0.27,0.029,4.47,25.8,93.2,96.0,0.033,0.089,0.014,3.2,LOW
N2,WARNING,2.0,3.11,3.11,0.595,31.9,32.7,66.0,75.9,0.063,0.199,0.158,44.2,MEDIUM
N6,WARNING,2.54,6.56,1.95,0.456,29.42,37.2,76.9,88.7,0.288,0.261,0.078,45.6,MEDIUM
N2,NORMAL,0.77,0.86,0.65,0.125,2.15,32.9,91.6,76.9,0.005,0.1,0.008,10.5,LOW
N1,SUBSIDENCE,10.08,43.96,10.46,2.148,102.92,37.0,94.2,62.3,0.539,0.906,1.386,100.0,CRITICAL
N5,WARNING,1.56,3.08,3.05,0.525,15.78,25.6,92.3,68.0,0.064,0.548,0.151,36.7,MEDIUM
N2,NORMAL,0.92,2.24,0.58,0.059,0.16,37.9,95.0,81.3,0.044,0.03,0.015,9.3,LOW
N4,WARNING,3.1,7.95,2.12,0.324,8.43,36.2,88.7,86.9,0.085,0.697,0.155,44.2,MEDIUM
N6,NORMAL,0.77,0.31,0.87,0.087,1.92,31.6,82.3,88.2,0.001,0.094,0.018,6.1,LOW
N4,NORMAL,0.39,0.71,0.67,0.037,1.18,29.0,75.1,80.0,0.025,0.038,0.004,7.4,LOW
N6,NORMAL,0.84,2.43,0.14,0.16,-0.01,34.1,76.5,72.8,0.03,0.055,0.011,8.7,LOW
N5,WARNING,3.16,3.71,1.54,0.189,11.32,25.0,87.3,90.3,0.18,0.477,0.079,33.7,MEDIUM
N2,NORMAL,1.2,2.27,0.93,0.148,2.31,36.4,79.5,87.9,0.006,0.062,0.001,12.8,LOW
N6,NORMAL,0.16,1.43,0.3,0.066,0.73,36.1,78.5,74.5,0.0,0.047,0.01,3.9,LOW
N4,NORMAL,1.19,1.51,0.47,0.099,3.66,25.0,91.0,77.2,0.017,0.039,0.015,10.1,LOW
N2,NORMAL,0.74,1.94,0.27,0.162,4.85,36.5,74.3,72.5,0.025,0.094,0.0,12.2,LOW
N2,SUBSIDENCE,5.44,19.73,7.84,3.875,102.43,31.1,70.1,80.4,0.453,1.329,1.328,100.0,CRITICAL
N4,WARNING,2.16,3.71,3.16,0.54,7.99,26.9,69.1,77.0,0.281,0.491,0.078,39.4,MEDIUM
N1,NORMAL,0.25,1.16,0.15,0.125,3.5,32.9,75.9,78.0,0.027,0.068,0.019,9.6,LOW
N6,NORMAL,1.05,0.5,0.33,0.112,2.73,37.4,67.3,63.8,0.038,0.032,0.003,7.2,LOW
N4,NORMAL,0.64,2.08,0.77,0.17,-1.01,30.8,65.8,88.3,0.019,0.028,0.017,10.3,LOW
N5,NORMAL,0.53,1.42,0.89,0.061,-0.32,33.8,71.2,97.0,0.013,0.034,0.002,8.7,LOW
N3,NORMAL,0.34,0.79,0.3,0.143,0.99,34.6,66.6,93.5,0.041,0.078,0.019,7.0,LOW
N4,NORMAL,1.13,2.49,0.13,0.118,-0.6,32.3,90.5,60.4,0.013,0.075,0.02,7.5,LOW
N2,NORMAL,0.14,1.57,0.39,0.162,0.11,36.7,78.9,77.0,0.022,0.053,0.005,7.7,LOW
N2,WARNING,3.15,4.22,3.45,0.25,10.48,32.9,93.3,68.5,0.288,0.69,0.109,42.5,MEDIUM
N4,WARNING,1.34,5.46,1.43,0.287,31.75,31.8,85.2,77.3,0.052,0.672,0.139,40.2,MEDIUM
N3,NORMAL,0.23,0.44,0.75,0.055,-1.8,24.4,86.8,93.2,0.049,0.098,0.008,4.9,LOW
N4,NORMAL,0.24,0.51,0.82,0.168,3.54,26.2,71.3,71.3,0.01,0.041,0.012,7.6,LOW
N3,WARNING,2.37,5.31,3.44,0.609,32.41,31.0,65.4,96.2,0.258,0.278,0.096,55.0,HIGH
N3,NORMAL,0.15,0.94,0.57,0.103,2.58,36.7,72.9,71.2,0.026,0.023,0.004,6.1,LOW
N5,SUBSIDENCE,7.01,13.16,13.13,3.044,93.95,26.0,65.5,77.6,1.367,1.346,0.82,100.0,CRITICAL
N6,WARNING,1.78,6.26,3.17,0.69,27.82,29.4,69.8,63.9,0.062,0.36,0.083,48.9,MEDIUM
N2,NORMAL,0.67,1.86,0.7,0.092,1.66,33.9,82.5,67.9,0.026,0.069,0.001,7.9,LOW
N2,NORMAL,0.15,0.45,0.52,0.141,0.34,25.5,75.3,89.8,0.019,0.093,0.004,5.4,LOW
N3,WARNING,2.64,4.79,3.89,0.599,6.86,26.9,85.9,72.4,0.236,0.117,0.17,43.3,MEDIUM
N2,NORMAL,1.06,0.97,0.62,0.066,4.42,29.0,84.6,89.7,0.039,0.024,0.019,10.3,LOW
N1,NORMAL,0.13,2.41,0.34,0.05,3.95,34.0,67.2,96.7,0.035,0.009,0.002,7.2,LOW
N3,SUBSIDENCE,9.8,20.41,10.53,2.497,62.07,31.7,71.7,86.1,1.475,4.407,0.981,100.0,CRITICAL
N2,NORMAL,0.85,1.78,0.03,0.164,0.37,29.5,83.3,61.6,0.037,0.076,0.013,10.2,LOW
N1,NORMAL,0.94,0.43,0.4,0.037,3.86,35.8,69.0,86.4,0.028,0.069,0.014,9.1,LOW
N5,WARNING,2.52,2.67,1.6,0.333,7.18,27.0,73.6,96.4,0.139,0.119,0.147,26.9,MEDIUM
N2,NORMAL,0.65,0.82,0.6,0.052,-1.48,35.2,94.4,97.3,0.001,0.095,0.014,7.9,LOW
N1,NORMAL,0.91,1.8,0.34,0.037,2.02,33.7,82.2,67.1,0.029,0.095,0.009,9.0,LOW
N4,SUBSIDENCE,8.53,27.98,12.89,2.521,47.3,32.3,67.3,67.6,0.995,3.041,0.862,100.0,CRITICAL
N6,NORMAL,0.45,1.16,0.59,0.158,-0.89,31.7,90.0,92.1,0.001,0.045,0.009,7.3,LOW
N4,SUBSIDENCE,4.35,42.56,5.99,2.939,85.43,33.2,71.0,60.8,1.32,1.782,0.663,100.0,CRITICAL
N1,SUBSIDENCE,8.28,25.22,15.82,1.256,98.07,33.2,91.9,72.0,0.519,4.098,0.812,100.0,CRITICAL
N3,NORMAL,0.3,1.23,0.24,0.104,-0.07,35.3,74.9,72.8,0.043,0.061,0.0,6.5,LOW
N3,NORMAL,0.52,1.65,0.44,0.121,-0.97,34.1,82.3,64.4,0.049,0.073,0.005,6.5,LOW
N2,NORMAL,0.3,0.3,0.81,0.108,0.22,33.8,94.1,77.4,0.006,0.048,0.011,4.0,LOW
N4,NORMAL,0.55,1.05,0.83,0.045,0.41,33.0,70.6,72.1,0.036,0.002,0.006,3.8,LOW
N3,NORMAL,0.63,1.17,0.11,0.17,-1.69,26.5,69.2,65.0,0.037,0.007,0.009,6.0,LOW
N3,WARNING,2.24,5.34,1.4,0.738,12.73,34.6,80.6,71.4,0.165,0.251,0.134,38.9,MEDIUM
N4,NORMAL,0.37,1.95,0.12,0.079,-0.94,34.2,81.8,69.0,0.013,0.015,0.018,5.4,LOW
N5,NORMAL,0.66,1.4,0.59,0.03,4.81,27.5,68.1,90.8,0.023,0.093,0.0,8.1,LOW
N3,WARNING,1.94,7.12,3.5,0.561,24.97,33.6,91.9,73.3,0.225,0.572,0.109,53.9,HIGH
N6,NORMAL,1.14,0.23,0.35,0.041,-1.11,37.7,71.5,65.6,0.041,0.092,0.016,5.5,LOW
N1,WARNING,2.4,7.06,1.12,0.747,23.07,34.5,88.8,69.3,0.295,0.356,0.125,50.2,HIGH
N2,NORMAL,1.12,2.2,0.02,0.041,1.47,33.0,83.5,69.3,0.023,0.071,0.002,8.4,LOW
N3,NORMAL,0.7,0.71,0.15,0.112,4.84,27.7,77.1,88.1,0.012,0.036,0.005,6.5,LOW
N6,WARNING,1.29,7.76,1.14,0.682,31.83,32.8,90.7,82.0,0.181,0.196,0.15,45.0,MEDIUM
N6,WARNING,2.14,7.11,3.94,0.548,31.23,33.9,74.6,83.0,0.2,0.583,0.178,56.2,HIGH
N3,SUBSIDENCE,8.55,19.66,10.3,3.38,78.7,32.0,71.3,97.9,0.524,3.899,1.354,100.0,CRITICAL
N5,WARNING,3.23,3.84,1.29,0.431,25.29,36.5,77.9,81.4,0.094,0.459,0.118,38.4,MEDIUM
N1,WARNING,3.4,4.15,1.87,0.636,13.33,36.6,81.2,88.8,0.258,0.167,0.046,43.0,MEDIUM
N2,NORMAL,0.35,0.58,0.83,0.077,1.19,35.5,86.0,87.7,0.001,0.039,0.015,7.0,LOW
N3,NORMAL,0.66,1.44,0.74,0.06,-0.38,32.0,87.1,81.5,0.047,0.003,0.003,7.5,LOW
N2,WARNING,2.02,7.88,3.11,0.654,6.21,25.0,71.8,81.3,0.109,0.362,0.062,42.0,MEDIUM
N4,WARNING,2.8,6.76,1.13,0.424,8.67,36.5,89.2,85.5,0.158,0.404,0.135,40.4,MEDIUM
N6,SUBSIDENCE,11.03,33.1,18.74,2.695,74.39,38.6,86.4,61.5,1.386,0.873,1.113,100.0,CRITICAL
N6,NORMAL,0.52,2.06,0.96,0.079,3.89,28.5,82.8,81.6,0.043,0.012,0.017,11.4,LOW
N3,NORMAL,0.83,1.9,0.44,0.162,3.67,30.9,92.0,67.6,0.039,0.046,0.001,9.9,LOW
N3,WARNING,3.46,6.94,3.13,0.566,22.61,33.7,88.1,91.7,0.23,0.395,0.214,56.5,HIGH
N4,NORMAL,0.2,0.33,0.8,0.062,2.07,35.6,83.2,81.0,0.022,0.002,0.001,4.1,LOW
N5,SUBSIDENCE,11.53,14.41,8.64,3.361,93.14,25.7,70.2,92.8,0.907,4.319,1.423,100.0,CRITICAL
N3,SUBSIDENCE,6.35,11.53,18.13,2.318,71.93,28.4,75.2,83.9,0.58,3.245,0.939,100.0,CRITICAL
N6,NORMAL,1.12,2.32,0.29,0.138,3.43,34.7,68.2,64.7,0.04,0.057,0.0,10.8,LOW
N2,WARNING,2.59,7.91,1.73,0.548,14.11,27.7,78.0,64.9,0.275,0.515,0.068,44.2,MEDIUM
N1,WARNING,1.38,6.24,2.22,0.594,8.3,31.6,67.5,93.1,0.202,0.41,0.033,39.3,MEDIUM
N2,NORMAL,0.8,1.48,0.13,0.066,1.45,28.8,79.5,67.4,0.032,0.018,0.0,8.0,LOW
N5,SUBSIDENCE,7.68,20.52,12.19,1.949,82.14,30.5,76.7,92.2,0.364,1.432,0.791,100.0,CRITICAL
N1,NORMAL,1.07,0.77,0.84,0.093,-0.08,26.4,69.3,80.1,0.049,0.082,0.02,9.1,LOW
N2,WARNING,2.67,3.44,3.58,0.483,17.33,38.0,75.9,62.5,0.201,0.544,0.03,42.0,MEDIUM
N2,NORMAL,1.04,2.48,0.82,0.156,2.38,33.4,66.5,81.8,0.046,0.004,0.015,12.0,LOW
N4,SUBSIDENCE,7.88,33.59,5.4,3.528,45.46,30.8,66.4,86.9,0.928,4.061,0.951,100.0,CRITICAL
N5,NORMAL,1.19,2.3,0.72,0.037,-0.32,27.4,83.5,72.7,0.009,0.036,0.005,8.7,LOW
N6,NORMAL,0.84,2.38,0.64,0.14,3.26,27.9,85.7,96.3,0.017,0.001,0.001,11.5,LOW
N4,SUBSIDENCE,11.65,8.96,21.82,1.863,98.22,37.5,71.6,66.2,0.57,1.033,0.723,100.0,CRITICAL
N1,NORMAL,1.1,2.36,0.01,0.136,0.16,31.2,82.5,78.6,0.019,0.047,0.009,10.2,LOW
N6,NORMAL,0.87,1.85,0.44,0.043,2.48,27.2,84.4,73.4,0.039,0.064,0.012,7.5,LOW
N4,SUBSIDENCE,11.32,32.19,9.01,2.382,98.49,36.1,70.2,82.6,0.803,2.744,1.1,100.0,CRITICAL
N5,SUBSIDENCE,11.25,43.83,15.81,4.144,77.81,31.1,78.8,93.9,0.964,2.841,0.395,100.0,CRITICAL
N3,NORMAL,0.93,1.58,0.35,0.05,0.43,29.4,88.0,95.4,0.034,0.026,0.009,10.2,LOW
N3,WARNING,2.81,4.38,2.3,0.262,10.04,26.8,68.4,85.6,0.091,0.191,0.061,32.4,MEDIUM
N1,NORMAL,1.19,2.22,0.05,0.088,4.02,37.0,91.3,87.1,0.007,0.085,0.012,10.3,LOW
N3,NORMAL,0.82,0.69,0.12,0.086,-0.69,24.2,73.8,77.0,0.005,0.03,0.017,6.7,LOW
N4,NORMAL,0.66,0.62,0.96,0.113,1.65,27.1,75.5,60.8,0.0,0.049,0.017,7.9,LOW
N1,WARNING,3.45,2.87,3.69,0.358,22.63,28.6,66.7,93.3,0.22,0.199,0.122,42.1,MEDIUM
N6,WARNING,1.3,6.09,1.94,0.29,25.01,27.4,90.9,72.6,0.194,0.321,0.138,39.2,MEDIUM
N5,WARNING,1.76,6.64,1.05,0.333,16.26,30.9,84.2,76.6,0.271,0.765,0.185,39.5,MEDIUM
N1,WARNING,1.89,7.73,1.35,0.377,31.97,31.2,79.5,77.7,0.231,0.12,0.025,42.0,MEDIUM
N6,NORMAL,0.43,2.47,0.27,0.098,0.83,36.0,71.0,95.0,0.009,0.02,0.018,8.2,LOW
N1,NORMAL,0.33,1.64,0.08,0.161,-1.64,29.7,66.3,87.3,0.028,0.078,0.002,5.7,LOW
N2,NORMAL,0.44,1.49,0.93,0.069,-1.66,26.2,76.8,93.8,0.034,0.079,0.019,9.1,LOW
N2,NORMAL,0.99,1.64,0.27,0.065,-1.13,32.2,76.1,74.1,0.046,0.017,0.011,8.9,LOW
N1,NORMAL,0.84,1.09,0.26,0.084,3.65,31.5,83.7,99.5,0.048,0.064,0.016,9.9,LOW
N3,SUBSIDENCE,7.23,10.45,21.23,3.486,64.87,34.0,73.2,87.9,1.774,2.078,0.715,100.0,CRITICAL
N2,NORMAL,0.27,0.45,0.53,0.109,-1.25,28.4,89.0,80.9,0.048,0.057,0.003,5.1,LOW
N5,NORMAL,0.31,0.44,0.43,0.074,2.59,36.9,92.1,98.1,0.046,0.025,0.017,4.6,LOW
N6,NORMAL,1.03,1.57,0.41,0.099,4.11,35.6,87.8,79.9,0.015,0.016,0.003,8.7,LOW
N4,WARNING,1.83,6.23,1.12,0.504,16.95,34.0,79.5,69.0,0.294,0.455,0.147,39.0,MEDIUM
N2,WARNING,2.44,7.69,2.23,0.567,34.34,37.1,93.8,98.8,0.257,0.561,0.189,53.6,HIGH
N1,NORMAL,0.79,1.08,0.13,0.082,4.6,28.3,78.6,88.6,0.044,0.052,0.011,6.8,LOW
N3,NORMAL,0.54,0.63,0.54,0.056,4.82,26.6,83.5,91.2,0.02,0.091,0.005,8.5,LOW
N4,WARNING,2.5,3.76,1.11,0.532,8.93,25.8,66.8,99.8,0.136,0.573,0.043,34.1,MEDIUM
N6,NORMAL,0.53,2.28,0.29,0.141,-0.47,35.1,89.7,68.5,0.025,0.082,0.016,10.1,LOW
N6,WARNING,2.31,5.17,3.67,0.349,32.94,29.7,86.3,80.5,0.163,0.569,0.082,47.6,MEDIUM
N2,WARNING,3.34,6.55,2.69,0.685,24.97,33.6,91.8,72.6,0.212,0.272,0.111,52.1,HIGH
N6,NORMAL,0.34,1.57,0.07,0.134,2.92,33.0,71.3,76.7,0.018,0.089,0.01,12.0,LOW
N6,NORMAL,1.05,0.69,0.39,0.071,-0.94,34.4,74.5,90.5,0.014,0.023,0.018,8.8,LOW
N3,SUBSIDENCE,3.69,27.48,8.51,1.144,101.28,25.7,87.0,83.9,0.599,3.843,0.767,100.0,CRITICAL
N3,NORMAL,0.48,0.85,0.07,0.171,1.46,26.9,73.4,82.6,0.004,0.087,0.006,9.6,LOW
N3,NORMAL,0.18,1.31,0.9,0.05,0.32,29.5,67.1,73.9,0.02,0.059,0.018,6.8,LOW
N1,WARNING,1.64,6.08,1.09,0.346,21.36,37.2,73.7,96.9,0.119,0.486,0.046,36.5,MEDIUM
N6,SUBSIDENCE,6.27,36.93,8.43,3.061,59.28,33.6,67.0,70.0,1.064,3.293,0.986,100.0,CRITICAL
N6,SUBSIDENCE,8.36,8.68,8.51,1.541,53.74,30.9,92.8,86.1,1.103,2.953,1.386,100.0,CRITICAL
N6,WARNING,3.3,7.08,3.06,0.383,12.23,34.1,91.5,96.8,0.106,0.767,0.24,52.3,HIGH
N5,NORMAL,0.66,1.65,0.42,0.087,-1.73,36.2,75.0,65.3,0.022,0.067,0.008,9.1,LOW
N3,NORMAL,0.99,1.75,0.24,0.106,0.81,31.0,90.9,86.9,0.047,0.061,0.003,11.4,LOW
N4,WARNING,3.14,3.88,3.67,0.611,26.87,35.9,75.8,65.8,0.137,0.721,0.167,51.7,HIGH
N2,NORMAL,0.47,1.25,0.53,0.102,1.82,36.4,81.8,83.3,0.042,0.017,0.006,6.6,LOW
N4,NORMAL,0.63,1.46,0.2,0.107,4.98,29.6,69.6,94.5,0.028,0.004,0.016,9.1,LOW
N1,SUBSIDENCE,5.18,42.07,11.95,3.313,76.02,36.3,83.1,99.6,0.685,3.283,1.447,100.0,CRITICAL
N1,NORMAL,0.39,0.34,0.03,0.134,3.81,29.2,70.4,97.0,0.032,0.091,0.014,6.3,LOW
N6,NORMAL,0.21,1.45,0.31,0.063,2.52,33.5,86.8,87.3,0.012,0.092,0.008,4.6,LOW
N4,NORMAL,1.09,0.73,0.09,0.029,4.14,24.1,70.7,87.6,0.049,0.03,0.014,5.8,LOW
N6,NORMAL,0.17,1.28,0.66,0.143,1.18,34.4,70.2,61.3,0.032,0.054,0.001,10.1,LOW
N5,NORMAL,0.6,2.19,0.15,0.022,-1.23,35.2,87.6,87.8,0.018,0.058,0.004,10.2,LOW
N1,NORMAL,0.64,1.04,0.38,0.1,-1.46,27.9,70.4,96.1,0.034,0.035,0.004,7.8,LOW
N1,NORMAL,0.29,2.23,0.57,0.159,1.32,25.8,78.4,82.8,0.046,0.021,0.011,8.7,LOW
N4,WARNING,2.59,4.51,1.23,0.554,19.65,36.0,90.3,63.9,0.084,0.755,0.24,42.9,MEDIUM
N1,WARNING,3.48,4.7,1.49,0.643,11.77,31.8,78.4,62.8,0.182,0.19,0.129,41.7,MEDIUM
N5,NORMAL,0.63,1.28,0.26,0.167,0.92,26.5,77.3,64.5,0.043,0.011,0.006,9.2,LOW
N5,SUBSIDENCE,7.25,21.09,8.02,2.966,106.32,32.5,91.9,98.7,0.611,3.434,1.178,100.0,CRITICAL
N5,NORMAL,0.5,1.7,0.66,0.085,0.22,25.7,92.7,63.3,0.047,0.079,0.002,9.9,LOW
N2,NORMAL,0.86,0.72,0.04,0.03,0.61,29.2,87.3,79.6,0.004,0.06,0.013,5.6,LOW
N5,SUBSIDENCE,7.16,23.06,11.76,4.089,86.11,27.3,79.3,90.0,0.773,3.515,0.663,100.0,CRITICAL
N5,NORMAL,0.52,2.2,0.39,0.076,4.99,37.0,67.5,70.8,0.024,0.081,0.016,10.9,LOW
N2,SUBSIDENCE,10.03,28.82,14.07,1.323,56.09,26.7,69.7,90.8,1.082,1.826,0.513,100.0,CRITICAL
N6,NORMAL,0.89,0.31,0.2,0.11,0.26,31.9,75.6,84.2,0.041,0.078,0.018,7.4,LOW
N3,SUBSIDENCE,4.26,8.35,4.31,2.156,52.11,28.0,81.4,64.8,0.536,3.077,1.494,100.0,CRITICAL
N1,NORMAL,1.13,0.87,0.88,0.065,3.64,27.7,90.0,85.6,0.01,0.029,0.004,10.2,LOW
N5,SUBSIDENCE,6.95,43.95,12.37,4.096,49.74,31.4,80.8,82.1,1.657,0.851,0.932,100.0,CRITICAL
N1,NORMAL,0.53,2.5,0.98,0.174,4.85,29.8,88.5,96.5,0.04,0.099,0.018,12.5,LOW
N4,SUBSIDENCE,9.56,23.64,5.18,3.543,106.46,33.7,74.5,84.4,0.844,1.362,0.658,100.0,CRITICAL
N1,NORMAL,1.16,1.74,0.36,0.17,1.96,35.7,93.1,72.7,0.006,0.05,0.013,10.0,LOW
N6,NORMAL,0.27,0.37,0.74,0.147,0.87,27.3,88.4,84.9,0.02,0.095,0.018,7.5,LOW
N2,SUBSIDENCE,4.81,21.2,7.19,1.768,81.15,26.7,87.2,76.1,0.863,2.258,0.925,100.0,CRITICAL
N1,NORMAL,0.63,2.44,0.34,0.124,0.75,33.7,67.0,98.5,0.045,0.085,0.005,11.6,LOW
N1,WARNING,2.0,7.08,1.96,0.541,34.51,28.9,78.0,73.4,0.269,0.212,0.146,49.9,MEDIUM
N1,WARNING,1.97,5.48,1.58,0.486,13.37,29.3,77.2,79.4,0.122,0.617,0.027,39.0,MEDIUM
N3,NORMAL,0.84,1.05,0.21,0.162,4.87,27.9,75.1,85.6,0.001,0.055,0.007,11.4,LOW
N3,WARNING,1.64,7.52,2.4,0.366,27.97,28.7,75.1,61.3,0.054,0.402,0.102,45.7,MEDIUM
N4,NORMAL,0.27,0.53,0.99,0.024,-0.83,25.1,85.1,65.5,0.049,0.063,0.009,5.6,LOW
N2,SUBSIDENCE,9.21,44.23,13.58,1.489,81.9,34.9,82.2,99.5,1.069,2.773,0.848,100.0,CRITICAL
N1,NORMAL,1.01,0.81,0.73,0.054,3.48,27.9,90.1,85.8,0.007,0.047,0.016,12.1,LOW
N1,NORMAL,0.54,1.17,0.93,0.055,2.85,32.2,92.1,93.2,0.035,0.092,0.014,10.2,LOW
N1,SUBSIDENCE,9.59,9.21,10.72,2.93,74.17,29.5,72.0,76.0,0.779,1.334,0.941,100.0,CRITICAL
N1,SUBSIDENCE,10.18,26.05,7.9,1.153,72.42,31.6,90.7,67.1,1.492,3.215,0.54,100.0,CRITICAL
N3,NORMAL,0.69,1.02,0.12,0.028,1.89,24.6,77.0,65.2,0.001,0.01,0.007,7.7,LOW
N6,WARNING,2.0,6.85,2.88,0.434,7.75,33.3,92.4,78.4,0.205,0.215,0.038,37.7,MEDIUM
N6,NORMAL,0.15,2.22,0.07,0.159,0.74,36.6,79.1,87.8,0.018,0.054,0.019,6.7,LOW
N4,NORMAL,0.74,1.79,0.83,0.026,0.28,26.8,94.8,79.7,0.048,0.095,0.0,8.0,LOW
N5,NORMAL,0.73,0.58,0.89,0.057,-0.67,34.8,76.3,96.4,0.011,0.092,0.014,7.2,LOW
N2,NORMAL,0.97,1.93,0.97,0.079,2.28,25.1,84.6,81.1,0.045,0.079,0.011,12.2,LOW
N6,NORMAL,0.3,2.23,0.34,0.082,2.71,25.3,70.7,60.3,0.024,0.009,0.008,7.7,LOW
N1,NORMAL,0.3,0.96,0.54,0.167,1.78,32.7,78.8,67.8,0.035,0.036,0.015,7.9,LOW
N6,SUBSIDENCE,6.08,30.98,11.67,3.818,52.61,30.6,84.4,69.3,0.41,2.981,1.358,100.0,CRITICAL
N4,SUBSIDENCE,8.25,37.11,19.61,1.113,61.73,32.9,73.7,92.6,1.259,0.928,1.113,100.0,CRITICAL
N5,WARNING,1.87,7.95,3.45,0.584,6.84,29.5,73.1,99.4,0.276,0.653,0.073,51.1,HIGH
N6,NORMAL,1.04,2.34,0.79,0.093,-0.56,36.9,94.8,71.5,0.01,0.015,0.011,9.6,LOW
N4,NORMAL,0.87,1.57,0.49,0.127,0.6,27.4,70.1,75.8,0.047,0.071,0.015,8.7,LOW
N3,WARNING,2.96,7.66,2.28,0.621,19.11,26.8,74.2,79.8,0.124,0.617,0.204,51.7,HIGH
N5,WARNING,1.63,7.61,2.77,0.249,10.52,25.0,91.9,77.7,0.289,0.617,0.189,42.2,MEDIUM
N4,NORMAL,0.83,2.41,0.1,0.097,-1.65,29.6,84.0,94.4,0.025,0.025,0.018,6.5,LOW
N6,SUBSIDENCE,11.86,26.64,12.2,1.011,35.96,25.6,83.5,77.0,1.213,1.042,0.725,100.0,CRITICAL
N3,WARNING,1.49,4.13,2.71,0.554,18.87,24.6,81.1,88.2,0.251,0.179,0.039,40.0,MEDIUM
N4,SUBSIDENCE,4.61,31.64,12.59,4.156,88.81,39.2,81.1,78.2,1.286,2.911,1.497,100.0,CRITICAL
N4,WARNING,2.26,4.86,2.59,0.336,32.8,34.1,75.1,85.0,0.173,0.689,0.129,47.3,MEDIUM
N6,WARNING,2.35,4.52,3.64,0.244,19.61,32.9,70.0,76.2,0.099,0.703,0.078,41.1,MEDIUM
N5,NORMAL,1.09,0.58,0.66,0.053,0.91,33.0,73.2,76.1,0.027,0.058,0.012,10.1,LOW
N3,SUBSIDENCE,3.82,36.44,19.07,1.437,50.11,30.5,79.5,71.7,0.363,4.39,1.259,100.0,CRITICAL
N1,SUBSIDENCE,8.58,34.54,12.05,3.764,73.78,38.6,76.8,76.1,0.516,3.102,0.828,100.0,CRITICAL
N2,NORMAL,0.82,1.41,0.37,0.178,0.12,26.8,82.7,66.5,0.014,0.086,0.0,7.3,LOW
N5,NORMAL,1.18,1.27,0.6,0.046,0.03,27.8,84.6,71.6,0.031,0.055,0.016,7.9,LOW
N3,NORMAL,0.75,1.59,0.12,0.108,-1.92,37.1,78.8,97.5,0.025,0.07,0.001,5.3,LOW
N4,WARNING,1.45,7.72,1.33,0.443,33.14,32.3,80.4,61.4,0.108,0.124,0.202,43.6,MEDIUM
N3,SUBSIDENCE,9.05,14.35,20.76,3.116,88.03,37.5,73.1,90.2,0.649,4.059,0.922,100.0,CRITICAL
N2,NORMAL,0.73,0.31,0.41,0.049,0.51,32.0,66.2,90.0,0.019,0.047,0.012,9.9,LOW
N6,NORMAL,1.14,1.0,0.18,0.106,2.93,35.7,77.8,68.9,0.034,0.061,0.003,6.1,LOW
N2,NORMAL,0.19,1.16,0.62,0.126,4.74,30.4,91.6,87.8,0.008,0.099,0.013,9.8,LOW
N1,SUBSIDENCE,6.46,40.71,16.0,3.161,102.23,31.9,67.5,90.9,0.973,3.231,1.181,100.0,CRITICAL
N1,WARNING,1.31,6.45,3.73,0.378,8.06,31.2,68.4,85.1,0.108,0.494,0.237,41.8,MEDIUM
N2,WARNING,2.89,4.66,3.16,0.365,28.67,31.7,73.6,97.4,0.135,0.279,0.222,46.4,MEDIUM
N5,NORMAL,0.86,0.71,0.61,0.159,2.87,35.5,70.3,88.0,0.012,0.065,0.012,11.1,LOW
N5,NORMAL,0.13,1.8,0.96,0.048,0.18,33.3,92.0,89.1,0.029,0.073,0.007,10.7,LOW
N4,NORMAL,0.88,1.08,0.91,0.064,-0.56,25.8,89.4,92.5,0.018,0.065,0.017,7.5,LOW
N1,NORMAL,0.75,1.95,0.18,0.047,4.04,36.5,84.0,73.9,0.025,0.025,0.014,7.2,LOW
N4,SUBSIDENCE,7.61,35.83,5.22,1.499,69.69,26.1,66.0,71.1,1.206,2.055,0.623,100.0,CRITICAL
N1,WARNING,2.42,5.56,2.48,0.414,12.57,28.2,94.9,73.1,0.15,0.197,0.047,35.4,MEDIUM
N2,SUBSIDENCE,11.46,22.51,11.9,3.5,42.02,26.1,66.4,96.3,0.573,4.403,0.882,100.0,CRITICAL
N5,SUBSIDENCE,10.92,24.96,6.94,3.614,59.35,34.3,91.6,91.9,0.929,3.325,0.692,100.0,CRITICAL
N5,NORMAL,0.52,0.86,0.29,0.076,1.45,28.8,81.9,83.7,0.021,0.013,0.003,6.0,LOW
N2,WARNING,2.32,6.56,3.21,0.424,8.73,37.7,76.1,85.0,0.183,0.367,0.052,40.8,MEDIUM
N4,SUBSIDENCE,7.67,13.28,5.0,2.909,53.53,25.9,75.2,83.4,0.665,4.341,0.827,100.0,CRITICAL
N4,WARNING,1.96,2.65,2.33,0.24,23.57,29.8,81.5,71.8,0.205,0.126,0.087,33.2,MEDIUM
N3,NORMAL,0.42,2.46,0.04,0.178,-1.67,25.9,72.7,98.9,0.014,0.049,0.003,7.6,LOW
N1,NORMAL,0.52,1.5,0.7,0.139,2.82,26.9,69.1,61.0,0.017,0.011,0.006,11.1,LOW
N4,NORMAL,1.13,2.32,0.05,0.048,-1.02,25.2,71.4,63.2,0.014,0.02,0.019,10.0,LOW
N2,SUBSIDENCE,11.83,41.98,16.9,2.22,49.26,29.2,74.3,84.0,0.632,2.439,1.21,100.0,CRITICAL
N4,WARNING,1.75,5.71,2.16,0.2,17.08,24.9,83.5,94.0,0.28,0.305,0.094,34.4,MEDIUM
N5,NORMAL,0.49,0.75,0.96,0.139,1.97,31.3,80.6,62.9,0.015,0.022,0.014,8.2,LOW
N1,WARNING,2.38,7.03,3.84,0.241,23.93,37.5,93.8,69.0,0.192,0.723,0.193,51.0,HIGH
N6,WARNING,2.87,5.42,1.64,0.291,7.43,32.5,85.2,71.7,0.249,0.327,0.217,40.0,MEDIUM
N3,NORMAL,0.6,1.15,0.24,0.153,2.35,29.7,82.1,60.3,0.002,0.082,0.002,8.0,LOW
N1,NORMAL,0.82,1.72,0.65,0.046,-0.21,30.0,91.1,90.8,0.012,0.096,0.001,8.3,LOW
N5,WARNING,3.09,7.85,2.16,0.357,5.92,34.3,66.1,70.4,0.088,0.493,0.056,38.1,MEDIUM
N5,NORMAL,0.86,0.79,0.73,0.179,3.58,34.2,65.7,67.0,0.017,0.09,0.001,11.7,LOW
N5,WARNING,3.47,4.48,3.46,0.394,30.2,32.8,93.0,70.3,0.291,0.405,0.149,51.9,HIGH
N5,NORMAL,0.77,0.95,0.22,0.034,2.34,33.0,77.4,96.1,0.044,0.035,0.011,8.2,LOW
N2,SUBSIDENCE,6.58,12.63,6.59,3.823,109.1,35.4,83.4,98.0,0.733,1.331,0.853,100.0,CRITICAL
N3,NORMAL,1.0,2.2,0.54,0.072,2.91,31.4,82.8,82.8,0.022,0.029,0.003,9.4,LOW
N6,NORMAL,0.23,1.51,0.17,0.126,1.01,33.8,81.8,62.4,0.042,0.078,0.014,8.4,LOW
N5,SUBSIDENCE,9.07,25.28,12.45,2.058,104.68,36.8,65.4,96.2,0.674,1.971,1.454,100.0,CRITICAL
N5,NORMAL,0.35,1.82,0.55,0.106,3.03,28.1,94.2,78.1,0.01,0.016,0.013,7.8,LOW
N4,NORMAL,0.22,1.78,0.31,0.044,0.96,30.2,65.4,65.3,0.048,0.041,0.007,4.8,LOW
N3,NORMAL,1.03,2.45,0.16,0.106,4.76,33.9,69.6,75.7,0.008,0.019,0.019,9.7,LOW
N1,WARNING,1.33,4.88,3.33,0.496,24.42,35.5,84.1,69.2,0.132,0.213,0.023,39.6,MEDIUM
N3,WARNING,2.16,6.91,2.62,0.351,13.02,33.9,90.8,99.5,0.104,0.677,0.154,43.1,MEDIUM
N3,WARNING,1.77,3.49,2.39,0.2,28.75,25.7,76.5,93.3,0.271,0.58,0.082,41.2,MEDIUM
N6,NORMAL,0.48,0.28,0.27,0.178,2.74,26.1,75.5,83.3,0.045,0.077,0.011,9.3,LOW
N3,NORMAL,1.06,0.82,0.12,0.109,-0.76,29.6,82.8,81.8,0.031,0.026,0.005,6.5,LOW
N6,NORMAL,0.37,2.25,0.11,0.026,2.22,33.8,83.5,83.0,0.006,0.05,0.019,4.7,LOW
N5,NORMAL,0.3,1.2,0.34,0.172,-0.3,37.5,83.2,73.4,0.024,0.094,0.016,6.1,LOW
N5,NORMAL,1.01,0.87,0.16,0.133,2.47,24.8,84.9,91.4,0.044,0.096,0.017,8.9,LOW
N2,NORMAL,1.18,1.06,0.17,0.156,0.22,34.3,75.8,87.7,0.03,0.039,0.008,8.1,LOW
N6,NORMAL,0.12,0.95,0.32,0.14,0.2,32.4,77.4,74.9,0.032,0.069,0.013,8.0,LOW
N6,SUBSIDENCE,8.3,10.36,19.76,3.597,60.98,35.9,67.5,80.9,1.15,4.249,0.59,100.0,CRITICAL
N1,NORMAL,1.07,1.47,0.62,0.165,3.01,35.3,94.4,91.8,0.035,0.059,0.013,8.9,LOW
N4,NORMAL,0.88,0.51,0.82,0.138,3.39,27.6,84.9,86.9,0.012,0.09,0.002,11.5,LOW
N3,WARNING,1.92,6.36,2.16,0.18,9.88,33.6,78.2,91.9,0.271,0.256,0.046,35.1,MEDIUM
N1,NORMAL,1.05,2.15,0.31,0.101,2.55,24.2,93.5,91.9,0.016,0.004,0.01,8.9,LOW
N6,WARNING,1.64,4.08,3.95,0.393,28.51,24.3,73.8,82.3,0.162,0.705,0.182,47.6,MEDIUM
N1,SUBSIDENCE,11.37,11.78,14.82,1.793,101.7,25.7,83.6,76.2,1.448,2.168,0.459,100.0,CRITICAL
N2,SUBSIDENCE,6.18,44.46,12.39,3.337,48.31,32.6,91.7,77.4,0.32,2.345,1.082,100.0,CRITICAL
N4,NORMAL,0.44,2.31,0.41,0.063,-1.32,29.0,87.5,97.9,0.04,0.083,0.001,5.3,LOW
N6,SUBSIDENCE,6.71,40.27,11.09,1.369,35.26,28.4,76.5,61.0,0.795,2.2,1.431,100.0,CRITICAL
N6,NORMAL,0.94,2.3,0.24,0.089,-1.15,34.3,81.6,69.8,0.023,0.013,0.01,8.0,LOW
N3,NORMAL,0.49,1.67,0.59,0.042,3.91,37.5,73.4,96.3,0.024,0.016,0.002,9.0,LOW
N4,NORMAL,0.55,1.09,0.7,0.022,0.37,29.1,73.0,83.6,0.015,0.087,0.011,8.5,LOW
N2,SUBSIDENCE,4.79,17.11,9.29,2.847,62.99,36.2,77.2,89.9,1.059,3.207,1.445,100.0,CRITICAL
N5,NORMAL,1.14,1.35,0.41,0.032,4.25,35.8,77.2,91.3,0.012,0.006,0.011,10.0,LOW
N1,NORMAL,1.02,1.25,0.59,0.105,4.57,28.3,67.1,80.0,0.036,0.093,0.004,8.5,LOW
N3,WARNING,3.21,4.3,1.38,0.219,18.43,29.4,83.3,80.1,0.091,0.342,0.209,35.4,MEDIUM
N6,NORMAL,0.89,0.56,0.92,0.123,-0.1,32.2,76.4,73.3,0.006,0.015,0.016,9.0,LOW
N5,NORMAL,1.04,2.21,0.58,0.104,3.72,34.8,70.1,60.7,0.037,0.04,0.002,12.8,LOW
N2,NORMAL,1.03,1.53,0.89,0.098,4.49,24.0,76.4,89.5,0.018,0.072,0.006,10.8,LOW
N4,NORMAL,0.27,1.36,0.21,0.032,2.32,37.4,84.5,86.9,0.048,0.031,0.012,5.0,LOW
N1,NORMAL,0.3,1.33,0.37,0.095,3.61,31.6,92.7,82.9,0.023,0.006,0.018,6.7,LOW
N3,NORMAL,0.18,1.47,0.58,0.054,1.3,32.1,72.2,77.9,0.023,0.062,0.005,8.7,LOW
N6,WARNING,1.48,2.71,1.96,0.337,17.21,37.2,92.6,95.4,0.29,0.466,0.147,34.1,MEDIUM
N6,NORMAL,0.21,1.66,0.81,0.154,2.05,29.5,76.8,77.0,0.001,0.097,0.009,7.7,LOW
N5,NORMAL,0.37,0.95,0.99,0.079,1.69,31.3,68.4,65.2,0.042,0.053,0.006,6.8,LOW
N5,SUBSIDENCE,9.4,41.95,17.06,1.007,65.22,37.7,68.1,60.1,0.304,2.691,0.492,100.0,CRITICAL
N1,NORMAL,0.6,0.56,0.74,0.167,-1.71,37.3,69.9,68.9,0.02,0.1,0.015,5.6,LOW
N4,WARNING,1.56,4.16,3.17,0.274,20.73,27.1,83.2,63.9,0.117,0.68,0.022,37.1,MEDIUM
N2,NORMAL,0.61,1.2,0.85,0.12,2.48,31.3,83.2,75.3,0.048,0.098,0.013,10.6,LOW
N4,NORMAL,1.19,1.82,0.29,0.029,-1.69,27.0,83.9,68.5,0.01,0.023,0.008,7.9,LOW
N4,NORMAL,0.31,1.28,0.89,0.095,0.9,27.0,82.2,87.9,0.029,0.026,0.007,9.9,LOW
N4,NORMAL,0.84,0.79,0.78,0.061,-0.95,33.1,90.9,71.7,0.017,0.06,0.003,5.9,LOW
N1,NORMAL,0.6,0.73,0.36,0.024,4.68,35.4,90.8,88.6,0.021,0.079,0.003,7.2,LOW
N1,NORMAL,1.09,0.58,0.48,0.119,2.17,27.5,91.7,97.6,0.043,0.022,0.004,11.2,LOW
N2,NORMAL,0.73,1.35,0.61,0.119,-0.81,24.4,87.9,93.4,0.034,0.045,0.01,10.0,LOW
N4,NORMAL,0.78,1.92,0.52,0.119,0.76,32.7,86.1,91.4,0.04,0.047,0.014,12.4,LOW
N1,NORMAL,0.66,2.07,0.5,0.173,3.27,37.8,86.6,63.4,0.009,0.083,0.011,8.9,LOW
N2,NORMAL,0.53,1.39,0.84,0.137,0.59,27.3,75.2,67.8,0.033,0.058,0.003,10.3,LOW
N6,NORMAL,0.27,0.33,0.87,0.066,0.03,26.9,83.3,88.9,0.01,0.048,0.01,3.5,LOW
N2,NORMAL,0.51,1.55,0.5,0.051,3.11,37.0,78.7,70.6,0.04,0.065,0.006,12.0,LOW
N4,WARNING,2.14,6.31,3.54,0.383,11.98,35.2,79.3,92.0,0.207,0.745,0.062,46.9,MEDIUM
N3,NORMAL,0.66,1.07,0.7,0.164,0.24,34.9,71.0,91.7,0.023,0.023,0.004,9.8,LOW
N4,WARNING,2.19,7.97,1.59,0.233,7.26,36.2,91.3,92.3,0.259,0.406,0.021,35.6,MEDIUM
N3,WARNING,1.77,4.55,3.23,0.459,9.61,34.2,79.3,89.9,0.111,0.781,0.055,40.4,MEDIUM
N2,NORMAL,0.83,1.21,0.35,0.141,0.26,29.2,71.2,88.4,0.039,0.068,0.012,9.5,LOW
N6,SUBSIDENCE,4.28,43.91,21.62,1.199,42.8,30.6,86.1,67.1,0.919,4.366,0.75,100.0,CRITICAL
N6,SUBSIDENCE,6.59,18.78,14.83,1.311,76.15,26.6,78.5,63.8,1.586,2.702,1.104,100.0,CRITICAL
N1,NORMAL,0.76,0.85,0.29,0.032,0.17,33.1,79.7,81.5,0.025,0.058,0.001,2.0,LOW
N6,NORMAL,1.02,0.99,0.17,0.108,4.62,31.3,84.4,76.3,0.026,0.083,0.015,12.4,LOW
N5,WARNING,2.42,5.29,3.13,0.414,7.99,30.0,67.3,64.9,0.247,0.579,0.239,44.4,MEDIUM
N2,WARNING,2.98,2.87,3.72,0.341,31.97,32.3,67.8,68.1,0.243,0.71,0.069,49.1,MEDIUM
N1,NORMAL,0.44,1.9,0.02,0.164,-1.5,26.0,91.5,81.2,0.019,0.008,0.015,7.9,LOW
N6,NORMAL,1.14,0.87,0.45,0.131,3.82,33.9,75.4,64.1,0.021,0.089,0.002,7.8,LOW
N2,NORMAL,0.53,2.22,0.98,0.083,4.2,31.8,67.1,70.7,0.025,0.072,0.001,13.1,LOW
N4,NORMAL,0.72,2.06,0.56,0.17,3.67,37.1,94.6,90.5,0.008,0.039,0.013,11.2,LOW
N6,WARNING,2.52,6.66,1.82,0.342,24.63,35.2,90.5,84.9,0.268,0.779,0.099,45.0,MEDIUM
N3,NORMAL,0.48,1.62,0.58,0.117,2.33,32.2,73.5,99.1,0.042,0.017,0.007,8.9,LOW
N2,NORMAL,0.39,1.28,0.88,0.033,3.74,24.5,80.5,62.0,0.029,0.003,0.018,9.5,LOW
N1,WARNING,1.36,7.38,3.3,0.292,23.61,36.6,80.2,87.5,0.249,0.723,0.128,49.0,MEDIUM
N4,NORMAL,1.18,0.74,0.17,0.075,-0.85,29.3,76.1,67.8,0.014,0.074,0.01,7.1,LOW
N5,NORMAL,0.59,1.64,0.14,0.176,1.1,32.6,89.6,84.0,0.047,0.013,0.015,8.6,LOW
N4,WARNING,3.41,5.95,3.35,0.68,26.44,30.7,83.6,63.2,0.181,0.291,0.217,53.5,HIGH
N6,SUBSIDENCE,7.73,33.83,14.51,2.298,51.76,34.2,82.7,98.8,0.765,3.392,0.53,100.0,CRITICAL
N3,NORMAL,0.17,0.45,0.51,0.104,-1.72,28.5,90.8,67.9,0.041,0.049,0.007,5.2,LOW
N4,NORMAL,0.28,0.69,0.63,0.15,0.32,27.4,91.3,64.2,0.009,0.021,0.012,8.4,LOW
N5,NORMAL,0.14,0.4,0.85,0.124,4.7,31.5,82.7,73.9,0.017,0.021,0.011,5.4,LOW
N1,NORMAL,0.11,0.28,0.66,0.104,3.75,25.4,94.3,80.5,0.015,0.082,0.009,5.6,LOW
N2,NORMAL,0.79,1.74,0.36,0.14,4.09,26.7,75.0,64.4,0.019,0.066,0.015,11.3,LOW
N3,NORMAL,0.76,2.04,0.61,0.049,1.82,35.0,65.7,69.6,0.042,0.03,0.017,6.5,LOW
N5,NORMAL,0.7,1.85,0.88,0.123,0.66,33.7,70.4,63.6,0.009,0.076,0.004,9.7,LOW
N6,NORMAL,0.38,0.86,0.65,0.046,4.51,31.9,65.7,99.6,0.028,0.049,0.009,9.9,LOW
N6,NORMAL,0.71,0.28,0.59,0.09,-1.83,37.5,72.1,70.2,0.046,0.001,0.012,3.7,LOW
N6,NORMAL,0.1,0.35,0.04,0.152,3.86,31.6,74.1,77.5,0.036,0.035,0.016,6.2,LOW
N3,NORMAL,0.17,2.37,0.62,0.137,2.74,35.5,66.3,98.2,0.033,0.002,0.011,9.6,LOW
N4,NORMAL,0.57,0.87,0.53,0.148,1.32,25.9,66.2,65.5,0.032,0.05,0.013,8.3,LOW
N3,NORMAL,0.41,0.78,0.62,0.093,-1.73,24.1,79.8,74.4,0.002,0.009,0.007,5.9,LOW
N6,SUBSIDENCE,8.22,34.67,8.52,1.292,55.85,28.6,94.8,66.7,0.303,1.244,1.189,100.0,CRITICAL
N5,NORMAL,0.97,1.82,0.32,0.073,1.94,29.2,71.2,97.6,0.043,0.039,0.001,9.1,LOW
N2,WARNING,2.8,2.78,1.88,0.209,29.9,37.0,69.4,71.7,0.277,0.179,0.121,37.9,MEDIUM
N2,WARNING,1.9,2.67,1.11,0.723,22.13,29.1,71.8,64.1,0.127,0.365,0.184,38.8,MEDIUM
N3,NORMAL,0.9,0.62,0.07,0.088,-1.72,26.4,82.1,74.3,0.048,0.063,0.003,6.6,LOW
N6,NORMAL,0.95,1.46,0.43,0.174,0.74,32.8,86.0,74.9,0.02,0.067,0.016,10.4,LOW
N1,NORMAL,0.63,0.65,0.68,0.055,-1.99,27.8,74.9,79.0,0.047,0.031,0.004,4.8,LOW
N3,NORMAL,0.18,0.32,0.29,0.067,-1.18,36.4,91.6,68.4,0.02,0.028,0.001,1.6,LOW
N6,WARNING,1.57,5.51,2.89,0.726,16.32,25.7,76.3,65.5,0.205,0.715,0.123,45.3,MEDIUM
N4,NORMAL,0.12,1.93,0.24,0.02,4.11,27.4,70.8,93.6,0.022,0.024,0.005,5.3,LOW
N2,NORMAL,0.29,1.49,0.08,0.172,2.22,36.0,86.1,63.7,0.045,0.04,0.016,8.2,LOW
N2,NORMAL,0.12,0.59,0.12,0.136,1.9,26.9,77.0,89.6,0.026,0.025,0.003,6.8,LOW
N2,NORMAL,0.38,1.81,0.49,0.162,-0.37,31.1,87.0,67.9,0.023,0.01,0.007,8.3,LOW
N1,WARNING,1.7,5.97,2.15,0.455,30.08,35.3,84.1,62.6,0.175,0.557,0.171,45.1,MEDIUM
N6,NORMAL,0.48,2.48,0.2,0.114,3.9,29.1,70.5,98.4,0.029,0.037,0.002,9.7,LOW
N6,NORMAL,0.89,1.92,0.44,0.038,-0.13,30.1,79.9,99.5,0.013,0.049,0.009,7.4,LOW
N6,SUBSIDENCE,6.04,30.76,8.31,2.36,50.0,36.9,68.8,74.7,1.137,1.781,0.296,100.0,CRITICAL
N6,WARNING,2.3,4.88,3.18,0.52,13.86,36.5,76.9,88.7,0.063,0.637,0.101,41.2,MEDIUM
N1,NORMAL,1.13,1.7,0.41,0.111,1.8,26.0,65.4,85.0,0.029,0.015,0.014,11.6,LOW
N5,NORMAL,0.23,1.97,0.87,0.171,2.65,26.7,75.5,88.7,0.024,0.035,0.01,11.3,LOW
N3,NORMAL,0.34,0.81,0.75,0.048,-0.28,33.7,71.4,87.5,0.001,0.072,0.012,4.7,LOW
N3,NORMAL,0.76,1.04,0.44,0.111,1.45,30.3,78.8,78.8,0.032,0.018,0.011,6.9,LOW
N6,NORMAL,1.07,2.08,0.63,0.135,-1.7,26.0,67.3,61.8,0.037,0.049,0.006,10.0,LOW
N4,NORMAL,0.28,0.27,0.73,0.06,0.58,33.0,75.3,64.7,0.041,0.011,0.017,5.9,LOW
N2,NORMAL,0.2,0.97,0.14,0.063,-1.63,27.1,88.9,67.6,0.03,0.015,0.015,2.1,LOW
N1,NORMAL,0.89,0.97,0.58,0.026,1.47,30.1,68.3,68.8,0.007,0.049,0.003,5.2,LOW
N4,SUBSIDENCE,8.56,44.14,12.09,3.121,75.46,37.9,77.3,84.6,1.048,1.039,0.43,100.0,CRITICAL
N4,NORMAL,0.68,1.07,0.39,0.109,-1.01,28.9,84.3,65.5,0.019,0.045,0.02,8.0,LOW
N6,NORMAL,0.17,2.2,0.73,0.071,1.53,34.6,81.4,71.2,0.007,0.071,0.001,5.7,LOW
N1,NORMAL,1.05,2.47,0.25,0.149,3.25,33.4,89.7,79.2,0.037,0.096,0.01,8.8,LOW
N3,SUBSIDENCE,7.59,19.79,18.05,3.117,68.84,32.9,77.5,91.8,0.929,1.069,0.258,100.0,CRITICAL
N2,NORMAL,0.7,2.35,0.2,0.178,0.09,26.0,69.0,88.5,0.032,0.05,0.007,10.1,LOW
N3,NORMAL,0.52,2.41,0.33,0.177,-0.56,31.3,69.1,68.1,0.005,0.031,0.018,9.2,LOW
N4,SUBSIDENCE,6.15,29.84,9.98,3.327,81.22,39.4,75.7,77.1,1.611,2.654,0.664,100.0,CRITICAL
N2,SUBSIDENCE,10.38,11.28,10.96,1.046,45.45,36.8,82.6,85.4,0.307,0.835,0.725,100.0,CRITICAL
N5,WARNING,2.39,7.01,3.64,0.664,29.36,31.4,79.4,63.6,0.096,0.516,0.154,56.5,HIGH
N4,NORMAL,0.21,2.28,0.63,0.062,-0.04,24.8,69.2,75.7,0.031,0.041,0.009,10.3,LOW
N3,NORMAL,0.87,0.31,0.33,0.131,3.54,36.7,88.7,88.5,0.01,0.073,0.019,8.9,LOW
N3,WARNING,1.74,5.99,2.93,0.412,19.79,27.4,83.1,65.2,0.224,0.766,0.088,44.5,MEDIUM
N6,SUBSIDENCE,8.45,11.29,12.83,2.89,40.26,35.0,80.9,75.3,0.61,2.041,0.711,100.0,CRITICAL
N3,NORMAL,0.6,0.23,0.77,0.027,3.81,36.0,93.3,81.7,0.027,0.053,0.014,7.1,LOW
N1,NORMAL,0.27,2.22,0.04,0.149,2.76,32.5,68.7,63.1,0.045,0.09,0.001,9.4,LOW
N4,NORMAL,0.59,0.42,0.73,0.175,1.99,34.3,83.5,94.7,0.012,0.084,0.017,9.3,LOW
N2,WARNING,1.58,7.62,3.84,0.677,12.52,35.8,65.9,74.5,0.265,0.448,0.157,50.5,HIGH
N3,NORMAL,1.0,2.07,0.85,0.047,2.94,34.3,78.7,99.5,0.007,0.079,0.005,13.7,LOW
N6,NORMAL,0.74,1.65,0.37,0.138,1.46,27.3,71.6,84.4,0.001,0.061,0.017,10.1,LOW
N6,NORMAL,1.0,0.77,0.93,0.168,-0.6,33.9,78.3,66.8,0.013,0.07,0.019,8.3,LOW
N3,NORMAL,0.61,1.6,0.33,0.102,-1.09,36.0,71.2,83.0,0.023,0.009,0.001,6.8,LOW
N1,NORMAL,0.26,0.8,0.36,0.043,-1.68,35.3,73.5,88.9,0.044,0.001,0.001,5.5,LOW
N6,NORMAL,0.26,0.75,0.57,0.178,-1.49,36.7,67.9,94.3,0.02,0.004,0.004,5.1,LOW
N2,WARNING,1.61,7.24,2.61,0.681,9.55,35.3,84.4,95.1,0.241,0.576,0.145,45.0,MEDIUM
N4,NORMAL,0.52,1.56,0.87,0.054,1.4,28.9,91.6,98.2,0.048,0.047,0.005,8.6,LOW
N5,NORMAL,1.15,1.81,0.51,0.049,-1.14,35.3,82.0,99.9,0.003,0.002,0.018,8.2,LOW
N1,NORMAL,1.15,1.71,0.46,0.044,1.61,28.8,69.6,83.3,0.008,0.04,0.019,9.0,LOW
N6,NORMAL,0.76,0.65,0.2,0.178,-0.3,28.1,88.2,95.2,0.042,0.047,0.009,6.6,LOW
N4,NORMAL,0.39,0.42,0.14,0.147,1.05,35.9,84.3,67.0,0.007,0.034,0.01,7.1,LOW
N5,NORMAL,0.27,1.15,0.08,0.141,0.81,32.0,89.1,85.2,0.017,0.051,0.014,6.4,LOW
N3,NORMAL,0.97,1.8,0.19,0.028,4.32,27.8,81.3,99.7,0.047,0.073,0.014,8.3,LOW
N3,NORMAL,1.04,0.9,0.3,0.097,0.83,34.7,87.2,93.2,0.019,0.063,0.0,6.1,LOW
N2,NORMAL,1.03,1.5,0.78,0.099,4.66,25.4,78.2,84.6,0.01,0.092,0.005,11.4,LOW
N5,SUBSIDENCE,5.46,28.56,18.54,1.637,78.52,30.4,94.8,82.6,0.809,2.76,1.084,100.0,CRITICAL
N3,NORMAL,1.01,1.87,0.85,0.048,-0.44,37.6,68.8,67.0,0.024,0.085,0.004,10.5,LOW
N3,WARNING,1.58,5.72,3.75,0.325,21.59,30.9,84.7,83.2,0.094,0.542,0.048,43.3,MEDIUM
N6,NORMAL,0.25,0.57,0.67,0.149,4.36,28.6,65.8,78.0,0.041,0.097,0.008,9.7,LOW
N2,WARNING,2.7,6.98,1.8,0.473,24.86,26.4,92.1,98.1,0.188,0.292,0.203,46.5,MEDIUM
N4,WARNING,2.04,4.57,3.23,0.44,5.86,31.8,71.6,68.2,0.28,0.402,0.067,40.5,MEDIUM
N3,NORMAL,0.7,1.1,0.57,0.179,4.01,32.8,91.3,85.2,0.0,0.005,0.012,9.2,LOW
N1,NORMAL,0.35,1.28,0.81,0.168,-0.34,25.3,93.3,85.5,0.027,0.016,0.01,7.1,LOW
N1,NORMAL,1.04,2.5,0.18,0.131,4.21,33.4,76.9,79.1,0.029,0.064,0.008,8.0,LOW
N4,NORMAL,0.21,0.22,0.06,0.051,1.2,34.7,88.7,96.9,0.001,0.016,0.016,3.9,LOW
N5,SUBSIDENCE,4.51,14.04,10.0,3.907,93.16,29.1,80.9,97.7,0.786,1.124,1.02,100.0,CRITICAL
N2,WARNING,2.52,7.58,2.18,0.541,31.82,36.3,67.6,73.5,0.197,0.53,0.185,55.5,HIGH
N6,SUBSIDENCE,6.88,41.66,21.21,1.165,43.93,26.0,73.3,87.7,1.702,1.894,0.552,100.0,CRITICAL
N1,NORMAL,0.57,1.39,0.92,0.038,-1.5,28.5,74.3,85.9,0.043,0.077,0.005,8.0,LOW
N1,WARNING,1.34,5.19,1.4,0.647,16.42,33.5,88.0,88.4,0.182,0.121,0.033,33.2,MEDIUM
N4,SUBSIDENCE,9.76,11.87,16.48,1.377,42.35,36.8,94.7,65.4,1.436,4.091,1.146,100.0,CRITICAL
N5,NORMAL,1.16,1.58,0.81,0.124,1.99,25.6,74.5,61.2,0.035,0.032,0.018,10.7,LOW
N5,NORMAL,0.4,0.7,0.05,0.099,1.28,25.6,74.2,61.4,0.004,0.026,0.019,6.9,LOW
N4,WARNING,1.54,6.35,2.1,0.438,9.71,24.6,67.4,86.3,0.221,0.626,0.062,37.0,MEDIUM
N1,NORMAL,0.25,1.34,0.15,0.047,-1.97,32.4,76.0,88.2,0.016,0.009,0.008,3.9,LOW
N2,WARNING,2.91,6.33,3.81,0.315,10.68,24.1,81.7,97.3,0.202,0.516,0.137,46.5,MEDIUM
N1,NORMAL,0.47,2.43,0.36,0.042,0.79,31.5,65.7,70.1,0.025,0.063,0.01,7.2,LOW
N5,WARNING,1.91,7.93,1.89,0.691,14.14,37.7,85.2,97.3,0.074,0.273,0.083,43.9,MEDIUM
N6,NORMAL,1.02,1.53,0.68,0.12,2.66,24.5,79.5,94.4,0.013,0.041,0.012,8.9,LOW
N1,NORMAL,0.64,1.47,0.2,0.147,0.51,25.2,75.0,97.8,0.048,0.099,0.018,9.3,LOW
N2,NORMAL,0.98,2.3,0.57,0.097,-1.25,26.9,81.7,87.4,0.042,0.075,0.001,11.5,LOW
N3,WARNING,1.52,3.85,1.58,0.305,32.62,29.0,88.0,99.1,0.229,0.616,0.203,39.4,MEDIUM
N1,WARNING,2.81,4.79,3.15,0.693,8.86,30.8,76.2,71.3,0.116,0.744,0.238,49.4,MEDIUM
N4,NORMAL,0.65,2.35,0.15,0.087,4.38,35.3,94.4,75.5,0.017,0.077,0.008,9.6,LOW
N3,NORMAL,1.03,2.47,0.98,0.089,1.4,26.8,86.3,81.5,0.015,0.031,0.01,11.1,LOW
N4,SUBSIDENCE,11.13,37.99,9.8,2.495,91.29,27.4,91.7,96.5,0.59,0.917,1.315,100.0,CRITICAL
N4,NORMAL,0.61,2.06,0.36,0.157,3.77,24.0,94.4,76.3,0.004,0.058,0.013,8.9,LOW
N4,WARNING,2.39,3.57,2.83,0.642,22.58,30.1,69.5,61.7,0.247,0.612,0.075,46.4,MEDIUM
N1,NORMAL,0.17,2.37,0.98,0.035,0.35,32.7,81.2,88.4,0.006,0.083,0.01,5.5,LOW
N5,NORMAL,0.45,0.52,0.02,0.091,4.35,25.5,66.6,95.2,0.015,0.02,0.019,7.0,LOW
N3,NORMAL,0.87,1.17,0.75,0.139,-1.72,37.5,76.3,83.6,0.034,0.064,0.019,10.5,LOW
N2,NORMAL,0.26,0.35,0.43,0.13,1.97,34.2,67.3,91.9,0.021,0.082,0.016,9.6,LOW
N5,WARNING,3.31,2.83,2.21,0.743,22.98,30.1,68.8,78.6,0.178,0.224,0.15,44.9,MEDIUM
N1,NORMAL,0.28,1.88,0.97,0.095,2.43,25.8,68.3,78.4,0.022,0.014,0.019,10.2,LOW
N4,NORMAL,0.82,1.02,0.19,0.151,0.54,31.3,85.0,92.0,0.01,0.037,0.004,7.4,LOW
N2,SUBSIDENCE,5.43,14.18,4.35,1.537,36.79,30.9,67.8,76.0,0.818,1.339,0.975,100.0,CRITICAL
N3,NORMAL,0.33,1.76,0.36,0.044,0.45,24.4,85.7,70.6,0.011,0.08,0.02,9.3,LOW
N5,NORMAL,0.17,0.23,0.88,0.077,4.96,37.0,89.5,89.8,0.022,0.019,0.016,8.1,LOW
N6,SUBSIDENCE,6.34,10.39,7.62,2.291,106.71,35.1,90.9,79.2,1.384,3.865,0.597,100.0,CRITICAL
N5,WARNING,2.19,6.46,2.68,0.746,17.75,31.9,68.8,98.0,0.094,0.43,0.074,44.1,MEDIUM
N2,NORMAL,1.05,0.56,0.17,0.102,3.41,33.7,72.3,89.6,0.011,0.006,0.011,8.2,LOW
N1,SUBSIDENCE,11.58,13.07,13.2,0.946,50.5,33.6,71.7,61.6,0.435,2.295,1.276,100.0,CRITICAL
N3,WARNING,2.47,3.23,2.03,0.471,32.11,32.8,81.5,92.5,0.07,0.568,0.023,42.8,MEDIUM
N2,NORMAL,0.68,1.01,0.24,0.034,1.74,28.2,78.4,73.0,0.044,0.051,0.015,7.1,LOW
N4,NORMAL,0.22,1.16,0.76,0.083,2.55,28.7,72.7,68.9,0.038,0.032,0.016,6.1,LOW
N3,WARNING,1.66,6.55,3.66,0.311,7.56,31.7,87.3,76.3,0.128,0.56,0.105,39.4,MEDIUM
N5,WARNING,3.5,4.14,3.93,0.296,8.33,28.8,92.9,64.8,0.238,0.592,0.207,47.3,MEDIUM
N2,NORMAL,0.13,0.89,0.8,0.128,1.05,30.4,85.6,85.8,0.013,0.006,0.007,8.2,LOW
N5,SUBSIDENCE,11.55,11.71,10.05,2.411,85.3,26.1,68.4,90.1,1.043,4.177,1.011,100.0,CRITICAL
N5,WARNING,2.85,3.34,1.18,0.51,24.07,37.0,71.6,89.3,0.084,0.432,0.09,36.7,MEDIUM
N5,NORMAL,0.67,0.23,0.52,0.036,2.61,34.9,73.3,80.0,0.028,0.001,0.004,6.7,LOW
N1,NORMAL,0.44,2.32,0.54,0.131,-1.42,33.6,82.1,75.0,0.002,0.026,0.006,9.5,LOW
N5,NORMAL,0.82,0.58,0.06,0.157,1.95,25.2,90.7,83.7,0.032,0.031,0.007,9.1,LOW
N4,WARNING,1.39,6.92,2.33,0.616,5.38,34.7,86.2,84.6,0.057,0.22,0.069,37.6,MEDIUM
N4,NORMAL,1.07,0.77,0.9,0.166,1.04,35.1,69.9,81.6,0.005,0.073,0.007,11.7,LOW
N3,NORMAL,0.66,0.43,0.36,0.034,1.25,26.6,85.2,96.6,0.042,0.027,0.015,7.9,LOW
N6,WARNING,1.95,7.45,2.52,0.361,31.9,35.2,87.5,63.2,0.058,0.12,0.158,44.9,MEDIUM
N5,SUBSIDENCE,11.58,34.01,21.08,1.885,87.05,29.2,74.5,96.8,1.59,2.208,1.456,100.0,CRITICAL
N5,NORMAL,1.17,0.86,0.14,0.141,4.51,26.1,94.2,74.6,0.03,0.063,0.015,7.7,LOW
N2,WARNING,2.64,5.08,2.4,0.581,34.84,35.3,74.0,65.1,0.215,0.656,0.026,49.4,MEDIUM
N1,NORMAL,0.22,1.76,1.0,0.127,-0.16,29.6,85.0,98.7,0.01,0.053,0.001,9.3,LOW
N6,WARNING,2.18,3.6,3.45,0.604,30.79,26.2,85.1,69.5,0.104,0.383,0.246,46.1,MEDIUM
N3,NORMAL,0.65,2.04,0.49,0.149,0.98,29.6,87.3,93.9,0.05,0.044,0.003,10.1,LOW
N6,NORMAL,0.61,1.57,0.84,0.15,2.6,24.6,94.4,65.8,0.041,0.058,0.0,10.3,LOW
N5,WARNING,2.13,7.64,1.59,0.661,29.55,36.6,72.0,81.9,0.297,0.297,0.093,49.0,MEDIUM
N2,NORMAL,0.88,0.83,0.94,0.127,-1.67,34.2,67.7,74.0,0.007,0.019,0.005,9.3,LOW
N1,NORMAL,1.1,1.48,0.27,0.173,-0.29,34.7,80.2,92.6,0.045,0.073,0.015,9.7,LOW
N3,WARNING,3.12,4.48,2.2,0.687,20.74,24.4,73.3,80.1,0.267,0.539,0.157,48.6,MEDIUM
N6,WARNING,2.55,5.97,3.15,0.554,30.46,30.7,73.0,75.2,0.124,0.549,0.032,51.0,HIGH
N3,WARNING,2.02,2.83,2.4,0.747,13.97,25.3,71.5,91.3,0.234,0.483,0.095,40.5,MEDIUM
N5,WARNING,1.84,3.29,1.99,0.513,26.1,24.1,76.9,83.5,0.147,0.449,0.125,39.9,MEDIUM
N3,NORMAL,0.73,1.92,0.67,0.064,-0.21,37.3,81.3,72.3,0.023,0.073,0.002,10.7,LOW
N2,NORMAL,0.86,0.3,0.48,0.098,-0.87,29.1,68.0,93.9,0.042,0.08,0.003,6.5,LOW
N3,NORMAL,0.46,1.21,0.32,0.07,3.23,31.2,65.9,62.6,0.037,0.052,0.013,8.4,LOW
N4,NORMAL,0.52,1.92,0.91,0.025,0.58,26.9,86.3,89.3,0.011,0.082,0.017,8.0,LOW
N2,SUBSIDENCE,5.0,24.05,15.17,0.84,65.34,32.8,66.1,61.2,0.532,2.805,1.304,100.0,CRITICAL
N6,NORMAL,0.77,0.95,0.57,0.046,3.44,33.3,73.4,90.5,0.043,0.089,0.006,8.9,LOW
N1,NORMAL,0.23,1.95,0.44,0.157,3.17,37.5,88.0,99.6,0.019,0.09,0.006,9.2,LOW
N1,NORMAL,0.16,0.83,0.74,0.168,-1.8,34.7,75.2,60.1,0.0,0.026,0.017,5.0,LOW
N5,SUBSIDENCE,8.21,16.8,17.42,2.29,85.9,36.3,73.0,95.7,1.578,2.782,0.67,100.0,CRITICAL
N5,NORMAL,0.18,2.12,0.09,0.029,0.54,26.1,75.6,73.5,0.048,0.098,0.004,3.6,LOW
N4,NORMAL,0.94,1.22,0.78,0.14,2.05,34.5,72.3,60.1,0.042,0.02,0.003,11.1,LOW
N6,NORMAL,1.1,1.63,0.44,0.136,0.33,34.9,79.1,90.2,0.048,0.007,0.013,9.6,LOW
N1,WARNING,3.33,6.59,1.93,0.5,32.35,25.7,66.8,98.1,0.162,0.577,0.127,51.9,HIGH
N1,NORMAL,0.77,0.44,0.86,0.104,3.4,34.3,65.9,72.6,0.006,0.091,0.012,11.7,LOW
N1,SUBSIDENCE,5.77,43.14,7.34,3.189,38.21,36.6,93.6,96.7,0.597,2.053,1.243,100.0,CRITICAL
N1,SUBSIDENCE,4.19,38.71,12.12,3.737,41.7,25.9,68.7,77.8,1.534,1.391,0.667,100.0,CRITICAL
N3,NORMAL,1.0,1.98,0.24,0.044,0.72,25.2,79.1,65.1,0.044,0.009,0.011,7.6,LOW
N6,WARNING,1.38,3.55,1.77,0.337,24.36,36.2,83.9,89.2,0.064,0.157,0.063,28.4,MEDIUM
N2,SUBSIDENCE,6.65,15.89,4.68,2.435,78.07,31.4,69.8,70.3,1.646,4.064,0.781,100.0,CRITICAL
N2,WARNING,3.33,3.28,3.91,0.468,18.7,29.2,72.9,62.7,0.094,0.563,0.126,44.8,MEDIUM
N4,NORMAL,0.67,0.92,0.71,0.136,0.32,24.2,69.5,69.8,0.033,0.026,0.015,10.2,LOW
N3,NORMAL,0.95,0.35,0.19,0.077,-1.94,24.4,73.1,89.3,0.038,0.056,0.018,6.0,LOW
N1,WARNING,2.75,3.84,2.79,0.632,6.0,31.5,66.0,76.1,0.229,0.276,0.238,40.8,MEDIUM
N1,NORMAL,1.16,1.88,0.3,0.112,2.19,29.6,70.7,90.9,0.001,0.018,0.011,10.1,LOW
N5,WARNING,2.32,4.2,1.49,0.528,24.99,36.7,75.6,68.4,0.217,0.254,0.157,42.1,MEDIUM
N5,SUBSIDENCE,10.06,14.54,8.57,1.097,55.09,32.7,82.6,74.9,0.916,1.037,1.34,100.0,CRITICAL
N4,SUBSIDENCE,9.19,23.98,17.7,3.584,85.39,27.1,68.5,97.9,1.037,3.694,0.868,100.0,CRITICAL
N1,NORMAL,0.33,2.08,0.25,0.089,2.58,31.6,82.0,64.2,0.008,0.074,0.014,8.6,LOW
N4,NORMAL,0.58,0.4,0.31,0.164,2.02,32.3,87.7,65.5,0.037,0.057,0.004,10.5,LOW
N3,SUBSIDENCE,10.44,28.55,4.08,2.543,64.68,36.2,90.4,96.4,0.745,3.654,1.374,100.0,CRITICAL
N2,WARNING,3.3,3.13,2.37,0.18,20.19,33.0,69.8,69.5,0.281,0.239,0.167,38.2,MEDIUM
N1,NORMAL,0.61,0.63,0.58,0.098,1.63,36.3,75.3,94.3,0.007,0.052,0.001,8.3,LOW
N6,SUBSIDENCE,9.46,36.35,9.66,1.536,65.51,39.3,87.8,63.2,0.336,4.199,0.734,100.0,CRITICAL
N3,SUBSIDENCE,9.11,18.02,8.39,1.635,103.71,32.8,75.5,72.8,1.05,3.277,0.601,100.0,CRITICAL
N1,NORMAL,0.37,1.14,0.66,0.056,4.76,24.3,92.7,92.4,0.006,0.048,0.002,9.3,LOW
N6,NORMAL,0.86,2.19,0.8,0.124,3.93,25.2,90.8,66.3,0.02,0.055,0.016,13.2,LOW
N5,NORMAL,1.05,0.92,0.33,0.032,4.2,27.9,94.6,62.6,0.009,0.063,0.013,8.8,LOW
N4,NORMAL,0.77,1.3,0.25,0.046,3.16,37.8,65.5,80.3,0.046,0.011,0.004,6.9,LOW
N5,NORMAL,0.67,0.81,0.66,0.171,1.15,24.7,87.3,74.5,0.037,0.065,0.009,12.5,LOW
N2,WARNING,1.72,7.72,3.32,0.728,12.69,37.2,94.2,98.1,0.259,0.525,0.246,52.1,HIGH
N5,NORMAL,0.11,1.9,0.27,0.133,4.86,27.5,71.8,62.4,0.002,0.057,0.015,8.3,LOW
N1,NORMAL,0.2,1.71,0.51,0.025,4.79,33.2,75.9,88.1,0.033,0.052,0.005,8.9,LOW
N6,NORMAL,0.85,0.41,0.91,0.098,0.75,33.2,70.0,99.6,0.048,0.044,0.014,10.4,LOW
N5,NORMAL,0.61,1.11,0.92,0.105,2.94,25.0,91.9,68.0,0.042,0.024,0.003,9.8,LOW
N1,SUBSIDENCE,6.12,18.57,9.48,3.055,106.56,31.6,92.8,80.1,0.794,2.308,1.214,100.0,CRITICAL
N2,NORMAL,0.48,2.43,0.43,0.057,-0.76,35.6,81.4,72.7,0.05,0.075,0.008,7.8,LOW
N6,NORMAL,0.92,1.92,0.5,0.027,-1.46,35.7,86.6,95.9,0.039,0.082,0.014,6.7,LOW
N5,WARNING,1.55,4.63,2.39,0.35,26.76,31.2,80.7,84.0,0.278,0.389,0.237,41.9,MEDIUM
N4,NORMAL,0.4,1.08,0.55,0.171,2.5,30.9,93.2,82.0,0.017,0.001,0.02,8.3,LOW
N4,NORMAL,0.77,1.84,0.32,0.132,1.69,32.6,66.6,64.1,0.034,0.084,0.004,9.6,LOW
N6,NORMAL,0.84,0.36,0.6,0.055,0.13,32.9,93.5,61.9,0.006,0.025,0.016,7.8,LOW
N4,NORMAL,0.97,1.81,0.26,0.137,3.02,28.7,79.0,95.8,0.023,0.069,0.009,8.8,LOW
N5,NORMAL,0.52,1.13,0.61,0.14,3.14,31.3,81.8,89.3,0.001,0.069,0.009,9.6,LOW
N5,NORMAL,1.01,1.69,0.56,0.08,-1.03,34.5,67.1,94.2,0.048,0.046,0.011,7.7,LOW
N6,NORMAL,0.98,1.98,0.02,0.104,-1.62,33.7,78.5,92.5,0.028,0.072,0.002,9.9,LOW
N5,SUBSIDENCE,8.04,20.44,9.98,3.846,68.97,37.4,87.8,68.8,0.909,0.948,0.705,100.0,CRITICAL
N1,NORMAL,0.55,0.65,0.95,0.116,3.28,24.5,94.3,94.8,0.036,0.087,0.019,9.8,LOW
N2,NORMAL,0.52,2.13,0.74,0.147,-0.46,37.3,84.9,80.5,0.032,0.003,0.017,11.1,LOW
N4,WARNING,2.87,4.29,2.88,0.59,9.28,36.4,74.4,61.7,0.085,0.601,0.119,43.2,MEDIUM
N1,NORMAL,0.81,1.77,0.55,0.129,1.67,27.0,68.0,69.4,0.035,0.004,0.007,8.2,LOW
N6,WARNING,1.64,7.85,1.86,0.312,30.05,29.8,74.8,71.5,0.155,0.395,0.122,44.9,MEDIUM
N4,NORMAL,1.07,0.57,0.18,0.111,0.41,35.1,72.0,99.2,0.021,0.081,0.018,7.8,LOW
N1,SUBSIDENCE,6.59,14.26,12.99,3.252,41.25,35.2,77.0,76.6,1.251,3.975,0.577,100.0,CRITICAL
N5,NORMAL,0.41,1.64,0.36,0.153,4.74,30.1,86.9,99.1,0.047,0.016,0.0,8.2,LOW
N6,NORMAL,0.96,1.54,0.03,0.152,-0.76,25.8,76.6,63.4,0.003,0.085,0.011,7.4,LOW
N6,NORMAL,0.8,0.85,0.87,0.077,1.46,34.3,72.3,80.2,0.003,0.028,0.014,6.3,LOW
N4,SUBSIDENCE,10.45,22.06,6.41,2.24,80.05,38.8,77.3,66.5,0.311,2.09,1.009,100.0,CRITICAL
N5,NORMAL,0.69,0.86,0.21,0.114,4.41,27.2,73.7,96.8,0.042,0.018,0.015,11.5,LOW
N4,NORMAL,1.1,0.59,0.06,0.067,2.07,27.8,65.4,91.5,0.044,0.012,0.008,7.0,LOW
N3,NORMAL,0.99,0.71,0.15,0.043,1.25,27.0,87.5,66.0,0.012,0.051,0.008,5.4,LOW
N1,WARNING,3.04,5.59,3.5,0.183,27.48,28.5,74.6,94.5,0.063,0.765,0.182,48.6,MEDIUM
N3,NORMAL,1.09,2.25,0.81,0.151,2.01,29.6,82.0,69.2,0.001,0.009,0.013,9.0,LOW
N1,SUBSIDENCE,9.02,16.98,12.29,2.402,48.33,29.2,70.2,60.7,1.614,2.746,1.333,100.0,CRITICAL
N2,NORMAL,0.2,0.54,0.08,0.164,4.38,31.4,68.9,65.5,0.047,0.096,0.01,7.9,LOW
N6,NORMAL,0.95,2.17,0.78,0.154,-0.06,37.3,83.0,65.5,0.023,0.046,0.02,11.1,LOW
N4,NORMAL,0.38,1.04,0.87,0.047,-0.46,33.1,76.6,67.5,0.017,0.093,0.01,4.4,LOW
N2,NORMAL,0.35,2.05,0.89,0.099,0.5,28.9,85.5,82.9,0.04,0.067,0.001,9.7,LOW
N2,NORMAL,1.18,2.19,0.06,0.136,0.35,35.9,86.3,95.6,0.034,0.062,0.01,10.1,LOW
N6,NORMAL,0.41,1.0,0.62,0.175,0.6,35.2,86.9,98.6,0.002,0.045,0.011,8.8,LOW
N6,WARNING,3.0,4.14,2.92,0.563,34.94,32.2,69.1,86.2,0.085,0.234,0.056,46.9,MEDIUM
N1,NORMAL,0.98,1.2,0.56,0.166,1.99,26.2,83.4,100.0,0.01,0.034,0.011,13.2,LOW
N3,NORMAL,0.82,1.06,0.33,0.169,4.1,28.4,68.6,72.4,0.024,0.035,0.014,7.7,LOW
N5,NORMAL,0.58,0.79,0.22,0.021,2.42,29.7,65.8,68.8,0.031,0.019,0.019,4.2,LOW
N1,NORMAL,0.86,0.66,0.05,0.119,1.63,24.8,66.2,99.5,0.038,0.077,0.019,4.9,LOW
N5,NORMAL,0.81,1.85,0.1,0.031,-0.88,31.9,65.0,64.6,0.021,0.011,0.009,5.5,LOW
N2,NORMAL,0.51,0.32,0.13,0.057,1.01,36.0,84.5,61.7,0.036,0.013,0.015,4.2,LOW
N5,NORMAL,0.58,1.72,0.98,0.172,0.77,30.7,72.8,65.5,0.031,0.089,0.017,12.4,LOW
N3,SUBSIDENCE,7.65,34.75,21.46,3.723,50.32,34.8,73.2,69.4,1.38,1.87,1.104,100.0,CRITICAL
N1,SUBSIDENCE,4.38,9.87,19.45,0.922,41.66,28.2,86.5,72.8,0.658,4.084,0.666,100.0,CRITICAL
N6,NORMAL,0.47,1.9,0.25,0.163,1.93,32.0,69.7,68.3,0.027,0.026,0.017,10.1,LOW
N3,NORMAL,0.62,1.99,0.94,0.126,1.54,30.7,69.9,64.1,0.013,0.067,0.02,10.1,LOW
N3,WARNING,1.82,5.63,3.84,0.351,14.16,27.1,69.9,78.3,0.17,0.743,0.116,42.7,MEDIUM
N1,NORMAL,0.98,0.87,0.51,0.116,1.15,34.2,84.1,99.9,0.01,0.092,0.011,9.1,LOW
N6,NORMAL,0.6,1.18,0.36,0.078,-0.07,28.3,68.1,95.1,0.049,0.087,0.006,8.8,LOW
N3,NORMAL,0.51,1.52,0.9,0.085,3.65,29.5,94.7,84.5,0.022,0.07,0.009,12.2,LOW
N6,WARNING,2.04,3.92,1.12,0.583,16.16,34.9,79.7,95.4,0.255,0.355,0.106,33.7,MEDIUM
N4,WARNING,2.56,3.82,2.7,0.182,14.37,28.1,74.9,60.1,0.102,0.558,0.051,33.1,MEDIUM
N4,NORMAL,0.15,0.92,0.22,0.039,-0.92,36.7,65.9,73.8,0.042,0.068,0.01,1.7,LOW
N4,NORMAL,1.01,1.65,0.98,0.171,-0.81,37.8,66.1,86.4,0.049,0.095,0.007,14.0,LOW
N5,NORMAL,0.39,0.5,0.58,0.069,2.67,32.4,89.9,84.0,0.027,0.039,0.004,8.0,LOW
N3,WARNING,2.6,5.32,2.16,0.441,34.69,31.0,84.8,78.6,0.237,0.401,0.125,48.3,MEDIUM
N1,NORMAL,0.85,0.96,0.41,0.158,0.3,30.5,88.9,89.3,0.048,0.017,0.005,8.4,LOW
N1,NORMAL,0.29,0.74,0.58,0.067,0.96,26.3,77.0,63.3,0.024,0.059,0.005,6.8,LOW
N5,WARNING,2.41,7.12,1.36,0.244,7.41,29.0,74.9,63.7,0.262,0.156,0.246,36.4,MEDIUM
N1,NORMAL,0.74,1.55,0.49,0.07,0.58,33.5,73.9,74.0,0.016,0.043,0.007,10.7,LOW
N4,WARNING,2.2,2.52,2.48,0.326,6.68,35.6,70.0,94.0,0.278,0.326,0.118,31.4,MEDIUM
N3,NORMAL,0.37,1.55,0.69,0.165,2.25,33.6,70.6,82.3,0.023,0.057,0.004,10.4,LOW
N1,NORMAL,0.81,2.27,0.45,0.144,-0.83,32.9,87.4,71.8,0.008,0.052,0.012,9.9,LOW
N1,NORMAL,0.78,0.63,0.22,0.031,3.23,29.0,90.1,81.1,0.025,0.024,0.011,8.0,LOW
N2,WARNING,1.27,7.92,1.22,0.577,18.12,36.0,72.5,74.5,0.112,0.574,0.049,41.9,MEDIUM
N2,SUBSIDENCE,8.88,8.04,12.51,3.835,86.03,28.1,81.0,69.4,0.882,3.244,1.421,100.0,CRITICAL
N2,WARNING,3.16,6.47,3.4,0.718,11.97,32.8,88.9,74.0,0.062,0.304,0.112,47.7,MEDIUM
N3,NORMAL,0.62,2.01,0.23,0.055,2.12,34.6,82.5,62.2,0.022,0.095,0.007,8.1,LOW
N4,WARNING,1.39,3.62,1.43,0.368,22.37,32.4,77.3,96.1,0.201,0.511,0.047,32.4,MEDIUM
N6,NORMAL,1.1,1.97,0.7,0.038,-1.41,35.9,83.6,67.2,0.042,0.043,0.009,10.9,LOW
N4,NORMAL,0.33,0.21,0.71,0.098,4.65,31.0,92.7,69.9,0.036,0.01,0.003,6.2,LOW
N4,SUBSIDENCE,10.52,19.55,8.86,3.86,38.54,37.1,91.8,67.4,1.291,0.96,1.251,100.0,CRITICAL
N3,NORMAL,0.24,1.36,0.27,0.117,1.6,37.5,76.9,73.5,0.007,0.074,0.016,4.4,LOW
N3,NORMAL,0.31,0.62,0.32,0.177,-1.35,25.3,80.2,77.5,0.013,0.009,0.005,5.7,LOW
N2,NORMAL,0.29,0.6,0.63,0.082,-1.61,36.4,77.1,92.8,0.046,0.04,0.012,4.5,LOW
N1,NORMAL,1.11,0.6,0.89,0.039,-0.07,25.5,80.7,82.9,0.04,0.09,0.014,12.8,LOW
N5,NORMAL,0.41,2.48,0.34,0.054,-1.23,34.8,69.1,77.6,0.019,0.069,0.005,8.4,LOW
N5,NORMAL,0.87,0.51,0.6,0.148,2.17,26.5,85.7,63.2,0.026,0.084,0.02,6.1,LOW
N6,NORMAL,0.15,0.85,0.97,0.108,-0.12,28.3,90.7,84.2,0.007,0.092,0.007,8.7,LOW
N1,SUBSIDENCE,4.93,23.6,20.71,3.859,40.26,36.0,73.9,90.3,0.703,1.372,0.917,100.0,CRITICAL
N6,WARNING,2.74,6.51,3.84,0.422,15.28,35.9,66.7,60.3,0.221,0.665,0.064,47.4,MEDIUM
N2,NORMAL,0.27,2.45,0.52,0.027,4.98,25.5,80.5,90.9,0.037,0.084,0.004,7.7,LOW
N6,NORMAL,0.8,1.65,0.76,0.056,2.63,35.1,91.9,71.3,0.02,0.007,0.004,7.8,LOW
N1,NORMAL,0.31,0.26,0.95,0.129,4.7,31.0,65.8,66.0,0.043,0.034,0.002,10.5,LOW
N1,NORMAL,0.36,1.73,0.51,0.068,1.95,27.0,83.2,80.1,0.006,0.076,0.014,5.8,LOW
N5,NORMAL,0.17,0.84,1.0,0.036,1.54,36.5,74.1,86.1,0.042,0.03,0.005,6.6,LOW
N2,WARNING,2.9,6.84,3.98,0.638,24.71,34.9,70.8,88.4,0.274,0.734,0.244,59.2,HIGH
N3,NORMAL,0.18,0.93,0.12,0.172,0.37,31.9,84.8,95.3,0.036,0.057,0.002,4.9,LOW
N6,NORMAL,0.18,0.88,0.69,0.025,-0.58,32.4,94.0,91.7,0.011,0.067,0.006,5.4,LOW
N5,NORMAL,0.47,1.29,0.2,0.023,0.03,37.3,67.1,84.6,0.018,0.056,0.019,6.0,LOW
N6,NORMAL,0.15,1.69,0.12,0.171,4.05,30.9,83.1,87.1,0.001,0.078,0.013,6.4,LOW
N6,SUBSIDENCE,11.02,36.39,14.36,3.595,109.02,39.2,68.5,77.3,0.75,1.238,1.164,100.0,CRITICAL
N3,WARNING,1.34,6.77,3.85,0.464,17.29,29.5,81.8,81.1,0.277,0.193,0.225,43.6,MEDIUM
N2,NORMAL,0.78,2.37,0.95,0.153,-0.66,31.3,94.3,99.4,0.017,0.049,0.018,11.1,LOW
N1,SUBSIDENCE,8.59,40.47,21.99,3.682,84.27,28.5,68.5,95.7,1.568,1.106,1.044,100.0,CRITICAL
N4,NORMAL,0.8,0.76,0.39,0.176,4.04,33.7,86.4,96.5,0.001,0.098,0.007,10.3,LOW
N6,SUBSIDENCE,11.02,18.42,15.58,2.108,74.42,28.4,83.2,90.4,1.132,2.266,0.83,100.0,CRITICAL
N4,WARNING,2.19,7.88,1.17,0.516,22.51,31.6,78.1,76.6,0.059,0.257,0.228,44.0,MEDIUM
N2,NORMAL,1.08,1.04,0.86,0.069,1.72,31.4,65.8,79.3,0.007,0.083,0.015,8.9,LOW
N4,NORMAL,0.35,1.15,0.86,0.143,-0.31,31.4,92.0,85.4,0.049,0.09,0.011,9.1,LOW
N6,NORMAL,0.69,1.92,0.24,0.161,1.72,30.0,77.4,91.1,0.03,0.009,0.006,6.3,LOW
N3,NORMAL,0.41,0.62,0.58,0.118,-1.15,36.6,77.0,86.1,0.0,0.092,0.002,6.9,LOW
N4,WARNING,1.63,7.03,1.54,0.4,12.14,28.3,88.2,95.1,0.259,0.701,0.106,41.4,MEDIUM
N2,NORMAL,0.79,2.33,0.38,0.044,-0.74,28.1,80.9,64.9,0.033,0.041,0.003,6.7,LOW
N2,NORMAL,0.1,2.31,0.3,0.055,2.89,36.1,80.3,75.2,0.043,0.063,0.005,10.4,LOW
N3,WARNING,2.59,6.35,2.78,0.705,23.84,31.5,67.6,69.2,0.27,0.511,0.096,53.9,HIGH
N4,SUBSIDENCE,10.01,32.47,7.0,2.261,45.65,34.0,79.2,71.1,1.584,1.204,1.068,100.0,CRITICAL
N4,NORMAL,0.54,2.05,0.76,0.138,3.25,35.7,85.4,84.2,0.007,0.01,0.017,12.1,LOW
N1,NORMAL,0.5,0.72,0.67,0.166,1.06,31.3,94.6,92.6,0.015,0.027,0.0,6.7,LOW
N5,NORMAL,1.09,1.63,0.48,0.178,1.13,31.0,76.5,65.4,0.046,0.076,0.007,10.8,LOW
N2,NORMAL,0.49,2.24,0.75,0.064,0.58,33.8,79.0,67.6,0.031,0.042,0.01,7.8,LOW
N1,SUBSIDENCE,7.92,21.18,9.23,1.882,67.93,32.1,65.1,73.6,1.63,3.516,1.085,100.0,CRITICAL
N2,NORMAL,0.99,1.09,0.56,0.053,4.41,25.1,83.0,67.1,0.046,0.015,0.014,10.5,LOW
N1,NORMAL,0.26,0.21,0.94,0.153,-1.46,36.2,68.4,84.1,0.03,0.023,0.005,8.0,LOW
N5,NORMAL,0.54,0.64,0.45,0.17,3.47,27.9,75.0,65.1,0.007,0.085,0.019,8.4,LOW
N1,NORMAL,0.48,1.75,0.27,0.021,0.37,24.9,79.1,70.7,0.023,0.057,0.014,10.9,LOW
N2,WARNING,3.38,4.48,1.3,0.204,12.96,28.4,82.3,89.2,0.095,0.555,0.215,35.9,MEDIUM
N4,WARNING,2.12,2.86,1.69,0.683,29.73,30.8,87.8,68.4,0.072,0.257,0.197,39.0,MEDIUM
N2,NORMAL,1.15,2.0,0.2,0.109,-1.21,33.2,72.3,88.8,0.018,0.066,0.007,9.9,LOW
N6,NORMAL,0.5,2.02,0.14,0.078,1.25,37.8,70.8,90.7,0.021,0.043,0.009,7.6,LOW
N3,NORMAL,0.71,1.15,0.63,0.157,1.27,28.7,76.6,82.8,0.043,0.009,0.013,10.6,LOW
N3,SUBSIDENCE,7.58,22.13,9.55,2.883,72.92,36.7,71.4,70.5,0.785,1.558,1.218,100.0,CRITICAL
N6,SUBSIDENCE,5.53,40.73,17.93,1.007,97.45,37.6,88.4,78.3,0.355,1.737,1.399,100.0,CRITICAL
N3,NORMAL,0.45,2.23,0.66,0.067,1.24,34.3,66.2,84.2,0.044,0.09,0.013,7.3,LOW
N3,WARNING,2.78,2.61,3.53,0.709,12.14,35.8,73.6,91.6,0.261,0.566,0.154,46.3,MEDIUM
N5,WARNING,1.92,6.83,2.35,0.247,16.45,34.9,91.4,97.1,0.108,0.17,0.045,35.4,MEDIUM
N4,NORMAL,1.04,2.11,0.07,0.146,3.48,36.6,85.9,98.0,0.007,0.066,0.009,12.2,LOW
N4,SUBSIDENCE,4.39,9.5,21.52,1.027,63.96,25.9,80.6,78.8,1.275,4.056,0.568,100.0,CRITICAL
N2,NORMAL,0.44,2.21,0.75,0.157,-0.87,26.4,94.9,81.1,0.035,0.098,0.012,8.8,LOW
N6,NORMAL,1.02,0.54,0.67,0.166,1.72,29.0,86.3,67.1,0.014,0.013,0.006,9.2,LOW
N1,NORMAL,0.22,1.09,0.46,0.121,2.95,29.1,65.0,83.2,0.044,0.029,0.011,7.7,LOW
N2,NORMAL,1.0,0.28,0.0,0.136,2.79,27.5,72.4,67.4,0.02,0.066,0.019,8.2,LOW
N2,NORMAL,0.9,1.01,0.99,0.134,0.57,36.7,78.2,71.7,0.007,0.059,0.006,8.6,LOW
N2,WARNING,2.55,3.25,2.68,0.212,23.21,24.6,78.8,77.8,0.183,0.465,0.177,40.8,MEDIUM
N2,NORMAL,0.61,2.45,0.14,0.13,0.81,34.7,67.1,79.3,0.026,0.076,0.003,7.5,LOW
N4,WARNING,2.91,3.56,3.31,0.275,28.98,29.7,72.0,94.7,0.167,0.579,0.231,46.2,MEDIUM
N1,NORMAL,0.28,1.65,0.92,0.128,-0.63,26.2,88.9,74.3,0.008,0.025,0.008,7.9,LOW
N2,NORMAL,1.13,2.14,0.91,0.067,2.02,35.5,67.8,71.0,0.016,0.026,0.012,13.3,LOW
N4,NORMAL,0.33,2.04,0.93,0.033,0.65,25.4,78.3,80.1,0.046,0.034,0.014,6.7,LOW
N2,NORMAL,0.93,0.86,0.26,0.068,1.89,36.3,67.9,76.6,0.044,0.083,0.001,9.2,LOW
N3,WARNING,2.96,2.95,1.12,0.368,26.9,34.7,88.6,78.4,0.18,0.392,0.207,39.2,MEDIUM
N2,NORMAL,0.12,0.6,0.74,0.141,4.81,26.6,80.9,99.0,0.01,0.012,0.003,8.1,LOW
N6,NORMAL,0.75,1.4,0.67,0.032,3.71,32.3,66.9,70.7,0.032,0.017,0.013,7.9,LOW
N6,NORMAL,0.53,0.76,0.24,0.112,1.3,32.1,90.4,85.3,0.033,0.096,0.013,6.7,LOW
N2,WARNING,1.58,4.23,3.2,0.601,34.61,31.9,92.6,71.5,0.207,0.73,0.033,50.5,HIGH
N5,SUBSIDENCE,4.82,20.97,18.26,1.042,80.03,28.2,66.0,77.1,0.503,2.411,1.457,100.0,CRITICAL
N3,WARNING,2.53,4.14,2.63,0.723,14.35,24.0,83.5,99.9,0.127,0.438,0.139,41.5,MEDIUM
N1,NORMAL,0.42,1.65,0.0,0.117,1.13,34.8,81.7,70.8,0.027,0.054,0.004,5.9,LOW
N2,NORMAL,1.13,0.23,0.73,0.081,1.66,34.2,86.3,86.2,0.015,0.032,0.0,7.4,LOW
N1,NORMAL,1.07,2.27,0.56,0.13,-1.92,31.6,92.2,67.3,0.042,0.082,0.0,11.2,LOW
N3,NORMAL,0.49,0.96,0.36,0.027,-0.05,30.3,76.4,64.8,0.015,0.087,0.007,3.1,LOW
N2,NORMAL,1.19,2.1,0.54,0.096,2.54,37.8,70.5,81.1,0.016,0.005,0.008,9.2,LOW
N5,NORMAL,0.11,0.48,0.59,0.068,4.34,35.1,65.6,80.2,0.02,0.021,0.011,8.6,LOW
N4,NORMAL,0.95,0.44,0.9,0.062,-0.81,30.9,68.3,96.5,0.029,0.018,0.014,7.2,LOW
N5,NORMAL,0.84,1.46,0.37,0.042,2.95,30.8,75.5,91.6,0.041,0.013,0.01,7.7,LOW
N5,WARNING,1.43,3.63,1.0,0.393,13.74,34.4,85.3,71.3,0.267,0.622,0.039,35.9,MEDIUM
N4,NORMAL,0.12,0.46,0.25,0.151,1.26,35.8,68.5,61.4,0.046,0.079,0.006,4.9,LOW
N4,NORMAL,0.77,0.99,0.33,0.13,3.95,33.1,71.1,96.5,0.016,0.033,0.011,8.1,LOW
N6,WARNING,2.71,5.94,3.71,0.697,9.07,33.3,77.3,87.3,0.086,0.633,0.24,50.1,HIGH
N4,NORMAL,0.35,2.5,0.43,0.169,1.02,37.3,84.4,87.1,0.046,0.034,0.015,11.3,LOW
N2,WARNING,1.44,5.11,3.66,0.317,28.65,30.0,68.8,96.5,0.219,0.256,0.085,40.6,MEDIUM
N1,NORMAL,0.91,1.04,0.3,0.13,0.97,25.0,76.1,98.5,0.011,0.043,0.017,11.1,LOW
N6,NORMAL,0.12,2.25,0.37,0.05,-1.9,28.7,66.3,87.7,0.004,0.017,0.001,6.6,LOW
N6,WARNING,3.08,7.38,2.65,0.72,5.17,36.4,83.5,75.3,0.084,0.305,0.201,47.4,MEDIUM
N1,WARNING,2.73,3.49,2.37,0.469,8.15,28.7,78.1,98.3,0.058,0.625,0.143,36.6,MEDIUM
N6,WARNING,2.09,3.07,2.39,0.549,5.36,28.2,85.0,97.8,0.133,0.375,0.127,33.5,MEDIUM
N4,NORMAL,1.11,1.73,0.51,0.152,3.85,37.8,93.8,82.6,0.041,0.016,0.001,12.9,LOW
N5,NORMAL,1.19,1.97,0.52,0.082,2.15,35.7,89.4,62.9,0.026,0.099,0.01,10.7,LOW
N3,NORMAL,0.2,1.72,0.26,0.125,-0.99,25.2,94.1,75.8,0.02,0.01,0.006,7.4,LOW
N4,NORMAL,1.09,2.43,0.91,0.093,3.45,24.4,94.2,86.9,0.008,0.009,0.018,13.0,LOW
N5,SUBSIDENCE,7.07,13.23,17.02,2.693,88.33,29.9,65.3,60.4,0.927,1.045,0.644,100.0,CRITICAL
N5,NORMAL,0.46,1.87,0.62,0.058,2.22,29.2,68.7,75.4,0.032,0.052,0.01,7.2,LOW
N6,SUBSIDENCE,6.44,29.9,19.41,2.045,88.23,26.5,92.1,66.5,1.518,1.583,1.377,100.0,CRITICAL
N2,NORMAL,0.47,1.59,0.91,0.061,3.35,30.7,74.1,91.2,0.036,0.016,0.01,8.9,LOW
N2,NORMAL,1.12,1.85,0.97,0.028,-1.74,29.0,90.1,65.1,0.045,0.09,0.002,10.1,LOW
N6,NORMAL,0.39,1.77,0.98,0.148,3.44,37.9,79.4,85.6,0.017,0.066,0.002,10.0,LOW
N6,SUBSIDENCE,10.95,8.04,21.57,1.989,60.47,25.8,66.7,96.7,0.518,3.975,1.339,100.0,CRITICAL
N1,WARNING,1.48,5.92,2.86,0.676,22.18,27.7,67.5,99.0,0.159,0.782,0.073,48.1,MEDIUM
N1,WARNING,2.82,2.57,3.11,0.41,34.03,24.2,91.6,65.6,0.119,0.597,0.164,47.0,MEDIUM
N3,WARNING,2.73,6.77,2.89,0.235,34.26,37.1,83.1,70.4,0.109,0.54,0.203,48.6,MEDIUM
N3,WARNING,3.12,3.4,1.07,0.698,22.26,24.4,68.5,91.0,0.067,0.506,0.053,41.5,MEDIUM
N3,WARNING,2.94,5.82,1.63,0.601,17.24,32.8,93.9,78.1,0.178,0.728,0.125,47.8,MEDIUM
N3,NORMAL,0.72,1.54,0.24,0.138,3.09,32.1,70.4,71.3,0.011,0.001,0.02,9.2,LOW
N5,NORMAL,0.78,0.52,0.04,0.148,3.01,27.9,76.9,71.0,0.015,0.006,0.01,6.2,LOW
N5,NORMAL,0.29,1.09,0.96,0.063,0.35,29.6,89.2,64.6,0.016,0.048,0.017,7.6,LOW
N1,SUBSIDENCE,11.11,14.86,4.71,1.296,49.31,26.2,79.9,73.3,1.063,2.465,1.145,100.0,CRITICAL
N2,SUBSIDENCE,8.86,9.62,4.63,2.224,95.85,28.7,77.7,83.5,1.307,0.862,0.473,100.0,CRITICAL
N6,NORMAL,0.34,1.08,0.58,0.081,-1.0,34.9,70.7,66.1,0.025,0.032,0.017,6.7,LOW
N2,WARNING,2.0,4.77,3.8,0.352,31.03,33.9,80.6,93.6,0.176,0.72,0.181,50.8,HIGH
N4,SUBSIDENCE,5.66,41.57,15.46,2.264,108.66,39.1,87.3,84.2,1.593,3.656,0.592,100.0,CRITICAL
N5,NORMAL,1.11,0.57,0.14,0.11,-1.6,29.7,79.0,66.8,0.033,0.024,0.002,5.7,LOW
N3,NORMAL,0.15,1.15,0.76,0.16,-1.32,37.1,75.6,74.6,0.026,0.026,0.007,5.4,LOW
N3,SUBSIDENCE,5.28,43.52,12.22,2.718,68.99,35.2,82.8,65.8,0.679,3.799,0.286,100.0,CRITICAL
N4,NORMAL,0.28,1.72,0.31,0.063,-1.59,30.5,81.0,69.7,0.038,0.088,0.016,3.3,LOW
N2,WARNING,1.6,7.03,3.4,0.623,18.9,27.1,78.9,67.2,0.266,0.748,0.096,53.5,HIGH
N3,NORMAL,1.07,0.98,0.58,0.115,1.6,34.5,88.7,65.8,0.008,0.099,0.003,9.2,LOW
N2,SUBSIDENCE,11.43,26.05,15.32,2.966,72.87,27.2,86.0,88.1,0.513,3.581,0.977,100.0,CRITICAL
N6,SUBSIDENCE,8.16,11.35,10.35,0.926,70.82,36.7,65.3,60.4,1.66,0.808,0.583,100.0,CRITICAL
N4,SUBSIDENCE,8.69,37.2,17.98,3.44,62.08,30.2,70.0,73.4,1.624,0.847,0.64,100.0,CRITICAL
N2,NORMAL,0.74,1.4,0.32,0.14,3.0,25.8,87.6,61.9,0.014,0.032,0.006,10.0,LOW
N6,SUBSIDENCE,4.78,11.9,18.86,0.902,84.85,32.3,89.1,88.3,0.367,3.71,1.391,100.0,CRITICAL
N2,WARNING,3.03,6.72,1.62,0.465,33.81,30.5,84.7,92.6,0.136,0.779,0.154,52.6,HIGH
N2,NORMAL,0.53,0.28,0.71,0.173,2.37,24.2,81.5,66.3,0.009,0.025,0.018,8.9,LOW
N3,WARNING,1.85,4.19,1.66,0.632,14.97,33.6,66.9,61.6,0.136,0.417,0.228,39.2,MEDIUM
N1,NORMAL,0.72,2.24,0.32,0.06,3.24,26.5,73.5,68.3,0.03,0.057,0.003,11.9,LOW
N5,NORMAL,1.17,0.24,0.63,0.103,0.26,26.4,67.6,65.6,0.044,0.067,0.02,8.3,LOW
N2,NORMAL,0.4,1.16,0.86,0.065,4.41,26.2,91.1,64.4,0.023,0.065,0.005,9.8,LOW
N2,NORMAL,0.95,1.54,0.86,0.135,-0.03,25.2,77.9,64.4,0.029,0.001,0.01,9.7,LOW
N2,NORMAL,1.15,1.4,0.91,0.024,2.46,37.7,72.4,97.9,0.015,0.043,0.017,8.9,LOW
N1,WARNING,2.78,7.73,2.69,0.728,31.77,32.0,89.1,90.4,0.082,0.318,0.076,52.5,HIGH
N6,NORMAL,0.9,1.06,0.14,0.054,3.19,25.0,71.4,66.0,0.007,0.022,0.008,8.6,LOW
N4,WARNING,3.39,3.55,3.59,0.245,31.09,32.3,92.5,83.4,0.2,0.695,0.219,52.3,HIGH
N3,NORMAL,0.88,1.16,0.91,0.152,-0.83,37.5,71.9,74.7,0.029,0.09,0.016,11.1,LOW
N1,NORMAL,0.66,0.74,0.39,0.106,-0.66,29.1,71.6,80.3,0.013,0.012,0.014,7.3,LOW
N6,NORMAL,0.18,2.32,0.29,0.162,1.48,35.9,71.4,89.8,0.043,0.025,0.004,8.7,LOW
N2,WARNING,1.99,6.62,3.72,0.74,15.79,24.6,82.2,67.2,0.142,0.787,0.218,53.5,HIGH
N6,NORMAL,1.19,0.52,0.56,0.126,4.56,37.4,87.1,87.5,0.042,0.025,0.011,11.3,LOW
N1,WARNING,2.94,4.27,3.19,0.313,17.84,27.7,71.0,93.5,0.272,0.113,0.115,41.6,MEDIUM
N1,SUBSIDENCE,9.42,12.17,12.9,2.361,45.69,28.2,74.5,63.8,1.5,2.157,1.202,100.0,CRITICAL
N1,WARNING,1.53,7.36,1.33,0.235,33.21,26.1,88.0,61.4,0.211,0.171,0.243,42.4,MEDIUM
N4,NORMAL,0.79,1.46,0.21,0.123,2.32,30.9,83.6,89.2,0.04,0.088,0.01,10.5,LOW
N5,NORMAL,0.49,1.36,0.59,0.178,2.11,36.0,89.0,95.5,0.011,0.059,0.016,8.6,LOW
N3,SUBSIDENCE,6.35,26.78,18.03,1.662,62.87,39.4,72.2,96.0,1.547,3.649,1.464,100.0,CRITICAL
N4,NORMAL,0.2,1.83,0.22,0.068,4.62,25.3,75.2,85.0,0.013,0.067,0.004,9.8,LOW
N4,SUBSIDENCE,5.61,19.11,16.76,1.105,68.52,35.8,88.4,90.8,1.713,2.269,0.793,100.0,CRITICAL
N5,NORMAL,1.2,0.36,0.98,0.172,3.96,35.1,70.6,92.6,0.023,0.087,0.004,11.0,LOW
N4,SUBSIDENCE,8.72,11.63,20.12,2.744,84.22,31.4,81.0,88.1,0.725,4.025,0.932,100.0,CRITICAL
N1,WARNING,2.8,4.47,2.16,0.5,32.73,31.3,91.1,60.3,0.236,0.373,0.098,47.2,MEDIUM
N1,SUBSIDENCE,9.54,18.9,7.75,0.792,102.24,27.6,87.8,86.6,1.668,1.027,0.902,100.0,CRITICAL
N6,NORMAL,0.43,0.47,0.83,0.128,-1.95,29.9,82.5,84.8,0.031,0.081,0.012,4.7,LOW
N2,WARNING,2.67,7.82,1.54,0.535,10.64,26.2,93.9,72.8,0.102,0.568,0.231,44.7,MEDIUM
N4,NORMAL,0.53,0.55,0.62,0.115,1.1,29.2,91.5,86.7,0.024,0.062,0.012,6.6,LOW
N2,NORMAL,0.33,0.94,0.79,0.037,3.25,37.8,92.2,97.1,0.018,0.055,0.006,8.3,LOW
N3,WARNING,1.62,7.13,2.61,0.583,11.53,27.3,68.1,70.7,0.228,0.74,0.082,46.8,MEDIUM
N1,SUBSIDENCE,8.05,38.81,9.02,2.893,70.97,34.5,68.5,89.2,0.733,2.688,0.46,100.0,CRITICAL
N6,SUBSIDENCE,5.01,44.93,18.83,1.936,66.97,36.1,65.6,65.4,0.689,3.638,0.726,100.0,CRITICAL
N3,WARNING,2.04,3.1,2.8,0.209,30.79,30.3,86.7,76.1,0.24,0.251,0.131,40.2,MEDIUM
N6,NORMAL,0.14,0.83,0.47,0.176,4.17,24.1,86.6,78.4,0.009,0.072,0.019,9.7,LOW
N5,NORMAL,0.85,1.59,0.98,0.066,3.5,34.7,74.5,84.8,0.012,0.044,0.02,12.1,LOW
N1,WARNING,1.31,3.97,3.16,0.505,19.09,30.2,92.1,94.3,0.223,0.379,0.026,40.8,MEDIUM
N3,NORMAL,0.55,0.25,0.64,0.139,0.06,28.9,83.8,67.2,0.024,0.099,0.012,5.2,LOW
N5,NORMAL,0.32,2.33,0.24,0.07,1.81,33.7,80.1,79.0,0.045,0.078,0.001,8.7,LOW
N3,NORMAL,0.86,0.65,0.98,0.123,0.56,24.4,75.2,89.9,0.03,0.022,0.013,11.7,LOW
N6,NORMAL,0.99,0.78,0.54,0.105,0.95,36.8,80.9,94.8,0.011,0.07,0.005,8.1,LOW
N5,NORMAL,0.42,2.06,0.11,0.143,0.71,33.3,82.6,84.9,0.023,0.017,0.0,8.1,LOW
N5,NORMAL,0.38,0.75,0.83,0.142,0.36,24.1,89.4,74.0,0.032,0.083,0.018,8.4,LOW
N1,NORMAL,0.89,1.05,0.61,0.123,0.83,24.2,65.4,86.5,0.026,0.073,0.01,11.3,LOW
N2,NORMAL,1.03,2.01,0.31,0.095,-0.36,33.5,91.3,62.1,0.049,0.026,0.008,10.3,LOW
N6,SUBSIDENCE,6.06,29.05,15.13,0.992,84.81,28.2,88.8,88.2,1.092,3.862,0.528,100.0,CRITICAL
N6,NORMAL,0.97,2.0,0.1,0.065,-0.18,28.1,91.2,93.9,0.047,0.049,0.002,7.9,LOW
N5,NORMAL,1.09,1.09,0.64,0.065,-0.73,36.7,69.0,96.7,0.001,0.022,0.012,6.7,LOW
N5,WARNING,1.99,4.85,2.09,0.413,12.78,28.8,87.9,85.5,0.225,0.631,0.209,40.1,MEDIUM
N1,NORMAL,1.15,1.18,0.99,0.138,3.43,24.6,74.4,98.2,0.001,0.05,0.011,11.7,LOW
N2,SUBSIDENCE,7.12,14.91,13.24,0.866,73.7,27.4,91.3,98.2,1.191,2.123,1.203,100.0,CRITICAL
N6,WARNING,1.2,7.13,2.52,0.443,12.16,26.5,72.3,82.1,0.162,0.765,0.068,44.6,MEDIUM
N4,NORMAL,1.12,1.52,0.24,0.09,0.73,35.8,81.5,93.8,0.002,0.051,0.003,7.9,LOW
N4,NORMAL,1.15,2.37,0.1,0.171,3.57,37.7,71.4,66.8,0.039,0.009,0.004,9.2,LOW
N2,SUBSIDENCE,6.58,41.79,12.57,3.926,60.08,31.0,75.4,68.7,0.64,2.632,1.019,100.0,CRITICAL
N3,SUBSIDENCE,5.84,32.91,10.66,1.025,45.36,26.3,77.5,86.8,0.859,4.221,0.724,100.0,CRITICAL
N1,NORMAL,0.75,0.84,0.69,0.121,-0.79,37.5,77.7,90.6,0.008,0.055,0.013,6.6,LOW
N2,WARNING,1.47,7.39,2.9,0.539,9.27,25.8,70.6,63.9,0.06,0.591,0.047,41.2,MEDIUM
N4,NORMAL,0.79,1.17,0.27,0.091,3.91,27.6,80.4,89.9,0.046,0.049,0.011,6.8,LOW
N5,SUBSIDENCE,7.68,19.18,14.48,4.016,101.6,37.2,70.4,84.2,1.454,1.822,0.552,100.0,CRITICAL
N4,NORMAL,0.58,1.28,0.45,0.164,-1.39,30.3,80.0,98.5,0.039,0.084,0.019,6.8,LOW
N5,SUBSIDENCE,7.4,26.63,9.98,0.859,67.48,36.7,79.8,80.8,1.283,3.353,0.258,100.0,CRITICAL
N1,WARNING,3.41,4.06,3.28,0.508,26.02,29.2,71.7,93.6,0.154,0.295,0.146,48.6,MEDIUM
N5,WARNING,2.29,7.16,2.42,0.497,34.86,29.5,67.1,83.0,0.288,0.29,0.22,52.2,HIGH
N2,NORMAL,1.17,2.44,0.13,0.143,3.62,27.2,87.8,70.5,0.018,0.066,0.01,13.5,LOW
N5,NORMAL,0.47,0.64,0.72,0.093,1.1,30.5,76.0,65.1,0.03,0.016,0.018,7.6,LOW
N3,NORMAL,0.28,2.32,0.46,0.136,-1.44,32.1,93.2,88.8,0.032,0.092,0.006,9.0,LOW
N2,NORMAL,0.17,1.07,0.09,0.158,2.35,25.5,75.5,66.5,0.048,0.002,0.008,8.5,LOW
N1,NORMAL,0.46,2.08,0.16,0.096,4.45,27.7,77.4,95.1,0.05,0.025,0.019,8.6,LOW
N2,WARNING,3.01,7.22,3.4,0.314,21.76,28.4,90.7,95.9,0.146,0.422,0.055,50.4,HIGH
N3,NORMAL,0.77,1.35,0.71,0.117,4.89,36.8,79.9,65.4,0.01,0.045,0.018,10.7,LOW
N1,NORMAL,1.0,1.55,0.77,0.094,-0.57,26.6,78.1,77.7,0.001,0.056,0.003,10.1,LOW
N4,SUBSIDENCE,5.83,12.88,21.01,1.204,61.31,27.2,65.3,88.9,0.757,4.005,0.763,100.0,CRITICAL
N3,SUBSIDENCE,9.57,23.46,6.27,2.032,79.24,29.4,83.5,85.9,1.356,1.089,0.945,100.0,CRITICAL
N1,SUBSIDENCE,11.24,23.18,13.68,1.675,56.49,39.0,83.7,66.9,0.369,1.858,0.33,100.0,CRITICAL
N5,SUBSIDENCE,4.49,21.69,9.54,1.713,70.11,36.8,65.1,67.9,1.669,2.902,0.902,100.0,CRITICAL
N2,NORMAL,0.65,1.82,0.49,0.046,4.51,28.9,90.4,88.4,0.016,0.079,0.018,9.0,LOW
N1,NORMAL,1.09,0.78,0.93,0.03,3.56,29.5,76.7,69.2,0.022,0.018,0.002,10.2,LOW
N2,WARNING,1.7,4.7,2.23,0.432,31.06,34.7,66.7,76.9,0.203,0.114,0.139,41.9,MEDIUM
N5,WARNING,2.24,7.75,2.43,0.607,14.09,30.7,92.8,62.1,0.245,0.326,0.119,45.3,MEDIUM
N1,NORMAL,0.32,1.82,0.58,0.06,0.02,24.2,91.9,76.5,0.018,0.045,0.016,6.8,LOW
N4,WARNING,1.73,5.3,2.98,0.206,26.47,26.9,88.9,70.9,0.24,0.216,0.059,42.5,MEDIUM
N3,NORMAL,0.98,1.44,0.77,0.109,0.35,32.9,83.5,74.3,0.046,0.072,0.01,10.8,LOW
N1,NORMAL,0.57,0.93,1.0,0.113,-1.36,30.2,81.0,99.0,0.026,0.005,0.006,8.4,LOW
N5,NORMAL,1.18,0.43,0.54,0.151,-0.34,28.6,92.7,95.3,0.038,0.088,0.013,9.5,LOW
N1,NORMAL,0.89,1.04,0.79,0.071,-0.23,34.2,78.6,72.5,0.026,0.1,0.016,7.4,LOW
N2,NORMAL,1.04,1.51,0.81,0.098,3.28,27.6,92.4,87.5,0.043,0.039,0.0,8.2,LOW
N6,NORMAL,0.91,0.95,0.7,0.123,-0.75,29.2,67.8,85.0,0.048,0.035,0.007,9.5,LOW
N1,SUBSIDENCE,5.53,37.72,11.09,2.332,83.48,34.2,65.2,76.6,1.443,1.655,1.458,100.0,CRITICAL
N4,NORMAL,0.58,2.06,0.31,0.073,-1.51,25.1,68.4,75.1,0.014,0.072,0.013,7.1,LOW
N1,NORMAL,0.92,2.12,0.01,0.073,0.97,29.5,78.1,86.8,0.046,0.05,0.005,9.5,LOW
N3,SUBSIDENCE,3.85,22.41,15.64,1.727,79.38,38.4,70.1,66.3,0.836,3.607,0.326,100.0,CRITICAL
N1,SUBSIDENCE,10.65,40.16,5.67,3.885,55.5,31.8,83.0,81.0,1.228,1.054,0.726,100.0,CRITICAL
N6,SUBSIDENCE,7.42,43.51,7.33,1.295,88.51,29.8,92.9,71.3,0.412,2.587,0.855,100.0,CRITICAL
N2,WARNING,1.86,3.79,1.44,0.387,25.43,24.5,94.2,60.6,0.236,0.669,0.065,38.5,MEDIUM
N1,WARNING,3.41,7.06,3.74,0.401,10.92,35.2,71.3,79.7,0.202,0.619,0.05,51.4,HIGH
N4,NORMAL,1.04,0.64,0.24,0.03,-0.97,35.4,92.5,76.3,0.007,0.02,0.006,5.3,LOW
N5,NORMAL,0.24,0.71,0.74,0.128,4.77,36.6,82.3,77.9,0.001,0.075,0.01,8.3,LOW
N1,NORMAL,0.83,2.12,0.28,0.037,1.03,32.0,85.8,87.1,0.011,0.043,0.02,10.1,LOW
N1,NORMAL,1.0,2.37,0.66,0.096,0.22,33.7,82.6,68.1,0.018,0.033,0.006,10.4,LOW
N3,NORMAL,1.17,1.18,0.57,0.132,2.3,32.0,73.2,84.6,0.016,0.08,0.002,8.9,LOW
N4,WARNING,1.7,6.75,1.68,0.688,30.85,25.3,67.4,65.5,0.141,0.37,0.181,45.7,MEDIUM
N6,NORMAL,0.72,0.54,0.28,0.124,-1.89,28.3,66.4,83.4,0.009,0.093,0.013,6.4,LOW
N5,NORMAL,0.35,2.41,0.69,0.176,3.94,32.1,66.8,78.8,0.024,0.067,0.016,12.0,LOW
N2,NORMAL,0.24,1.84,0.68,0.179,2.4,36.8,87.7,86.2,0.04,0.027,0.007,10.0,LOW
N1,WARNING,1.78,6.34,3.66,0.312,26.18,26.3,72.6,91.3,0.148,0.183,0.196,46.0,MEDIUM
N6,NORMAL,0.92,0.78,0.94,0.054,4.96,28.5,70.8,84.9,0.037,0.039,0.003,9.9,LOW
N5,SUBSIDENCE,6.53,18.92,17.63,1.546,79.02,36.7,67.1,68.4,0.592,3.445,1.031,100.0,CRITICAL
N2,NORMAL,0.27,0.64,0.1,0.11,2.15,37.9,81.0,82.9,0.042,0.042,0.011,6.4,LOW
N6,NORMAL,1.2,2.49,0.42,0.122,1.37,35.5,84.6,71.2,0.036,0.094,0.006,12.1,LOW
N4,NORMAL,0.98,1.18,0.12,0.179,0.98,36.2,80.8,81.8,0.027,0.081,0.019,7.1,LOW
N4,WARNING,1.85,5.05,3.84,0.594,5.36,30.8,83.5,71.6,0.079,0.747,0.215,42.9,MEDIUM
N5,NORMAL,0.97,1.59,0.69,0.08,1.01,35.4,93.1,86.6,0.01,0.095,0.019,12.0,LOW
N2,WARNING,1.74,6.68,1.98,0.431,13.23,25.5,85.5,91.2,0.156,0.576,0.045,41.5,MEDIUM
N4,NORMAL,0.71,0.62,0.43,0.141,2.8,27.1,78.8,73.1,0.005,0.097,0.004,10.0,LOW
N5,NORMAL,1.18,0.38,0.31,0.081,1.45,31.8,88.0,87.5,0.001,0.008,0.005,5.8,LOW
N4,SUBSIDENCE,8.32,22.7,19.67,2.336,57.44,25.9,67.8,93.8,1.244,3.361,0.748,100.0,CRITICAL
N4,WARNING,1.33,5.76,1.55,0.31,13.2,31.0,88.9,62.4,0.06,0.224,0.17,31.7,MEDIUM
N6,WARNING,3.24,7.98,1.05,0.732,12.08,31.1,75.8,88.7,0.223,0.305,0.14,49.1,MEDIUM
N6,SUBSIDENCE,8.6,26.81,21.69,3.993,106.66,28.7,94.6,66.1,1.622,1.744,0.687,100.0,CRITICAL
N4,SUBSIDENCE,6.62,15.36,8.02,1.602,82.98,36.2,69.5,96.6,0.414,2.918,1.274,100.0,CRITICAL
N3,WARNING,2.97,2.53,3.21,0.6,19.9,27.8,85.0,74.2,0.061,0.506,0.196,43.1,MEDIUM
N6,WARNING,2.52,4.62,1.91,0.668,27.62,35.4,85.5,81.6,0.136,0.404,0.179,47.4,MEDIUM
N2,WARNING,3.4,6.76,1.35,0.498,17.29,28.5,69.2,75.2,0.249,0.131,0.114,40.7,MEDIUM
N5,WARNING,2.75,4.49,2.74,0.518,22.61,35.2,80.1,88.2,0.182,0.182,0.07,43.2,MEDIUM
N5,WARNING,2.51,2.71,3.39,0.217,33.3,36.5,94.4,65.9,0.104,0.459,0.035,43.7,MEDIUM
N2,WARNING,1.88,2.59,3.36,0.358,22.67,34.1,88.7,63.6,0.06,0.601,0.142,40.2,MEDIUM
N2,NORMAL,0.74,1.69,0.52,0.049,3.57,29.9,75.1,62.7,0.05,0.097,0.016,10.8,LOW
N2,SUBSIDENCE,7.04,13.77,8.58,3.827,107.64,27.5,80.2,85.7,1.723,1.515,1.376,100.0,CRITICAL
N2,SUBSIDENCE,7.43,43.22,10.0,2.569,40.66,35.1,85.3,80.3,1.578,2.329,1.126,100.0,CRITICAL
N1,NORMAL,0.41,1.64,0.96,0.153,-1.24,28.4,86.0,97.3,0.001,0.05,0.016,8.5,LOW
N5,WARNING,2.26,3.84,3.75,0.449,17.24,30.1,74.7,89.7,0.138,0.396,0.175,41.5,MEDIUM
N1,NORMAL,0.32,0.66,0.7,0.159,-0.31,30.3,67.9,63.7,0.01,0.067,0.012,6.6,LOW
N4,NORMAL,0.96,1.24,0.86,0.112,2.33,24.8,75.8,65.9,0.047,0.016,0.011,11.7,LOW
N4,WARNING,1.63,7.64,2.83,0.689,18.31,31.9,65.5,91.6,0.199,0.122,0.128,46.7,MEDIUM
N5,NORMAL,0.42,1.24,0.54,0.179,-1.31,32.9,73.6,64.2,0.028,0.053,0.001,7.2,LOW
N4,WARNING,1.61,7.03,1.31,0.446,10.86,27.3,67.9,92.1,0.091,0.244,0.133,34.1,MEDIUM
N2,WARNING,2.44,3.36,2.41,0.219,22.41,28.8,89.2,67.0,0.135,0.172,0.062,33.8,MEDIUM
N1,NORMAL,0.22,1.39,0.56,0.034,-0.01,24.5,84.5,99.5,0.013,0.019,0.006,6.0,LOW
N2,NORMAL,0.8,1.03,0.67,0.111,3.93,29.8,75.3,60.5,0.031,0.063,0.004,13.8,LOW
N4,NORMAL,0.44,1.32,0.6,0.17,-0.33,30.8,68.5,79.4,0.008,0.087,0.019,7.5,LOW
N6,WARNING,1.45,7.36,3.12,0.317,31.6,24.0,68.6,81.9,0.209,0.767,0.246,50.6,HIGH
N1,SUBSIDENCE,11.62,44.79,14.21,1.35,47.23,32.0,86.8,94.3,1.446,2.99,0.936,100.0,CRITICAL
N2,WARNING,1.9,3.72,3.01,0.701,15.44,25.9,82.9,71.2,0.118,0.258,0.079,38.4,MEDIUM
N5,NORMAL,0.78,0.39,0.12,0.106,1.58,29.0,81.7,94.7,0.014,0.083,0.004,7.2,LOW
N2,WARNING,2.16,4.69,2.74,0.361,26.28,37.9,74.5,95.2,0.112,0.676,0.083,47.4,MEDIUM
N6,NORMAL,0.54,0.77,0.23,0.156,0.16,27.4,72.4,97.8,0.017,0.02,0.019,9.5,LOW
N4,WARNING,3.27,3.87,3.59,0.322,7.53,25.3,71.2,90.8,0.255,0.64,0.088,42.3,MEDIUM
N1,NORMAL,1.16,0.8,0.82,0.056,2.76,37.0,73.7,75.9,0.004,0.059,0.005,8.2,LOW
N5,WARNING,3.13,4.91,1.72,0.492,30.2,37.4,67.2,76.3,0.158,0.193,0.108,46.2,MEDIUM
N1,NORMAL,0.81,0.38,0.34,0.17,-1.79,27.0,92.4,90.6,0.038,0.084,0.006,8.3,LOW
N5,SUBSIDENCE,4.46,15.85,15.18,2.197,72.81,34.8,68.6,89.8,1.727,2.355,1.352,100.0,CRITICAL
N1,NORMAL,0.67,0.72,0.29,0.109,2.21,34.8,65.2,65.2,0.048,0.085,0.004,7.5,LOW
N4,WARNING,1.66,5.78,1.58,0.388,12.28,33.6,82.2,88.3,0.134,0.76,0.249,39.7,MEDIUM
N5,SUBSIDENCE,10.06,35.34,5.47,1.821,60.76,36.0,65.1,71.9,0.854,2.074,1.234,100.0,CRITICAL
N3,NORMAL,0.79,0.48,0.07,0.153,1.17,24.7,70.6,71.8,0.043,0.082,0.018,8.4,LOW
N1,SUBSIDENCE,4.66,25.96,18.38,4.032,101.72,31.1,91.1,61.2,0.986,3.155,0.538,100.0,CRITICAL
N1,WARNING,2.43,7.3,1.37,0.74,5.37,26.2,86.0,94.8,0.272,0.348,0.051,42.0,MEDIUM
N2,NORMAL,0.81,2.34,0.84,0.021,2.69,27.9,84.0,68.7,0.015,0.045,0.002,11.7,LOW
N5,NORMAL,0.81,2.32,0.0,0.146,2.49,27.7,67.8,81.4,0.002,0.079,0.004,8.1,LOW
N6,WARNING,2.35,4.41,1.51,0.658,31.29,36.2,67.9,60.5,0.185,0.271,0.042,45.0,MEDIUM
N3,NORMAL,0.62,1.88,0.46,0.028,2.83,35.1,79.4,81.5,0.032,0.068,0.004,10.0,LOW
N4,NORMAL,0.7,0.86,0.25,0.021,0.78,36.9,72.9,74.7,0.024,0.074,0.001,4.5,LOW
N2,NORMAL,0.15,1.7,0.71,0.169,0.36,37.1,71.2,88.2,0.013,0.073,0.014,7.2,LOW
N3,WARNING,1.35,5.14,1.36,0.552,23.04,27.5,66.2,72.8,0.062,0.324,0.111,34.0,MEDIUM
N5,NORMAL,0.97,1.03,0.32,0.171,-1.71,29.5,86.2,62.8,0.038,0.048,0.019,9.8,LOW
N3,SUBSIDENCE,11.39,20.75,13.43,1.228,105.92,31.1,71.5,72.2,1.309,1.0,0.444,100.0,CRITICAL
N1,SUBSIDENCE,11.98,32.37,20.6,2.254,88.27,31.5,94.4,79.8,0.99,2.014,0.899,100.0,CRITICAL
N1,SUBSIDENCE,10.39,32.67,12.63,2.386,60.64,28.6,92.8,69.3,0.46,3.617,1.398,100.0,CRITICAL
N2,WARNING,2.42,4.39,1.34,0.21,15.96,24.0,69.6,83.1,0.062,0.173,0.053,29.1,MEDIUM
N5,NORMAL,1.0,0.64,0.08,0.137,-1.94,25.7,72.4,91.9,0.037,0.013,0.005,5.2,LOW
N5,WARNING,1.5,7.97,1.98,0.706,10.7,35.2,78.2,88.0,0.097,0.496,0.032,44.0,MEDIUM
N3,NORMAL,0.29,1.68,0.59,0.141,0.08,32.0,77.6,62.3,0.047,0.096,0.017,7.5,LOW
N2,NORMAL,1.14,2.39,0.02,0.077,4.16,35.9,92.4,65.7,0.004,0.02,0.02,10.3,LOW
N5,NORMAL,0.33,1.59,0.5,0.068,4.19,26.1,79.5,65.3,0.045,0.029,0.003,7.8,LOW
N6,NORMAL,0.62,1.26,0.88,0.067,1.92,32.4,92.1,69.8,0.037,0.06,0.019,8.8,LOW
N6,WARNING,2.49,5.49,3.97,0.297,9.23,37.6,93.4,69.2,0.203,0.257,0.167,40.4,MEDIUM
N1,WARNING,1.59,5.58,2.76,0.557,27.24,25.1,65.6,90.8,0.2,0.178,0.202,46.3,MEDIUM
N3,NORMAL,0.7,1.81,0.38,0.022,0.32,35.1,78.6,95.0,0.03,0.023,0.014,7.1,LOW
N4,NORMAL,1.04,2.22,0.66,0.069,1.37,31.7,67.9,82.3,0.036,0.021,0.015,10.3,LOW
N1,SUBSIDENCE,4.07,8.53,20.01,2.44,75.75,35.9,89.7,94.2,0.72,2.808,0.461,100.0,CRITICAL
N2,NORMAL,0.22,1.48,0.81,0.041,-1.3,25.5,80.5,75.8,0.041,0.08,0.009,5.7,LOW
N5,NORMAL,0.67,1.21,0.57,0.136,3.42,25.0,78.6,98.8,0.032,0.02,0.008,10.3,LOW
N1,NORMAL,0.81,0.56,0.27,0.03,-0.72,26.1,84.7,82.3,0.024,0.034,0.004,4.6,LOW
N4,WARNING,3.14,3.51,3.54,0.509,12.99,25.2,90.3,64.9,0.118,0.373,0.126,44.5,MEDIUM
N4,WARNING,2.31,4.61,2.54,0.686,34.67,28.6,84.5,99.7,0.055,0.375,0.208,52.5,HIGH
N6,NORMAL,0.81,0.46,0.84,0.175,2.99,37.1,77.4,91.6,0.021,0.095,0.019,9.1,LOW
N2,NORMAL,0.82,0.61,0.54,0.14,4.27,30.7,92.0,60.1,0.043,0.015,0.01,6.1,LOW
N1,WARNING,2.9,5.9,3.76,0.44,24.73,26.3,89.6,73.4,0.293,0.621,0.035,52.7,HIGH
N3,WARNING,2.82,6.35,3.98,0.448,27.13,35.8,90.2,69.5,0.062,0.424,0.063,49.6,MEDIUM
N1,NORMAL,0.45,1.82,0.74,0.125,4.98,32.4,89.5,79.0,0.043,0.042,0.007,9.5,LOW
N6,SUBSIDENCE,9.77,8.71,20.67,3.42,64.56,36.3,83.9,64.1,0.876,1.181,1.27,100.0,CRITICAL
N4,NORMAL,0.39,1.26,0.27,0.089,-0.42,29.4,85.8,65.4,0.017,0.065,0.018,6.5,LOW
N2,NORMAL,0.69,2.32,0.03,0.063,-1.07,25.0,91.1,78.2,0.027,0.068,0.001,4.3,LOW
N2,SUBSIDENCE,7.44,42.95,9.76,3.845,108.07,37.6,74.1,91.9,0.663,2.702,0.918,100.0,CRITICAL
N3,NORMAL,1.17,2.13,0.91,0.133,4.33,30.1,67.4,84.9,0.008,0.071,0.015,15.9,LOW
N2,WARNING,1.32,4.6,2.18,0.749,13.99,31.5,83.9,92.4,0.255,0.137,0.142,37.3,MEDIUM
N6,NORMAL,0.94,1.95,0.43,0.136,1.44,28.5,92.4,90.3,0.003,0.089,0.018,9.4,LOW
N6,NORMAL,0.54,0.96,0.98,0.134,0.65,33.0,81.1,86.2,0.032,0.057,0.01,9.1,LOW
N6,SUBSIDENCE,11.21,44.75,16.77,3.951,99.38,30.1,84.2,81.1,0.743,4.252,0.339,100.0,CRITICAL
N2,NORMAL,0.7,2.03,0.19,0.177,1.06,30.3,85.3,67.3,0.047,0.038,0.012,9.8,LOW
N2,SUBSIDENCE,6.91,10.53,14.77,4.071,38.44,29.3,71.0,71.9,1.289,3.668,0.516,100.0,CRITICAL
N6,NORMAL,0.22,1.05,0.37,0.149,3.61,29.8,74.5,83.3,0.04,0.057,0.007,6.7,LOW
N2,NORMAL,1.13,0.85,0.46,0.125,3.91,25.1,83.2,94.4,0.013,0.028,0.018,9.8,LOW
N2,NORMAL,1.11,0.23,0.37,0.061,1.98,31.7,77.4,65.9,0.032,0.1,0.01,6.6,LOW
N4,WARNING,1.9,3.86,3.4,0.491,13.89,36.0,93.3,63.2,0.172,0.253,0.063,39.0,MEDIUM
N1,NORMAL,0.94,1.24,0.39,0.13,-0.14,24.5,74.6,79.0,0.001,0.021,0.004,7.3,LOW
N5,SUBSIDENCE,9.75,20.05,7.5,1.546,101.84,38.6,77.2,67.1,0.607,4.053,0.809,100.0,CRITICAL
N2,NORMAL,0.7,1.55,0.64,0.086,-1.66,32.4,65.6,64.2,0.031,0.093,0.019,6.2,LOW
N5,SUBSIDENCE,10.59,38.7,21.03,2.695,99.79,27.3,84.2,98.1,1.537,2.981,1.23,100.0,CRITICAL
N5,NORMAL,0.28,1.91,0.32,0.151,2.88,24.2,88.8,76.3,0.046,0.071,0.008,9.1,LOW
N4,SUBSIDENCE,9.2,11.89,20.04,2.253,103.98,38.2,89.0,76.7,1.361,1.249,0.974,100.0,CRITICAL
N2,WARNING,3.4,3.98,2.13,0.607,11.99,26.2,83.9,82.9,0.179,0.61,0.168,45.9,MEDIUM
N6,WARNING,2.48,7.04,1.55,0.608,27.83,29.5,87.0,79.9,0.231,0.454,0.111,51.6,HIGH
N5,WARNING,1.98,5.94,3.51,0.215,34.16,25.9,92.5,78.9,0.074,0.458,0.149,48.5,MEDIUM
N2,WARNING,1.53,6.41,2.99,0.729,18.25,32.6,94.2,88.5,0.117,0.142,0.189,46.7,MEDIUM
N3,WARNING,3.35,7.95,2.29,0.266,10.88,28.2,74.2,60.2,0.13,0.456,0.048,44.5,MEDIUM
N6,NORMAL,0.49,0.47,0.43,0.051,3.75,30.4,81.5,75.0,0.004,0.087,0.012,7.4,LOW
N3,NORMAL,0.24,1.96,0.93,0.172,2.69,35.5,76.2,96.7,0.021,0.048,0.013,11.8,LOW
N3,SUBSIDENCE,6.26,27.64,21.3,3.987,87.18,35.4,80.1,82.9,0.787,1.61,0.35,100.0,CRITICAL
N5,WARNING,2.29,5.16,2.71,0.701,5.88,37.3,74.2,63.6,0.25,0.373,0.191,43.1,MEDIUM
N3,WARNING,1.73,3.72,3.23,0.215,6.53,32.1,87.1,64.1,0.223,0.49,0.116,34.1,MEDIUM
N4,NORMAL,0.71,2.1,0.36,0.142,3.92,35.0,87.0,78.1,0.041,0.065,0.014,11.5,LOW
N4,NORMAL,0.28,0.91,0.21,0.078,1.43,37.7,94.9,95.4,0.048,0.096,0.015,8.9,LOW
N5,NORMAL,0.19,1.18,0.53,0.04,3.66,31.3,82.9,89.4,0.007,0.038,0.001,6.3,LOW
N2,WARNING,1.98,5.75,3.2,0.614,14.05,29.4,69.0,67.4,0.067,0.126,0.197,42.0,MEDIUM
N1,NORMAL,0.94,1.58,0.5,0.12,-1.04,36.1,82.4,89.2,0.016,0.037,0.006,10.5,LOW
N2,NORMAL,0.36,0.81,0.23,0.13,0.44,26.3,66.9,67.8,0.02,0.071,0.019,6.6,LOW
N2,NORMAL,0.91,0.65,0.58,0.114,0.06,26.6,80.7,86.9,0.003,0.04,0.004,8.5,LOW
N2,NORMAL,0.18,1.53,0.25,0.128,3.67,35.1,66.8,84.2,0.04,0.037,0.011,7.9,LOW
N2,NORMAL,1.02,1.06,0.46,0.132,-1.52,26.7,76.9,67.9,0.019,0.03,0.0,8.2,LOW
N6,NORMAL,0.76,1.23,0.04,0.064,-1.86,28.3,76.3,89.0,0.018,0.026,0.014,6.7,LOW
N1,WARNING,2.31,5.56,3.52,0.298,34.68,34.6,92.9,87.6,0.275,0.301,0.225,47.9,MEDIUM
N6,NORMAL,0.84,0.21,0.47,0.052,0.27,26.4,65.2,80.1,0.049,0.009,0.014,6.3,LOW
N3,NORMAL,0.28,2.42,0.2,0.051,-1.77,31.1,66.6,69.6,0.016,0.002,0.01,3.1,LOW
N2,NORMAL,1.02,1.26,0.43,0.132,3.0,24.9,76.4,94.2,0.038,0.083,0.005,8.0,LOW
N4,NORMAL,0.19,1.52,0.7,0.097,-0.21,24.6,86.8,95.9,0.016,0.007,0.006,3.2,LOW
N5,NORMAL,0.8,1.71,0.47,0.045,-1.95,30.0,76.0,77.8,0.017,0.075,0.019,8.4,LOW
N5,NORMAL,0.57,1.64,0.73,0.146,2.55,30.0,78.4,92.7,0.022,0.095,0.014,8.7,LOW
N6,WARNING,2.21,5.34,1.87,0.658,20.67,35.5,67.0,77.7,0.188,0.716,0.232,46.6,MEDIUM
N6,NORMAL,0.48,0.69,0.91,0.162,1.26,24.6,83.3,84.3,0.007,0.001,0.009,9.3,LOW
N4,WARNING,3.27,3.55,2.11,0.67,19.23,34.4,91.3,64.8,0.065,0.178,0.207,41.9,MEDIUM
N2,SUBSIDENCE,9.96,32.24,8.18,4.11,77.78,33.0,77.9,88.4,1.66,3.979,0.666,100.0,CRITICAL
N1,WARNING,2.55,6.82,1.04,0.572,14.57,27.2,71.1,76.8,0.106,0.661,0.041,43.8,MEDIUM
N3,NORMAL,0.45,1.86,0.7,0.072,1.06,25.9,68.8,72.9,0.01,0.067,0.008,9.1,LOW
N5,NORMAL,0.92,0.26,0.26,0.046,4.7,36.0,70.7,99.9,0.035,0.023,0.004,6.4,LOW
N3,NORMAL,0.41,0.39,0.69,0.118,5.0,35.4,80.4,70.9,0.04,0.043,0.014,8.7,LOW
N1,NORMAL,0.33,0.88,0.85,0.081,0.01,36.2,77.3,70.8,0.04,0.003,0.012,4.9,LOW
N6,SUBSIDENCE,7.68,34.55,13.3,0.776,40.87,34.6,82.4,96.1,1.382,2.28,1.231,100.0,CRITICAL
N5,NORMAL,0.12,0.56,0.62,0.031,2.51,36.5,68.5,78.2,0.049,0.088,0.012,8.0,LOW
N3,NORMAL,0.57,0.97,0.0,0.163,3.44,36.9,83.5,84.1,0.033,0.013,0.008,5.4,LOW
N6,WARNING,3.3,5.58,2.79,0.377,16.14,27.9,70.0,78.2,0.221,0.324,0.149,43.9,MEDIUM
N1,WARNING,1.7,7.44,1.91,0.521,12.9,29.5,89.6,67.9,0.115,0.345,0.231,40.4,MEDIUM
N3,NORMAL,0.15,2.0,0.54,0.101,-0.09,25.7,92.9,71.0,0.004,0.048,0.017,6.2,LOW
N2,NORMAL,0.69,0.35,0.43,0.04,-1.66,25.3,92.9,78.8,0.048,0.073,0.014,5.8,LOW
N6,NORMAL,1.04,0.23,0.3,0.179,0.99,36.0,83.2,89.0,0.044,0.033,0.011,8.5,LOW
N1,NORMAL,0.35,0.56,0.23,0.099,3.61,27.3,91.5,98.1,0.018,0.056,0.016,6.9,LOW
N3,NORMAL,0.14,0.34,0.09,0.144,-0.67,35.3,93.8,70.0,0.036,0.044,0.017,5.0,LOW
N2,NORMAL,0.35,0.27,0.41,0.093,4.75,26.5,67.3,93.5,0.042,0.017,0.016,7.3,LOW
N2,NORMAL,1.17,0.4,0.81,0.157,-1.17,29.0,69.8,85.9,0.014,0.073,0.016,11.4,LOW
N1,NORMAL,0.87,1.36,0.14,0.155,2.52,37.4,93.6,84.8,0.043,0.093,0.016,11.3,LOW
N4,NORMAL,0.9,1.81,0.62,0.023,0.49,36.9,78.5,67.6,0.005,0.03,0.001,8.0,LOW
N5,NORMAL,0.74,0.65,0.8,0.069,0.2,29.8,75.3,80.2,0.043,0.056,0.018,10.0,LOW
N1,NORMAL,0.17,0.55,0.22,0.151,3.14,25.2,81.4,80.9,0.01,0.028,0.019,4.9,LOW
N2,WARNING,2.87,3.94,3.8,0.414,13.57,37.0,70.2,95.3,0.134,0.344,0.066,41.0,MEDIUM
N2,WARNING,2.13,3.98,1.6,0.467,25.08,24.5,92.5,96.1,0.275,0.557,0.131,42.2,MEDIUM
N1,NORMAL,0.52,0.27,0.73,0.147,1.8,30.2,65.7,66.6,0.02,0.085,0.004,9.0,LOW
N4,NORMAL,1.13,1.53,0.81,0.098,3.84,26.1,78.5,79.1,0.027,0.0,0.018,12.0,LOW
N5,NORMAL,0.15,0.32,0.76,0.068,0.87,36.4,66.8,85.4,0.028,0.037,0.016,4.9,LOW
N3,WARNING,1.93,5.71,2.45,0.37,7.84,37.8,74.5,83.4,0.19,0.179,0.056,34.2,MEDIUM
N1,WARNING,1.83,7.26,1.85,0.389,23.25,35.6,86.0,99.6,0.267,0.671,0.081,47.3,MEDIUM
N5,NORMAL,1.13,1.43,0.75,0.111,2.16,37.5,68.8,61.8,0.005,0.0,0.001,10.3,LOW
N5,SUBSIDENCE,6.13,29.76,21.07,3.165,55.73,26.3,87.6,61.8,1.709,0.933,1.474,100.0,CRITICAL
N6,NORMAL,1.12,0.45,0.05,0.162,-1.33,29.3,92.5,94.8,0.04,0.075,0.012,4.1,LOW
N2,NORMAL,0.57,0.73,0.27,0.055,1.79,30.3,74.7,90.3,0.043,0.077,0.016,3.7,LOW
N3,WARNING,3.02,6.32,1.1,0.516,15.41,36.8,73.9,82.2,0.099,0.586,0.082,44.1,MEDIUM
N1,SUBSIDENCE,10.54,22.88,18.92,3.247,104.06,36.5,78.5,70.5,0.789,1.189,0.788,100.0,CRITICAL
N2,WARNING,1.26,4.22,3.14,0.264,15.23,32.0,65.8,68.7,0.055,0.605,0.223,33.6,MEDIUM
N6,WARNING,2.21,5.73,2.49,0.702,33.16,29.9,82.6,90.9,0.077,0.197,0.102,48.2,MEDIUM
N6,NORMAL,0.25,2.05,0.61,0.177,2.56,25.1,84.7,62.2,0.036,0.02,0.015,11.2,LOW
N2,WARNING,1.47,3.09,1.16,0.363,34.83,30.4,70.6,67.7,0.137,0.633,0.05,34.1,MEDIUM
N4,NORMAL,0.21,1.19,0.08,0.166,1.14,36.6,69.1,93.2,0.042,0.098,0.014,6.9,LOW
N5,SUBSIDENCE,5.81,25.49,15.64,3.867,103.32,35.3,65.8,78.0,0.438,2.149,1.241,100.0,CRITICAL
N1,NORMAL,1.01,1.9,0.41,0.138,1.86,36.1,66.5,96.0,0.046,0.059,0.008,10.3,LOW
N1,WARNING,2.8,7.67,1.75,0.576,29.28,31.9,78.4,89.4,0.226,0.247,0.083,49.5,MEDIUM
N1,NORMAL,0.52,2.18,0.43,0.026,-1.88,35.1,76.3,99.8,0.032,0.054,0.011,8.2,LOW
N2,WARNING,3.37,2.57,3.69,0.568,20.06,31.8,70.4,85.6,0.196,0.689,0.239,50.7,HIGH
N4,NORMAL,0.18,1.66,0.81,0.077,-1.5,33.6,94.1,89.8,0.035,0.034,0.005,6.6,LOW
N3,WARNING,2.33,5.8,1.43,0.644,23.13,37.8,93.7,85.6,0.291,0.786,0.102,47.4,MEDIUM
N6,NORMAL,0.47,1.93,0.27,0.121,-1.83,34.9,73.8,88.3,0.031,0.095,0.005,6.5,LOW
N2,NORMAL,0.87,0.62,0.6,0.157,0.68,36.9,81.9,74.2,0.036,0.067,0.005,9.3,LOW
N3,NORMAL,0.28,1.29,0.73,0.12,3.09,37.8,94.0,76.6,0.04,0.044,0.01,8.2,LOW
N6,NORMAL,0.85,0.82,0.15,0.143,1.05,37.1,82.9,79.2,0.009,0.076,0.018,6.3,LOW
N6,SUBSIDENCE,4.71,37.33,21.02,3.819,91.38,38.0,67.0,81.2,0.307,2.309,0.763,100.0,CRITICAL
N4,NORMAL,0.25,1.72,0.79,0.123,3.56,37.4,73.6,62.5,0.03,0.019,0.008,6.0,LOW
N5,SUBSIDENCE,6.77,21.55,12.47,2.683,109.43,37.0,91.9,77.0,1.434,0.933,1.141,100.0,CRITICAL
N1,NORMAL,0.44,2.13,0.78,0.106,-1.17,28.6,76.1,78.5,0.033,0.007,0.002,8.5,LOW
N3,NORMAL,0.47,0.28,0.16,0.038,1.02,27.3,72.4,93.3,0.011,0.029,0.009,5.6,LOW
N2,WARNING,2.46,7.21,2.54,0.698,12.64,29.9,90.6,82.6,0.204,0.452,0.231,50.4,HIGH
N3,WARNING,2.83,7.38,3.99,0.597,14.44,24.8,82.4,92.4,0.125,0.316,0.043,49.3,MEDIUM
N5,NORMAL,0.14,1.5,0.37,0.163,-0.98,34.4,91.5,67.4,0.028,0.097,0.007,6.3,LOW
N1,NORMAL,1.19,2.06,0.14,0.07,2.37,27.8,89.2,87.3,0.044,0.019,0.015,9.2,LOW
N3,WARNING,2.4,6.07,3.63,0.4,28.08,30.2,88.8,82.3,0.09,0.591,0.193,48.3,MEDIUM
N5,NORMAL,1.13,0.46,0.13,0.155,3.9,37.8,81.0,68.1,0.024,0.096,0.014,7.5,LOW
N2,SUBSIDENCE,7.28,44.28,10.67,4.052,94.78,34.8,67.3,97.3,0.963,2.805,1.009,100.0,CRITICAL
N4,SUBSIDENCE,8.57,42.45,15.37,2.237,77.52,32.0,93.7,95.2,1.544,2.007,1.446,100.0,CRITICAL
N6,WARNING,2.97,5.07,2.76,0.658,21.32,31.5,70.9,69.8,0.235,0.653,0.138,50.8,HIGH
N2,NORMAL,1.1,2.13,0.01,0.159,-1.82,37.6,83.3,75.7,0.023,0.007,0.019,7.3,LOW
N1,WARNING,2.38,6.69,1.67,0.432,27.12,34.3,94.3,61.5,0.149,0.122,0.137,41.9,MEDIUM
N6,NORMAL,0.69,1.23,0.24,0.122,-0.85,37.9,76.6,78.5,0.014,0.078,0.009,5.7,LOW
N2,NORMAL,0.43,0.74,0.92,0.14,0.33,27.7,71.0,94.8,0.035,0.097,0.001,10.3,LOW
N2,NORMAL,0.3,0.91,0.54,0.119,3.66,28.2,72.4,88.4,0.02,0.053,0.019,8.9,LOW
N2,NORMAL,0.95,1.15,0.21,0.145,2.69,35.7,70.3,94.5,0.044,0.084,0.004,9.4,LOW
N2,SUBSIDENCE,10.05,29.08,15.56,1.109,37.99,28.6,90.0,69.1,0.796,3.839,0.832,100.0,CRITICAL
N6,WARNING,3.08,4.99,2.39,0.335,32.01,35.9,67.9,89.4,0.072,0.201,0.166,45.2,MEDIUM
N1,WARNING,2.91,5.7,2.46,0.363,15.54,27.9,79.0,82.4,0.219,0.146,0.155,41.4,MEDIUM
N5,NORMAL,1.07,1.53,0.23,0.033,2.39,35.6,92.6,61.6,0.027,0.067,0.009,8.9,LOW
N3,NORMAL,0.92,0.28,0.45,0.094,2.87,28.8,71.7,87.4,0.018,0.082,0.007,5.6,LOW
N4,NORMAL,0.18,1.04,0.27,0.057,-1.57,27.8,84.5,73.4,0.01,0.045,0.01,4.5,LOW
N3,SUBSIDENCE,6.62,36.96,13.94,4.038,61.95,38.9,65.2,63.5,1.542,3.532,1.363,100.0,CRITICAL
N3,NORMAL,0.84,1.1,0.82,0.022,3.65,24.7,75.5,63.4,0.007,0.029,0.019,9.7,LOW
N4,SUBSIDENCE,10.76,34.01,18.41,2.569,61.83,34.8,71.9,65.6,0.303,1.828,0.893,100.0,CRITICAL
N6,NORMAL,0.32,1.01,0.15,0.045,-1.69,30.1,84.0,63.0,0.043,0.022,0.016,4.5,LOW
N1,NORMAL,0.74,0.87,0.1,0.165,2.23,33.8,83.2,60.8,0.012,0.042,0.007,8.5,LOW
N4,WARNING,1.66,5.13,2.34,0.475,26.44,24.9,82.5,98.0,0.221,0.361,0.222,45.0,MEDIUM
N1,NORMAL,0.7,1.25,0.13,0.15,0.62,28.3,73.4,94.9,0.035,0.02,0.001,8.2,LOW
N6,SUBSIDENCE,10.85,27.75,4.34,1.538,82.93,35.1,90.3,78.8,0.452,3.392,0.265,100.0,CRITICAL
N3,SUBSIDENCE,10.55,36.92,16.09,2.286,55.39,33.2,70.2,99.2,1.591,3.2,1.248,100.0,CRITICAL
N1,NORMAL,0.3,2.3,0.21,0.08,1.08,29.3,65.1,87.3,0.046,0.089,0.016,7.8,LOW
N6,NORMAL,0.55,1.94,0.79,0.09,3.24,34.9,79.8,61.7,0.042,0.093,0.012,12.0,LOW
N6,NORMAL,0.27,0.49,0.17,0.022,4.01,30.5,67.2,71.0,0.028,0.038,0.008,5.4,LOW
N5,SUBSIDENCE,10.74,35.52,14.14,2.408,54.42,27.8,89.4,73.8,1.007,3.012,1.141,100.0,CRITICAL
N4,NORMAL,0.65,1.6,0.49,0.112,-1.22,26.7,83.1,67.9,0.022,0.028,0.002,9.4,LOW
N5,WARNING,1.62,5.54,3.71,0.63,32.15,27.7,67.3,73.8,0.196,0.387,0.188,49.8,MEDIUM
N3,WARNING,1.89,6.22,2.65,0.259,32.26,25.4,88.7,74.6,0.198,0.42,0.236,47.1,MEDIUM
N4,WARNING,2.8,7.62,2.55,0.193,5.87,28.7,88.5,64.6,0.133,0.647,0.086,39.9,MEDIUM
N3,NORMAL,1.03,0.81,0.05,0.039,4.67,33.6,74.6,89.0,0.023,0.026,0.01,8.5,LOW
N5,WARNING,1.78,3.12,2.65,0.266,33.21,35.8,66.8,98.1,0.05,0.629,0.084,39.1,MEDIUM
N6,SUBSIDENCE,4.36,37.15,13.31,2.235,56.01,31.7,95.0,84.5,1.562,1.539,1.152,100.0,CRITICAL
N3,NORMAL,0.21,1.16,0.07,0.066,0.4,31.5,71.7,72.8,0.043,0.084,0.0,6.8,LOW
N4,NORMAL,0.12,1.92,0.95,0.055,0.39,32.2,91.1,67.5,0.01,0.093,0.0,6.9,LOW
N4,SUBSIDENCE,8.51,9.87,18.66,1.697,109.16,36.2,68.9,72.4,1.683,3.51,0.871,100.0,CRITICAL
N3,NORMAL,0.13,1.68,0.81,0.171,2.81,30.9,68.3,78.7,0.037,0.09,0.019,10.7,LOW
N4,SUBSIDENCE,8.23,31.37,21.81,3.916,64.73,30.5,91.3,77.5,0.47,1.595,0.467,100.0,CRITICAL
N6,NORMAL,0.72,0.61,0.49,0.16,3.41,33.3,69.4,87.0,0.004,0.086,0.005,11.1,LOW
N6,NORMAL,0.14,1.58,0.65,0.059,4.56,34.0,84.5,66.7,0.002,0.089,0.008,10.6,LOW
N4,SUBSIDENCE,6.21,27.6,19.24,4.044,36.54,38.7,65.5,77.5,0.829,3.272,0.91,100.0,CRITICAL
N3,NORMAL,0.84,0.7,0.73,0.033,1.16,37.4,92.4,97.1,0.034,0.027,0.001,6.9,LOW
N5,NORMAL,1.18,0.62,0.16,0.025,4.24,32.1,68.9,67.1,0.038,0.063,0.019,7.1,LOW
N4,NORMAL,0.25,0.91,0.38,0.147,-0.66,34.9,94.1,73.7,0.036,0.049,0.02,5.9,LOW
N4,NORMAL,0.24,1.36,0.12,0.099,-0.11,37.9,71.9,68.3,0.025,0.095,0.006,6.1,LOW
N4,NORMAL,0.7,2.14,0.75,0.136,-0.02,37.6,92.6,68.0,0.001,0.016,0.007,11.2,LOW
N4,NORMAL,0.9,1.53,0.05,0.079,1.4,30.3,72.5,72.7,0.033,0.029,0.019,8.8,LOW
N3,SUBSIDENCE,9.89,31.69,17.36,1.759,59.51,30.1,74.8,70.8,0.895,1.498,1.114,100.0,CRITICAL
N5,NORMAL,0.6,1.98,0.84,0.149,2.35,35.2,88.4,86.8,0.014,0.073,0.001,10.6,LOW
N5,WARNING,1.43,7.99,3.27,0.599,6.92,32.0,91.4,71.3,0.15,0.16,0.103,43.6,MEDIUM
N1,NORMAL,0.79,0.58,0.35,0.172,3.23,26.2,75.6,66.0,0.027,0.025,0.008,8.5,LOW
N4,WARNING,3.03,2.94,1.57,0.574,32.08,28.0,91.1,95.6,0.291,0.685,0.069,48.3,MEDIUM
N4,NORMAL,0.8,0.92,0.22,0.156,-0.56,27.6,73.5,63.7,0.033,0.097,0.014,10.3,LOW
N1,SUBSIDENCE,9.33,27.18,7.72,1.535,35.68,38.7,85.3,90.1,1.768,3.864,0.743,100.0,CRITICAL
N5,NORMAL,0.85,1.94,0.17,0.11,3.95,28.1,70.5,85.0,0.001,0.012,0.005,9.5,LOW
N2,NORMAL,0.42,0.56,0.91,0.131,-0.28,26.5,93.1,91.4,0.018,0.074,0.016,4.9,LOW
N6,NORMAL,1.04,0.53,0.14,0.069,-1.55,24.4,67.5,97.8,0.005,0.014,0.014,3.2,LOW
N2,NORMAL,0.19,1.44,0.64,0.173,4.3,33.4,72.8,85.5,0.022,0.094,0.009,9.8,LOW
N5,NORMAL,0.69,1.6,0.68,0.048,0.11,33.3,93.1,63.0,0.037,0.016,0.007,6.6,LOW
N4,NORMAL,0.67,0.39,0.38,0.048,2.55,30.3,73.5,80.9,0.038,0.025,0.014,6.9,LOW
N2,WARNING,2.07,3.76,3.27,0.635,29.01,28.6,87.4,92.7,0.146,0.219,0.213,46.6,MEDIUM
N3,NORMAL,0.94,1.1,0.94,0.126,2.03,36.3,69.8,76.6,0.035,0.004,0.008,9.3,LOW
N3,NORMAL,0.55,1.02,0.56,0.179,-0.21,25.4,82.2,98.1,0.035,0.076,0.012,6.2,LOW
N1,WARNING,1.99,6.02,3.88,0.635,25.65,29.7,75.8,80.8,0.293,0.219,0.198,53.7,HIGH
N5,WARNING,1.28,4.22,1.5,0.259,15.12,34.5,72.2,97.0,0.251,0.241,0.142,30.6,MEDIUM
N5,NORMAL,1.05,0.78,0.99,0.127,0.0,34.0,73.0,99.2,0.034,0.067,0.012,8.9,LOW
N2,NORMAL,1.04,1.92,0.03,0.114,2.95,29.7,91.9,60.0,0.043,0.095,0.018,9.4,LOW
N4,NORMAL,0.49,0.46,0.88,0.168,-0.21,31.0,80.0,87.8,0.018,0.098,0.011,6.5,LOW
N5,WARNING,3.4,4.52,1.52,0.285,5.61,37.9,92.3,79.7,0.189,0.75,0.184,38.6,MEDIUM
N2,WARNING,2.32,5.96,1.33,0.526,18.92,32.5,76.0,67.8,0.211,0.496,0.091,43.3,MEDIUM
N2,NORMAL,0.84,0.9,0.89,0.052,2.2,33.5,74.6,64.6,0.029,0.02,0.009,9.4,LOW
N6,WARNING,2.62,3.73,3.04,0.658,8.7,28.7,77.6,60.5,0.159,0.411,0.165,43.8,MEDIUM
N6,WARNING,1.48,5.63,1.65,0.262,14.73,26.3,89.0,62.5,0.091,0.142,0.085,30.7,MEDIUM
N5,NORMAL,0.92,1.08,0.68,0.028,4.44,33.0,92.6,77.8,0.038,0.014,0.004,11.4,LOW
N2,SUBSIDENCE,7.63,16.8,10.89,1.737,61.29,35.0,74.9,95.4,0.331,0.952,1.101,100.0,CRITICAL
N1,NORMAL,0.39,1.11,0.73,0.139,4.03,28.7,66.3,83.5,0.001,0.018,0.013,5.9,LOW
N1,NORMAL,0.53,1.04,0.26,0.021,-0.72,26.0,91.3,76.2,0.024,0.028,0.017,2.9,LOW
N6,NORMAL,0.4,0.9,0.33,0.101,0.48,32.5,72.3,92.5,0.032,0.043,0.013,5.6,LOW
N5,NORMAL,0.98,2.47,0.18,0.156,4.1,37.6,84.3,74.4,0.032,0.051,0.019,11.7,LOW
N4,NORMAL,1.0,0.41,0.29,0.178,3.7,37.7,74.3,90.3,0.047,0.059,0.008,8.5,LOW
N1,SUBSIDENCE,8.24,16.45,4.31,2.074,76.08,35.5,66.6,86.6,0.575,2.334,1.019,100.0,CRITICAL
N1,NORMAL,0.16,0.26,0.15,0.125,-1.63,36.7,67.6,72.2,0.001,0.012,0.019,4.5,LOW
N6,NORMAL,1.14,0.42,0.09,0.034,4.84,37.5,77.8,83.9,0.037,0.021,0.001,4.0,LOW
N6,NORMAL,0.41,1.94,0.2,0.146,-0.39,29.4,65.9,82.1,0.005,0.048,0.016,8.6,LOW
N5,SUBSIDENCE,9.28,35.41,11.23,1.085,78.82,32.1,74.3,73.6,0.794,4.303,0.878,100.0,CRITICAL
N6,NORMAL,0.66,0.91,0.89,0.09,0.04,30.3,81.5,73.6,0.008,0.067,0.001,5.4,LOW
N3,NORMAL,0.92,1.75,0.97,0.101,1.76,33.6,74.3,81.6,0.012,0.039,0.001,9.0,LOW
N2,NORMAL,0.38,1.63,0.45,0.097,4.6,30.5,88.9,93.3,0.035,0.026,0.01,8.0,LOW
N1,NORMAL,0.41,2.09,0.18,0.142,-0.26,37.9,69.6,78.5,0.015,0.085,0.008,7.1,LOW
N3,SUBSIDENCE,9.73,8.2,6.73,0.82,109.47,26.8,81.0,99.0,1.441,2.182,0.445,100.0,CRITICAL
N4,SUBSIDENCE,9.23,21.51,13.02,4.196,73.91,34.3,85.6,82.8,1.746,0.861,1.151,100.0,CRITICAL
N3,NORMAL,0.15,0.54,0.92,0.057,4.95,35.1,77.9,62.7,0.034,0.044,0.018,10.2,LOW
N5,SUBSIDENCE,10.88,36.31,18.23,3.32,55.68,26.2,68.3,81.3,1.588,0.808,0.547,100.0,CRITICAL
N4,WARNING,1.29,3.5,1.7,0.554,19.06,28.9,93.9,60.3,0.165,0.638,0.125,38.1,MEDIUM
N4,SUBSIDENCE,6.1,30.55,18.09,3.567,38.46,27.1,87.5,70.0,1.364,3.465,0.518,100.0,CRITICAL
N6,NORMAL,0.1,0.71,0.03,0.06,0.35,30.5,93.7,95.2,0.014,0.092,0.005,2.6,LOW
N3,NORMAL,0.44,0.95,0.59,0.167,-1.93,34.1,85.8,68.2,0.02,0.085,0.008,6.9,LOW
N5,NORMAL,0.59,1.5,0.72,0.152,3.32,32.0,76.2,88.6,0.001,0.067,0.01,10.5,LOW
N1,WARNING,2.75,5.69,3.58,0.238,14.03,28.7,92.8,95.9,0.174,0.771,0.037,43.1,MEDIUM
N6,NORMAL,1.05,0.91,0.85,0.101,2.34,28.8,84.1,69.6,0.012,0.071,0.007,8.6,LOW
N3,NORMAL,0.35,1.05,0.78,0.056,3.51,34.4,65.4,72.2,0.035,0.068,0.009,11.2,LOW
N1,NORMAL,0.85,2.47,0.0,0.102,4.47,24.1,88.7,72.4,0.043,0.002,0.011,14.1,LOW
N3,WARNING,2.96,7.7,3.93,0.69,11.12,24.1,76.8,96.3,0.099,0.538,0.145,50.9,HIGH
N6,NORMAL,1.09,0.67,0.38,0.11,3.97,37.3,86.9,95.1,0.027,0.097,0.016,10.6,LOW
N1,WARNING,3.11,3.9,1.69,0.673,7.54,25.9,79.6,79.2,0.152,0.674,0.207,43.1,MEDIUM
N6,SUBSIDENCE,6.25,41.94,15.76,4.132,40.01,29.2,94.9,94.9,0.892,3.89,0.778,100.0,CRITICAL
N3,NORMAL,0.7,1.49,0.01,0.177,3.64,25.2,93.3,100.0,0.002,0.018,0.016,7.4,LOW
N4,WARNING,3.24,6.56,2.46,0.227,26.91,27.4,74.7,92.6,0.149,0.499,0.087,45.5,MEDIUM
N2,NORMAL,0.57,0.92,0.43,0.025,4.23,37.8,82.8,71.7,0.028,0.01,0.006,8.7,LOW
N4,SUBSIDENCE,7.12,17.56,4.57,3.655,56.94,36.7,76.3,88.3,1.558,2.571,0.479,100.0,CRITICAL
N6,NORMAL,1.02,2.41,0.09,0.021,1.84,31.0,68.7,93.5,0.013,0.047,0.001,8.8,LOW
N6,WARNING,2.95,2.91,3.51,0.365,15.59,24.7,94.0,70.2,0.095,0.685,0.113,40.1,MEDIUM
N6,WARNING,3.35,4.16,3.49,0.559,30.84,35.4,86.3,62.5,0.294,0.71,0.113,55.8,HIGH
N1,SUBSIDENCE,11.4,25.24,6.42,2.218,80.24,34.4,92.2,75.5,1.159,2.927,0.57,100.0,CRITICAL
N5,WARNING,2.65,3.84,1.14,0.514,6.43,29.8,92.5,60.5,0.231,0.569,0.105,34.4,MEDIUM
N6,NORMAL,0.72,2.32,0.91,0.114,0.67,24.2,91.5,83.5,0.005,0.017,0.014,10.3,LOW
N4,WARNING,1.3,3.82,2.78,0.2,28.4,36.0,83.3,78.3,0.28,0.773,0.189,43.5,MEDIUM
N2,SUBSIDENCE,9.56,16.29,5.98,3.378,106.86,32.2,78.3,97.9,1.166,2.585,0.918,100.0,CRITICAL
N6,NORMAL,0.63,0.39,0.77,0.083,2.97,24.5,76.4,87.7,0.029,0.071,0.001,8.3,LOW
N6,NORMAL,0.35,1.2,0.98,0.054,3.94,31.1,85.5,84.8,0.041,0.089,0.018,9.9,LOW
N6,SUBSIDENCE,6.13,18.35,10.15,1.504,91.8,26.2,87.7,75.6,1.747,4.011,0.522,100.0,CRITICAL
N1,WARNING,3.1,6.79,2.88,0.326,8.12,24.9,71.0,85.1,0.113,0.457,0.245,42.7,MEDIUM
N6,WARNING,1.9,7.22,1.42,0.729,32.37,35.3,89.2,88.2,0.272,0.221,0.096,51.1,HIGH
N4,NORMAL,0.59,0.92,0.96,0.042,-1.69,31.5,76.0,65.9,0.0,0.078,0.001,4.6,LOW
N3,WARNING,2.9,2.8,1.96,0.5,17.07,29.8,76.8,72.3,0.115,0.748,0.234,42.5,MEDIUM
N5,NORMAL,1.04,1.51,0.09,0.157,1.74,37.4,87.2,65.3,0.021,0.034,0.002,9.9,LOW
N6,WARNING,2.38,5.56,1.5,0.424,24.37,29.8,82.5,64.7,0.121,0.332,0.048,42.7,MEDIUM
N1,NORMAL,0.78,1.11,0.68,0.07,1.98,25.9,94.0,93.7,0.031,0.069,0.015,7.1,LOW
N4,WARNING,2.49,7.4,2.15,0.2,26.81,35.4,92.2,71.1,0.286,0.213,0.168,44.5,MEDIUM
N6,SUBSIDENCE,4.59,17.17,14.4,3.92,78.69,25.8,75.0,62.3,1.679,3.649,0.998,100.0,CRITICAL
N1,NORMAL,0.45,0.34,0.17,0.086,1.6,33.7,87.0,89.1,0.011,0.073,0.012,7.0,LOW
N3,SUBSIDENCE,11.46,16.78,8.86,1.075,79.44,34.6,83.6,70.6,0.893,2.636,0.462,100.0,CRITICAL
N2,NORMAL,0.61,2.26,0.77,0.056,4.15,36.9,66.2,66.0,0.003,0.041,0.002,9.7,LOW
N6,SUBSIDENCE,11.28,29.54,18.31,0.807,66.43,39.0,85.6,73.1,1.777,2.945,1.312,100.0,CRITICAL
N4,WARNING,1.91,2.89,2.28,0.702,19.34,37.3,86.2,94.8,0.278,0.672,0.246,43.3,MEDIUM
N1,NORMAL,0.92,1.82,0.72,0.135,0.66,30.4,92.0,86.1,0.021,0.029,0.003,9.9,LOW
N1,WARNING,1.33,6.96,3.81,0.653,26.83,25.1,68.2,97.4,0.088,0.344,0.15,51.4,HIGH
N6,SUBSIDENCE,9.47,18.18,9.89,2.076,40.63,37.3,84.2,90.8,1.409,1.454,1.256,100.0,CRITICAL
N1,NORMAL,0.29,1.52,0.68,0.126,-1.18,34.7,82.1,90.2,0.017,0.033,0.011,6.2,LOW
N2,NORMAL,0.21,2.22,0.54,0.026,2.5,37.1,74.7,79.8,0.026,0.022,0.015,9.3,LOW
N1,WARNING,1.49,7.61,1.96,0.291,19.35,25.8,68.4,94.9,0.061,0.277,0.036,36.8,MEDIUM
N5,WARNING,3.34,5.11,2.89,0.577,16.74,32.1,80.5,81.0,0.143,0.573,0.107,47.8,MEDIUM
N5,WARNING,3.11,6.37,3.88,0.631,9.37,30.7,66.9,98.1,0.235,0.566,0.169,53.6,HIGH
N1,WARNING,3.16,5.18,1.48,0.65,17.92,24.9,88.0,89.4,0.148,0.566,0.194,45.4,MEDIUM
N6,NORMAL,0.75,0.98,0.16,0.036,-1.99,28.3,76.7,72.3,0.01,0.041,0.005,2.6,LOW
N5,WARNING,2.87,5.2,1.06,0.309,26.29,28.1,80.5,86.7,0.125,0.744,0.184,40.3,MEDIUM
N4,NORMAL,0.31,0.77,0.51,0.168,0.41,34.4,78.2,90.0,0.02,0.019,0.012,7.1,LOW
N5,NORMAL,0.43,1.83,0.26,0.145,3.81,31.5,94.6,74.5,0.04,0.022,0.014,9.6,LOW
N1,NORMAL,0.95,1.05,0.4,0.038,-0.32,35.1,79.0,92.2,0.008,0.016,0.0,6.8,LOW
N6,NORMAL,0.77,2.11,0.5,0.035,2.32,34.2,78.0,92.8,0.034,0.063,0.016,8.3,LOW
N3,NORMAL,0.86,0.48,0.54,0.137,1.87,35.5,86.1,75.4,0.047,0.01,0.014,9.6,LOW
N6,NORMAL,0.52,1.55,0.4,0.161,-1.23,34.0,70.0,88.2,0.032,0.013,0.011,8.8,LOW
N6,WARNING,1.52,5.91,2.52,0.35,8.35,34.8,72.0,89.5,0.234,0.367,0.04,37.0,MEDIUM
N6,NORMAL,0.72,0.65,0.08,0.115,-1.82,28.6,81.2,83.7,0.003,0.07,0.011,5.0,LOW
N4,NORMAL,0.72,1.68,0.94,0.082,0.11,28.7,83.3,61.9,0.002,0.015,0.002,9.5,LOW
N2,NORMAL,0.9,1.11,0.96,0.111,3.4,29.6,81.8,76.1,0.043,0.089,0.01,11.4,LOW
N1,NORMAL,0.36,0.95,0.23,0.063,-1.34,35.1,78.4,98.2,0.021,0.024,0.009,2.5,LOW
N2,NORMAL,0.26,2.16,0.25,0.169,-0.41,27.1,85.1,85.4,0.037,0.006,0.013,8.3,LOW
N3,NORMAL,1.12,1.64,0.41,0.051,2.6,31.3,82.9,74.5,0.006,0.083,0.005,9.4,LOW
N2,WARNING,2.73,3.88,1.1,0.727,14.6,25.6,80.6,75.7,0.228,0.455,0.174,40.4,MEDIUM
N1,WARNING,2.24,7.81,1.41,0.61,14.91,29.0,73.1,86.7,0.123,0.29,0.1,44.8,MEDIUM
N1,WARNING,1.31,4.33,1.84,0.608,9.39,26.8,73.6,90.4,0.285,0.219,0.105,31.8,MEDIUM
N3,NORMAL,0.62,0.57,0.05,0.057,4.62,36.6,82.7,95.2,0.042,0.044,0.01,6.3,LOW
N1,NORMAL,0.64,0.66,0.73,0.104,2.68,28.6,85.1,83.7,0.008,0.065,0.008,8.1,LOW
N3,SUBSIDENCE,9.02,43.72,16.62,2.961,81.02,35.3,73.8,65.9,0.898,3.905,0.726,100.0,CRITICAL
N3,NORMAL,0.24,1.66,0.33,0.064,2.14,33.9,81.4,94.2,0.001,0.025,0.007,5.4,LOW
N1,NORMAL,0.47,0.88,0.03,0.172,1.51,28.6,84.7,91.4,0.025,0.092,0.006,3.6,LOW
N5,NORMAL,0.87,2.01,0.58,0.158,1.85,33.2,72.3,61.6,0.011,0.054,0.014,10.3,LOW
N3,NORMAL,0.38,2.46,0.18,0.094,2.47,32.5,91.0,70.6,0.044,0.076,0.018,8.3,LOW
N1,NORMAL,0.57,2.14,0.33,0.159,0.54,25.8,66.1,95.9,0.018,0.031,0.011,11.2,LOW
N5,NORMAL,1.12,0.38,0.55,0.106,0.61,34.6,80.8,72.9,0.028,0.046,0.01,9.0,LOW
N3,NORMAL,0.74,1.67,0.66,0.119,2.65,34.6,78.0,74.6,0.016,0.045,0.013,10.8,LOW
N5,NORMAL,0.89,0.71,0.01,0.095,-0.79,28.6,84.2,87.0,0.019,0.029,0.016,8.0,LOW
N4,WARNING,2.25,2.95,3.1,0.223,7.98,33.4,76.6,99.1,0.099,0.296,0.215,33.6,MEDIUM
N6,WARNING,1.76,5.85,3.54,0.637,7.71,30.8,88.7,66.6,0.224,0.281,0.102,45.4,MEDIUM
N4,WARNING,1.45,3.34,1.65,0.214,32.79,35.0,87.6,88.7,0.13,0.224,0.167,33.7,MEDIUM
N5,WARNING,1.32,6.8,2.51,0.55,33.69,30.7,93.5,83.3,0.253,0.678,0.062,52.1,HIGH
N3,SUBSIDENCE,4.37,35.08,4.77,3.311,100.98,37.8,81.4,83.2,0.938,2.33,0.63,100.0,CRITICAL
N1,NORMAL,0.83,0.89,0.43,0.139,4.9,33.2,76.6,100.0,0.002,0.004,0.009,7.6,LOW
N2,NORMAL,0.31,0.22,0.19,0.162,-0.98,24.8,84.8,74.2,0.024,0.042,0.013,3.6,LOW
N1,NORMAL,1.12,2.15,0.4,0.179,-1.64,26.4,80.4,63.4,0.039,0.043,0.009,11.2,LOW
N2,WARNING,2.62,3.83,3.17,0.526,27.39,29.1,92.6,83.1,0.237,0.238,0.02,46.6,MEDIUM
N2,SUBSIDENCE,9.68,40.54,20.31,2.575,75.57,34.0,83.5,74.5,1.576,3.788,1.124,100.0,CRITICAL
N3,NORMAL,1.03,1.62,0.22,0.058,4.03,32.5,70.5,78.8,0.031,0.04,0.004,7.6,LOW
N5,SUBSIDENCE,9.26,28.92,20.6,0.887,55.98,35.8,76.1,97.0,0.386,1.52,0.405,100.0,CRITICAL
N1,NORMAL,0.13,1.7,0.97,0.048,1.1,28.6,86.8,86.1,0.035,0.063,0.011,7.3,LOW
N5,SUBSIDENCE,4.88,43.67,14.0,2.563,98.62,36.4,86.0,98.8,1.261,1.076,0.883,100.0,CRITICAL
N4,NORMAL,0.13,0.8,0.55,0.119,-0.08,37.3,76.7,98.3,0.041,0.016,0.0,5.3,LOW
N3,NORMAL,0.41,0.35,0.77,0.154,1.44,35.9,73.2,93.9,0.004,0.065,0.004,6.4,LOW
N3,NORMAL,0.57,1.57,0.79,0.026,3.75,36.5,65.7,82.4,0.007,0.036,0.009,8.5,LOW
N4,NORMAL,0.81,0.93,0.29,0.098,-0.69,29.4,83.5,60.0,0.023,0.077,0.017,8.1,LOW
N1,NORMAL,0.71,2.44,0.31,0.115,3.34,30.5,73.8,87.8,0.03,0.042,0.003,13.0,LOW
N6,NORMAL,0.59,2.15,0.19,0.087,1.9,27.2,69.3,74.0,0.006,0.059,0.006,5.3,LOW
N4,WARNING,3.34,2.67,3.56,0.406,21.85,37.8,88.8,71.8,0.178,0.748,0.197,47.7,MEDIUM
N1,NORMAL,1.16,2.46,0.12,0.164,2.65,36.4,68.5,65.7,0.046,0.092,0.018,12.4,LOW
N2,NORMAL,0.23,0.41,0.35,0.129,0.48,30.5,73.9,65.0,0.036,0.082,0.013,5.4,LOW
N3,WARNING,2.34,6.46,2.64,0.591,15.06,32.6,89.1,65.6,0.067,0.64,0.071,49.2,MEDIUM
N1,WARNING,2.58,6.29,3.24,0.264,29.75,27.1,74.1,66.6,0.074,0.464,0.122,46.9,MEDIUM
N5,NORMAL,0.57,0.28,0.89,0.046,4.2,28.2,94.9,86.8,0.043,0.045,0.01,10.8,LOW
N5,NORMAL,1.15,1.15,0.88,0.092,4.07,33.2,78.4,87.4,0.007,0.064,0.014,10.5,LOW
N3,NORMAL,0.36,1.57,0.55,0.071,3.45,36.5,82.3,93.7,0.004,0.017,0.009,5.6,LOW
N4,NORMAL,0.67,2.01,0.33,0.15,0.81,33.8,90.8,68.3,0.028,0.018,0.018,10.3,LOW
N6,WARNING,1.36,4.35,2.55,0.637,16.93,28.7,94.4,67.0,0.117,0.361,0.182,39.1,MEDIUM
N4,NORMAL,0.93,1.56,0.23,0.141,1.13,35.8,85.4,91.2,0.034,0.066,0.002,7.4,LOW
N1,NORMAL,0.59,0.65,0.33,0.164,4.57,34.7,89.5,61.2,0.024,0.03,0.015,9.7,LOW
N4,WARNING,1.22,4.46,1.46,0.639,20.99,32.1,75.2,80.7,0.256,0.224,0.164,39.8,MEDIUM
N3,NORMAL,0.75,2.25,0.06,0.152,4.86,31.3,86.2,84.1,0.037,0.074,0.004,11.7,LOW
N1,NORMAL,0.52,2.36,0.51,0.175,1.95,24.2,67.3,83.3,0.04,0.074,0.013,11.7,LOW
N2,NORMAL,1.1,1.58,0.24,0.071,2.36,29.0,80.7,91.4,0.03,0.096,0.011,10.1,LOW
N4,SUBSIDENCE,8.09,20.06,10.1,3.361,39.98,26.8,87.7,85.2,0.712,1.366,1.431,100.0,CRITICAL
N4,NORMAL,0.8,1.96,0.4,0.084,0.02,33.8,92.2,98.5,0.03,0.093,0.018,10.8,LOW
N6,WARNING,3.03,4.74,2.45,0.711,25.1,28.8,70.6,96.3,0.255,0.181,0.065,46.3,MEDIUM
N1,NORMAL,0.34,1.48,0.09,0.045,-0.27,36.8,93.7,78.1,0.049,0.08,0.013,5.0,LOW
N5,NORMAL,0.46,0.93,0.04,0.065,0.49,27.5,89.1,91.8,0.002,0.088,0.017,5.2,LOW
N4,WARNING,1.97,6.33,1.87,0.22,20.14,37.3,86.9,89.6,0.16,0.197,0.133,36.5,MEDIUM
N3,SUBSIDENCE,9.94,35.55,4.36,3.94,97.26,27.3,72.6,60.9,0.712,2.845,1.019,100.0,CRITICAL
N4,WARNING,3.19,2.64,1.96,0.225,28.44,31.8,88.1,88.7,0.281,0.494,0.052,41.2,MEDIUM
N6,WARNING,2.91,4.04,1.22,0.265,33.67,35.9,71.6,62.3,0.203,0.61,0.227,44.6,MEDIUM
N2,SUBSIDENCE,11.36,44.32,14.21,3.815,52.39,34.7,84.1,60.7,0.467,2.649,1.264,100.0,CRITICAL
N6,NORMAL,0.45,2.36,0.13,0.136,3.32,33.6,70.8,76.0,0.037,0.099,0.008,9.0,LOW
N4,NORMAL,0.64,0.69,0.91,0.135,-0.01,35.6,80.1,64.1,0.007,0.029,0.012,10.4,LOW
N5,WARNING,1.77,4.4,2.91,0.321,12.02,35.8,85.9,86.7,0.122,0.515,0.133,35.9,MEDIUM
N4,NORMAL,0.27,0.33,0.51,0.031,0.55,35.2,75.4,63.2,0.001,0.018,0.002,8.6,LOW
N1,WARNING,1.81,6.26,3.24,0.248,28.36,35.1,85.9,61.6,0.143,0.576,0.174,43.7,MEDIUM
N4,SUBSIDENCE,7.92,14.15,21.46,1.633,66.51,32.4,76.2,63.4,0.595,1.298,1.001,100.0,CRITICAL
N5,NORMAL,0.91,0.21,0.46,0.121,1.01,25.9,81.5,60.8,0.006,0.078,0.006,8.1,LOW
N1,NORMAL,0.46,1.93,0.91,0.115,-0.48,26.5,88.6,68.0,0.011,0.06,0.008,9.9,LOW
N3,WARNING,1.94,2.84,3.1,0.337,11.99,26.2,88.2,68.3,0.126,0.712,0.139,35.5,MEDIUM
N1,NORMAL,0.55,1.51,0.58,0.031,3.86,37.9,78.6,65.6,0.024,0.099,0.014,12.6,LOW
N6,WARNING,2.87,6.78,3.56,0.352,20.32,33.4,83.1,63.3,0.264,0.705,0.026,50.2,HIGH
N2,NORMAL,1.12,1.22,0.67,0.161,-1.09,30.9,66.0,86.8,0.043,0.072,0.017,9.3,LOW
N6,WARNING,2.06,4.71,2.32,0.461,24.86,35.2,68.7,93.5,0.232,0.644,0.174,45.3,MEDIUM
N1,NORMAL,0.53,1.42,0.43,0.096,-0.0,25.8,72.3,65.3,0.008,0.01,0.009,5.1,LOW
N3,WARNING,1.45,7.35,3.02,0.707,24.32,31.4,74.6,86.3,0.261,0.489,0.126,50.4,HIGH
N4,NORMAL,1.09,2.0,0.46,0.173,4.9,24.9,65.7,90.9,0.025,0.086,0.0,12.1,LOW
N1,NORMAL,0.19,0.24,0.15,0.069,1.25,27.8,89.7,99.5,0.003,0.05,0.005,1.1,LOW
N6,NORMAL,0.61,0.94,0.93,0.1,3.11,33.3,78.8,70.8,0.021,0.02,0.013,9.5,LOW
N1,WARNING,3.11,4.01,2.98,0.399,19.17,30.8,74.9,98.5,0.103,0.555,0.072,41.7,MEDIUM
N1,SUBSIDENCE,11.85,35.88,21.71,1.142,109.42,38.9,84.1,83.9,0.455,2.337,0.549,100.0,CRITICAL
N1,NORMAL,1.2,1.61,0.65,0.027,4.01,27.2,76.0,72.4,0.049,0.096,0.004,9.9,LOW
N3,NORMAL,0.44,1.59,0.81,0.17,-1.52,29.9,76.7,98.1,0.014,0.026,0.007,10.1,LOW
N5,NORMAL,0.58,1.47,0.75,0.136,2.08,28.2,69.0,92.8,0.043,0.062,0.017,11.2,LOW
N5,WARNING,2.08,6.08,3.21,0.366,20.15,34.7,91.9,89.5,0.274,0.716,0.192,49.4,MEDIUM
N1,WARNING,1.98,3.16,2.27,0.23,8.47,33.0,77.6,61.0,0.288,0.573,0.216,34.0,MEDIUM
N3,NORMAL,1.15,0.36,0.61,0.036,-0.01,32.9,84.9,96.4,0.009,0.055,0.018,9.3,LOW
N3,NORMAL,0.92,2.19,0.42,0.158,2.52,29.3,90.1,89.6,0.007,0.004,0.005,11.4,LOW
N1,NORMAL,1.15,1.49,0.75,0.064,2.76,33.1,71.1,89.5,0.035,0.085,0.011,10.5,LOW
N6,NORMAL,1.02,1.57,0.12,0.07,1.33,29.2,66.3,91.8,0.034,0.032,0.017,6.7,LOW
N6,NORMAL,0.81,2.04,0.35,0.023,-1.48,38.0,87.8,84.0,0.006,0.081,0.006,8.2,LOW
N2,SUBSIDENCE,11.86,19.7,6.98,3.294,55.86,38.7,83.5,87.7,1.742,4.456,1.408,100.0,CRITICAL
N1,NORMAL,0.2,1.96,0.2,0.154,4.73,35.1,88.1,87.9,0.011,0.008,0.01,9.2,LOW
N2,WARNING,3.09,3.46,2.96,0.525,9.6,33.3,92.7,65.3,0.154,0.697,0.244,44.2,MEDIUM
N6,NORMAL,1.17,0.28,0.53,0.067,3.7,24.9,73.7,85.7,0.011,0.001,0.008,8.1,LOW
N6,NORMAL,0.42,0.77,0.16,0.042,1.68,33.1,81.7,75.3,0.034,0.045,0.002,6.2,LOW
N1,WARNING,1.96,3.51,1.44,0.373,6.25,32.8,83.7,75.0,0.159,0.521,0.237,33.3,MEDIUM
N2,WARNING,1.51,4.96,2.8,0.593,29.78,31.9,71.5,83.5,0.114,0.269,0.15,43.9,MEDIUM
N2,SUBSIDENCE,6.44,31.65,9.24,2.793,92.62,32.3,78.1,61.1,1.77,4.171,0.879,100.0,CRITICAL
N1,NORMAL,0.28,0.34,0.7,0.086,-1.55,32.4,69.8,62.5,0.035,0.064,0.014,6.9,LOW
N2,NORMAL,1.0,0.7,0.54,0.098,4.45,37.4,83.4,60.2,0.028,0.058,0.006,12.0,LOW
N4,WARNING,2.48,4.5,1.1,0.426,28.21,33.4,76.6,74.8,0.176,0.548,0.167,43.2,MEDIUM
N6,NORMAL,0.11,0.55,0.95,0.155,-0.07,31.5,65.7,84.8,0.02,0.094,0.005,10.3,LOW
N5,NORMAL,1.12,2.23,0.5,0.124,1.99,27.6,76.5,80.4,0.003,0.016,0.019,9.6,LOW
N3,NORMAL,1.18,1.79,0.63,0.104,2.9,29.9,89.2,92.0,0.033,0.09,0.011,11.0,LOW
N2,NORMAL,0.29,0.74,0.96,0.091,1.64,30.8,74.4,63.8,0.016,0.048,0.015,4.1,LOW
N2,SUBSIDENCE,11.39,40.25,18.24,3.145,73.66,29.8,77.7,88.3,1.646,3.729,1.27,100.0,CRITICAL
N3,NORMAL,0.51,1.34,0.65,0.09,3.55,37.1,74.4,91.8,0.006,0.072,0.003,7.1,LOW
N2,NORMAL,0.67,0.41,0.58,0.166,-0.9,37.2,76.3,86.3,0.016,0.044,0.006,8.4,LOW
N3,NORMAL,0.35,0.71,0.18,0.09,1.73,26.2,67.0,62.5,0.001,0.083,0.01,5.6,LOW
N1,NORMAL,0.38,1.35,0.86,0.164,3.83,33.5,74.1,73.2,0.016,0.031,0.02,12.9,LOW
N4,NORMAL,0.58,1.63,0.9,0.052,-1.41,33.8,74.3,87.4,0.02,0.025,0.012,8.5,LOW
N4,NORMAL,0.48,1.66,0.63,0.065,2.45,28.8,88.6,69.8,0.019,0.034,0.006,5.8,LOW
N6,NORMAL,0.85,2.27,0.35,0.025,-1.83,28.1,84.6,61.7,0.007,0.011,0.015,5.3,LOW
N5,WARNING,1.88,3.79,1.83,0.289,23.54,27.5,73.5,93.2,0.216,0.204,0.19,35.2,MEDIUM
N2,NORMAL,1.09,2.1,0.15,0.18,2.71,33.7,90.2,75.4,0.026,0.095,0.016,11.4,LOW
N5,NORMAL,0.85,0.64,0.99,0.114,3.7,32.3,88.3,64.7,0.02,0.076,0.008,10.7,LOW
N1,SUBSIDENCE,6.53,28.16,10.01,1.817,56.12,35.3,65.9,91.4,0.642,3.941,1.405,100.0,CRITICAL
N4,WARNING,2.42,6.67,2.31,0.204,25.45,29.0,86.7,79.8,0.161,0.712,0.19,45.7,MEDIUM
N1,NORMAL,0.32,1.17,0.22,0.021,-0.27,25.1,78.5,76.7,0.01,0.0,0.016,5.7,LOW
N1,NORMAL,0.3,2.42,0.6,0.15,1.47,31.1,80.4,99.7,0.036,0.097,0.007,10.6,LOW
N2,NORMAL,0.36,1.75,0.14,0.168,2.13,33.5,86.0,78.4,0.043,0.09,0.011,8.9,LOW
N1,WARNING,2.2,3.52,2.15,0.745,13.1,24.8,79.3,61.1,0.241,0.142,0.128,40.5,MEDIUM
N4,SUBSIDENCE,8.71,29.7,18.36,2.762,104.45,25.9,76.6,80.4,1.475,1.291,0.582,100.0,CRITICAL
N5,WARNING,3.38,5.37,3.34,0.333,9.59,26.4,90.5,90.9,0.253,0.273,0.22,42.1,MEDIUM
N4,NORMAL,0.77,2.16,0.33,0.047,-0.9,25.3,92.5,97.0,0.014,0.045,0.018,6.2,LOW
N2,WARNING,2.87,7.45,3.31,0.481,23.02,31.3,68.5,98.6,0.207,0.189,0.064,51.3,HIGH
N4,NORMAL,0.66,1.07,0.16,0.087,0.12,33.7,67.7,96.5,0.004,0.097,0.005,5.7,LOW
N3,NORMAL,0.75,1.71,0.78,0.117,-1.5,29.7,89.8,69.9,0.021,0.026,0.01,7.9,LOW
N5,NORMAL,0.32,2.4,0.95,0.179,1.98,26.2,70.8,86.1,0.006,0.088,0.003,11.0,LOW
N3,SUBSIDENCE,4.41,36.8,5.05,1.131,67.59,28.2,93.4,87.7,0.869,4.462,1.459,100.0,CRITICAL
N3,NORMAL,0.55,1.9,0.9,0.049,-0.63,33.0,89.4,72.1,0.02,0.017,0.007,7.8,LOW
N6,WARNING,1.85,6.79,2.14,0.647,34.8,24.9,87.1,99.1,0.295,0.564,0.106,53.6,HIGH
N2,NORMAL,0.17,0.21,0.83,0.036,-1.43,32.0,87.7,76.0,0.046,0.008,0.002,2.3,LOW
N1,NORMAL,0.56,1.66,0.51,0.023,-1.2,34.4,88.1,61.8,0.029,0.079,0.015,3.7,LOW
N3,NORMAL,1.08,2.25,0.53,0.06,2.15,35.2,89.2,62.4,0.028,0.022,0.012,9.8,LOW
N4,NORMAL,0.32,1.74,0.86,0.103,2.95,33.3,92.7,82.6,0.001,0.061,0.019,8.8,LOW
N1,WARNING,3.14,3.18,1.37,0.249,19.67,32.7,71.4,97.2,0.133,0.603,0.228,39.5,MEDIUM
N4,NORMAL,0.68,1.86,0.89,0.178,1.54,31.5,79.5,76.8,0.04,0.057,0.01,12.3,LOW
N4,WARNING,2.86,3.87,2.85,0.586,31.76,33.1,88.1,76.2,0.133,0.702,0.237,51.1,HIGH
N1,WARNING,3.39,6.19,1.93,0.41,23.53,32.3,85.9,94.4,0.109,0.628,0.072,47.7,MEDIUM
N1,SUBSIDENCE,9.74,37.56,20.43,2.812,98.47,38.6,74.9,66.9,0.648,3.815,0.527,100.0,CRITICAL
N4,NORMAL,0.26,0.63,0.45,0.104,4.4,25.9,91.8,76.4,0.019,0.022,0.015,8.5,LOW
N2,NORMAL,0.78,0.63,0.15,0.148,1.01,37.7,73.4,92.0,0.049,0.052,0.017,6.8,LOW
N5,NORMAL,0.12,1.76,0.75,0.096,-0.87,34.4,72.9,94.8,0.031,0.09,0.019,7.9,LOW
N6,SUBSIDENCE,11.05,21.59,7.29,3.768,101.38,39.4,78.4,81.3,0.451,4.378,0.916,100.0,CRITICAL
N5,SUBSIDENCE,5.76,41.26,11.99,3.56,40.98,28.7,70.8,90.1,1.482,2.614,0.257,100.0,CRITICAL
N2,NORMAL,0.62,0.57,0.26,0.101,-1.86,32.4,74.8,67.3,0.021,0.068,0.01,5.1,LOW
N6,WARNING,3.06,7.48,2.53,0.354,20.34,28.6,86.4,86.1,0.27,0.584,0.217,51.2,HIGH
N1,NORMAL,0.73,1.41,0.55,0.156,4.41,25.9,77.4,63.6,0.006,0.057,0.018,10.2,LOW
N6,WARNING,1.46,7.47,2.34,0.573,9.17,24.3,94.8,79.7,0.055,0.723,0.152,41.1,MEDIUM
N4,NORMAL,0.62,1.63,0.01,0.111,2.41,34.0,69.3,96.5,0.015,0.073,0.008,7.3,LOW
N5,WARNING,3.22,3.33,3.82,0.498,26.05,28.1,79.3,73.8,0.26,0.158,0.059,48.4,MEDIUM
N6,NORMAL,0.66,0.63,0.68,0.029,0.53,25.1,88.6,95.8,0.009,0.073,0.018,9.6,LOW
N4,WARNING,3.44,5.69,1.98,0.364,16.37,24.6,68.2,99.1,0.203,0.443,0.17,42.6,MEDIUM
N2,WARNING,3.49,6.61,1.77,0.723,11.41,34.6,90.8,89.4,0.233,0.181,0.169,48.5,MEDIUM
N6,WARNING,3.32,5.37,3.03,0.391,5.31,24.4,69.9,95.8,0.239,0.709,0.06,46.8,MEDIUM
N4,NORMAL,0.43,0.74,0.01,0.068,3.01,36.4,90.6,73.1,0.048,0.031,0.005,5.2,LOW
N2,NORMAL,0.18,2.48,0.68,0.168,0.39,37.9,68.3,85.2,0.032,0.067,0.017,10.2,LOW
N1,NORMAL,0.47,2.07,0.75,0.163,0.41,29.1,93.4,79.7,0.009,0.002,0.005,9.6,LOW
N2,NORMAL,0.71,2.22,0.89,0.104,-1.2,34.0,84.3,95.2,0.014,0.046,0.015,12.6,LOW
N2,NORMAL,0.98,2.46,0.89,0.051,-1.6,27.7,90.8,73.2,0.021,0.062,0.013,9.0,LOW
N5,SUBSIDENCE,11.31,25.45,4.19,1.309,42.67,37.2,72.9,61.3,0.366,3.442,0.49,100.0,CRITICAL
N4,NORMAL,1.0,1.27,0.6,0.074,-1.68,32.0,91.8,68.7,0.019,0.052,0.0,8.8,LOW
N6,NORMAL,1.12,0.42,0.83,0.154,-0.2,32.3,94.9,96.0,0.048,0.042,0.003,8.6,LOW
N5,NORMAL,0.41,1.53,0.12,0.094,1.66,31.0,89.9,72.7,0.016,0.048,0.018,4.3,LOW
N3,NORMAL,1.17,0.41,0.59,0.146,3.7,28.4,84.7,75.2,0.01,0.04,0.012,8.6,LOW
N2,WARNING,2.01,3.09,1.12,0.656,19.69,30.3,71.9,93.5,0.191,0.361,0.051,34.3,MEDIUM
N3,NORMAL,1.19,2.24,0.53,0.121,4.64,33.9,84.2,86.8,0.027,0.064,0.013,13.7,LOW
N5,SUBSIDENCE,9.67,37.94,11.25,3.323,42.52,36.8,84.1,72.3,1.614,1.873,0.754,100.0,CRITICAL
N4,NORMAL,0.35,2.4,0.09,0.021,2.71,36.1,92.7,91.0,0.031,0.074,0.015,8.0,LOW
N5,SUBSIDENCE,5.47,25.15,15.55,2.611,46.92,34.9,83.5,75.1,1.184,4.08,0.773,100.0,CRITICAL
N4,SUBSIDENCE,8.3,15.78,13.83,3.506,91.92,29.2,66.6,77.8,0.837,1.215,1.25,100.0,CRITICAL
N4,NORMAL,0.91,2.06,0.98,0.05,0.06,29.7,77.3,90.9,0.03,0.081,0.005,10.3,LOW
N1,SUBSIDENCE,5.55,43.84,13.19,1.723,56.32,26.0,82.6,91.3,0.327,3.362,1.22,100.0,CRITICAL
N2,NORMAL,0.51,1.2,0.36,0.071,1.44,24.4,69.9,91.1,0.008,0.044,0.019,6.2,LOW
N5,WARNING,1.5,3.99,2.36,0.718,10.51,34.1,65.9,64.0,0.281,0.603,0.174,40.3,MEDIUM
N4,NORMAL,0.47,0.37,0.99,0.113,1.41,35.1,76.3,62.6,0.039,0.098,0.019,9.3,LOW
N5,SUBSIDENCE,4.34,8.04,4.03,3.981,104.53,28.8,92.4,71.1,1.301,3.489,0.892,100.0,CRITICAL
N5,SUBSIDENCE,9.79,17.08,19.66,2.997,83.2,29.6,91.4,93.5,0.446,2.352,0.906,100.0,CRITICAL
N4,WARNING,2.34,4.37,3.4,0.292,7.15,27.6,85.7,86.2,0.061,0.127,0.132,31.3,MEDIUM
N6,WARNING,2.45,4.44,3.55,0.585,13.15,38.0,71.7,87.9,0.175,0.209,0.096,41.7,MEDIUM
N3,NORMAL,0.36,2.36,0.31,0.075,2.16,28.4,78.0,83.7,0.029,0.058,0.011,8.8,LOW
N2,NORMAL,0.84,0.78,0.7,0.168,3.31,28.7,79.7,77.6,0.004,0.047,0.009,10.5,LOW
N2,NORMAL,0.11,0.74,0.21,0.076,-0.78,35.2,78.3,95.1,0.003,0.02,0.017,2.6,LOW
N6,NORMAL,0.36,1.54,0.14,0.153,-1.09,25.8,74.9,72.7,0.002,0.027,0.018,8.1,LOW
N1,WARNING,3.04,4.82,2.83,0.41,21.54,33.7,94.5,91.5,0.066,0.362,0.217,43.0,MEDIUM
N6,NORMAL,0.6,1.76,0.78,0.063,-1.58,37.3,90.4,83.7,0.02,0.014,0.006,8.7,LOW
N1,SUBSIDENCE,6.91,17.78,14.29,2.589,93.56,31.1,78.1,61.6,1.692,2.017,0.508,100.0,CRITICAL
N1,WARNING,3.18,7.98,3.77,0.671,34.78,26.2,66.5,76.5,0.277,0.582,0.058,63.4,HIGH
N6,WARNING,3.06,5.2,2.1,0.242,6.55,29.5,80.1,67.5,0.15,0.17,0.044,37.3,MEDIUM
N2,NORMAL,0.85,1.16,0.09,0.122,0.5,30.7,90.8,97.5,0.003,0.095,0.011,6.0,LOW
N3,SUBSIDENCE,5.37,37.98,18.96,0.938,88.4,30.6,91.4,92.0,0.394,3.0,1.087,100.0,CRITICAL
N2,SUBSIDENCE,11.37,19.65,4.39,3.55,51.72,29.9,78.2,70.9,1.001,3.824,0.52,100.0,CRITICAL
N2,NORMAL,0.61,0.22,0.21,0.153,0.89,38.0,82.9,85.1,0.032,0.023,0.013,6.4,LOW
N2,WARNING,1.46,4.72,3.58,0.656,20.67,27.5,84.4,63.5,0.276,0.2,0.171,46.0,MEDIUM
N6,WARNING,3.37,6.82,1.6,0.543,27.77,25.9,82.0,77.0,0.102,0.165,0.101,46.4,MEDIUM
N6,NORMAL,0.61,1.45,0.98,0.147,2.41,34.2,76.1,73.4,0.018,0.003,0.002,11.0,LOW
N6,NORMAL,1.08,1.31,0.9,0.162,-1.44,30.3,87.8,88.2,0.047,0.008,0.019,11.7,LOW
N2,NORMAL,0.67,1.62,0.95,0.168,2.58,32.9,89.8,86.3,0.033,0.025,0.017,10.0,LOW
N3,NORMAL,0.43,0.64,0.08,0.114,-0.01,27.6,76.1,62.2,0.032,0.006,0.008,5.7,LOW
N1,NORMAL,0.9,0.47,0.01,0.171,-0.65,31.4,76.0,77.0,0.041,0.096,0.011,7.9,LOW
N5,NORMAL,0.63,0.55,0.36,0.151,-0.72,24.3,75.6,87.7,0.036,0.065,0.001,8.1,LOW
N1,NORMAL,0.46,1.74,0.67,0.149,-1.3,28.6,86.2,99.0,0.029,0.006,0.004,7.9,LOW
N1,NORMAL,0.48,1.4,0.26,0.128,0.57,24.8,81.6,77.2,0.024,0.057,0.014,3.9,LOW
N5,SUBSIDENCE,4.64,15.7,19.91,3.758,37.5,38.2,82.4,65.6,1.334,2.85,1.425,100.0,CRITICAL
N2,NORMAL,0.61,1.87,0.95,0.078,3.49,26.6,85.5,84.4,0.034,0.008,0.011,10.6,LOW
N3,SUBSIDENCE,11.77,42.61,4.17,1.026,92.69,37.4,78.3,70.5,1.328,3.763,0.584,100.0,CRITICAL
N3,NORMAL,0.11,2.2,0.54,0.176,3.0,31.8,75.5,85.7,0.004,0.059,0.0,10.1,LOW
N1,NORMAL,0.7,0.8,0.16,0.085,4.91,29.3,82.4,90.0,0.022,0.075,0.001,7.6,LOW
N5,NORMAL,0.68,1.39,0.76,0.07,-1.37,32.1,78.4,96.5,0.017,0.016,0.019,7.2,LOW
N4,NORMAL,1.09,1.16,0.87,0.03,4.2,37.8,67.2,77.9,0.016,0.057,0.005,11.4,LOW
N2,NORMAL,0.78,1.62,0.74,0.136,3.55,37.4,77.3,68.9,0.012,0.037,0.008,11.0,LOW
N1,WARNING,2.65,4.85,1.75,0.588,10.76,37.2,74.7,73.9,0.208,0.401,0.093,39.5,MEDIUM
N3,NORMAL,1.06,0.5,0.11,0.065,2.14,27.7,82.0,68.7,0.019,0.061,0.003,5.3,LOW
N6,WARNING,2.17,5.65,3.92,0.226,18.81,36.7,76.3,72.2,0.149,0.677,0.227,44.9,MEDIUM
N6,WARNING,2.23,4.39,3.16,0.302,24.76,26.0,68.6,64.6,0.282,0.296,0.176,43.7,MEDIUM
N5,NORMAL,0.25,0.7,0.56,0.143,-1.11,30.0,65.0,89.4,0.044,0.084,0.015,7.1,LOW
N5,NORMAL,1.07,0.97,0.72,0.03,2.97,28.2,67.4,98.0,0.003,0.059,0.012,11.7,LOW
N1,WARNING,2.43,5.69,2.85,0.688,6.81,33.2,94.3,62.3,0.273,0.268,0.038,43.7,MEDIUM
N4,NORMAL,0.57,1.42,0.25,0.177,2.49,31.7,78.1,88.6,0.042,0.042,0.007,8.1,LOW
N3,NORMAL,0.39,1.23,0.9,0.141,-0.82,28.1,78.2,92.3,0.044,0.059,0.014,10.0,LOW
N1,SUBSIDENCE,6.31,14.11,10.81,0.989,88.84,33.1,74.6,81.9,0.522,1.855,1.351,100.0,CRITICAL
N4,NORMAL,0.34,0.26,0.6,0.134,4.16,34.4,91.0,86.9,0.039,0.093,0.02,9.0,LOW
N5,WARNING,1.59,3.5,1.33,0.717,25.18,24.6,91.7,94.1,0.247,0.332,0.126,38.7,MEDIUM
N6,SUBSIDENCE,10.17,10.16,7.14,1.903,54.73,33.5,77.8,69.6,1.558,1.521,0.915,100.0,CRITICAL
N2,NORMAL,1.16,1.15,0.73,0.049,3.76,26.1,65.7,97.2,0.011,0.068,0.01,13.8,LOW
N6,NORMAL,0.24,1.82,0.65,0.075,-0.7,36.3,84.2,92.8,0.009,0.059,0.011,3.6,LOW
N3,NORMAL,0.14,1.74,0.23,0.06,3.04,30.2,90.7,61.0,0.04,0.037,0.016,6.6,LOW
N3,NORMAL,0.19,1.99,0.62,0.109,2.3,34.6,91.0,70.5,0.047,0.066,0.013,8.0,LOW
N6,NORMAL,0.78,1.54,0.13,0.103,-1.51,32.1,74.7,82.2,0.009,0.091,0.002,9.5,LOW
N6,WARNING,1.74,4.94,3.6,0.394,15.59,24.1,80.1,93.9,0.162,0.17,0.109,39.3,MEDIUM
N4,NORMAL,0.71,1.6,0.03,0.158,0.7,32.9,66.6,98.9,0.049,0.012,0.019,7.5,LOW
N1,NORMAL,0.12,1.88,0.89,0.048,0.4,34.7,75.9,92.9,0.028,0.068,0.017,6.9,LOW
N5,SUBSIDENCE,11.71,16.4,5.33,2.222,101.1,26.3,79.9,73.2,0.525,4.077,1.49,100.0,CRITICAL
N4,WARNING,2.11,4.98,3.22,0.517,33.84,29.2,79.0,87.4,0.133,0.479,0.207,54.8,HIGH
N2,WARNING,3.18,4.79,2.6,0.736,6.27,32.4,66.7,94.3,0.162,0.545,0.022,44.2,MEDIUM
N6,NORMAL,0.99,0.27,0.05,0.141,0.59,28.1,72.4,77.9,0.029,0.027,0.003,6.0,LOW
N2,WARNING,2.92,5.55,2.83,0.448,14.74,34.3,79.1,85.8,0.086,0.348,0.173,40.4,MEDIUM
N2,NORMAL,0.33,2.18,0.87,0.071,1.83,34.4,85.2,80.8,0.03,0.047,0.018,10.2,LOW
N4,NORMAL,0.19,0.45,0.3,0.054,4.67,35.4,71.5,77.9,0.02,0.088,0.016,3.9,LOW
N5,NORMAL,0.45,2.43,0.88,0.06,0.19,35.5,86.7,87.6,0.026,0.028,0.016,10.4,LOW
N3,SUBSIDENCE,8.15,20.84,19.06,3.713,38.71,28.0,85.2,74.3,0.898,0.899,1.299,100.0,CRITICAL
N1,NORMAL,1.0,1.37,0.32,0.072,0.29,30.9,67.3,93.1,0.039,0.071,0.006,10.8,LOW
N3,NORMAL,0.39,2.25,0.6,0.111,-0.86,25.7,90.1,76.7,0.003,0.055,0.009,7.2,LOW
N5,NORMAL,0.39,2.01,0.91,0.069,3.43,37.4,74.5,76.5,0.033,0.099,0.004,10.2,LOW
N3,NORMAL,0.49,0.82,0.69,0.114,0.14,29.3,75.7,61.9,0.007,0.032,0.008,8.4,LOW
N6,WARNING,2.27,7.1,1.54,0.263,19.16,34.7,85.6,76.6,0.143,0.493,0.238,42.7,MEDIUM
N6,WARNING,1.86,5.47,3.66,0.68,18.37,35.8,72.9,74.4,0.112,0.258,0.028,45.3,MEDIUM
N4,WARNING,3.06,3.16,2.38,0.25,18.26,33.5,80.3,93.2,0.062,0.462,0.203,38.6,MEDIUM
N2,NORMAL,0.35,2.11,0.28,0.078,-1.1,28.7,80.9,73.9,0.005,0.093,0.004,6.4,LOW
N5,NORMAL,1.06,2.27,0.33,0.035,-0.53,34.6,77.6,67.9,0.024,0.029,0.009,7.4,LOW
N5,NORMAL,0.49,1.91,0.42,0.06,0.99,34.7,85.8,94.2,0.023,0.03,0.02,7.6,LOW
N3,NORMAL,0.83,2.02,0.41,0.1,-1.67,30.5,83.2,88.5,0.014,0.037,0.013,8.0,LOW
N4,NORMAL,0.15,0.79,0.17,0.05,1.52,36.5,75.5,87.3,0.037,0.027,0.016,4.9,LOW
N3,WARNING,1.47,6.59,1.5,0.572,17.66,30.7,88.9,85.9,0.282,0.425,0.027,41.6,MEDIUM
N3,NORMAL,1.16,2.14,0.53,0.053,-1.97,32.9,86.9,83.1,0.049,0.094,0.005,9.8,LOW
N5,NORMAL,1.03,0.38,0.9,0.083,1.36,33.9,80.7,87.4,0.022,0.053,0.012,10.0,LOW
N3,NORMAL,0.47,2.35,0.06,0.107,-1.39,24.2,76.7,91.3,0.022,0.026,0.019,7.3,LOW
N2,NORMAL,0.31,2.08,0.86,0.133,-0.54,24.5,90.7,81.1,0.014,0.017,0.004,9.3,LOW
N3,NORMAL,0.46,0.87,0.54,0.072,4.05,37.4,65.5,62.4,0.011,0.088,0.013,7.7,LOW
N2,SUBSIDENCE,7.76,41.76,17.15,2.896,37.37,29.1,73.0,84.8,0.831,2.08,0.928,100.0,CRITICAL
N5,WARNING,3.37,6.13,3.0,0.742,9.6,30.0,71.8,80.3,0.058,0.622,0.121,49.4,MEDIUM
N4,SUBSIDENCE,7.26,20.78,11.97,2.074,105.49,29.2,90.3,76.3,1.77,3.908,1.488,100.0,CRITICAL
N6,NORMAL,0.92,0.66,0.81,0.033,-0.11,33.4,70.6,86.7,0.041,0.075,0.01,8.8,LOW
N2,NORMAL,0.11,2.12,0.52,0.171,1.35,26.3,90.3,75.6,0.022,0.045,0.007,8.5,LOW
N4,NORMAL,0.68,0.25,0.06,0.116,4.15,36.6,86.0,98.6,0.025,0.016,0.002,6.7,LOW
N4,NORMAL,0.19,2.28,0.85,0.163,-1.96,30.6,87.3,100.0,0.037,0.055,0.011,9.8,LOW
N2,WARNING,2.83,6.23,2.96,0.576,15.26,34.6,89.4,80.9,0.13,0.649,0.032,45.6,MEDIUM
N5,NORMAL,1.1,1.29,0.18,0.078,4.34,28.0,81.6,82.9,0.05,0.042,0.003,9.0,LOW
N1,NORMAL,0.79,2.12,0.71,0.062,0.77,28.6,88.7,66.9,0.042,0.063,0.003,8.3,LOW
N4,NORMAL,0.86,1.5,0.15,0.13,-1.0,35.0,70.0,92.5,0.02,0.031,0.014,8.0,LOW
N4,NORMAL,0.11,1.42,0.52,0.12,-0.32,36.5,70.2,77.0,0.0,0.045,0.001,4.2,LOW
N5,WARNING,2.2,5.54,3.35,0.449,5.77,35.2,73.5,78.0,0.243,0.158,0.168,37.5,MEDIUM
N5,NORMAL,0.12,2.05,0.7,0.057,0.73,31.3,86.7,72.8,0.035,0.036,0.003,8.2,LOW
N3,NORMAL,0.23,2.11,0.25,0.102,2.84,32.0,82.7,93.0,0.016,0.065,0.009,9.6,LOW
N5,NORMAL,0.82,0.81,0.06,0.02,4.33,26.1,93.5,69.9,0.047,0.009,0.01,5.3,LOW
N4,NORMAL,0.65,0.58,0.33,0.063,1.33,30.8,90.5,89.2,0.021,0.033,0.002,5.7,LOW
N2,WARNING,2.86,4.51,3.13,0.445,9.51,24.3,73.5,73.2,0.155,0.193,0.046,37.3,MEDIUM
N1,SUBSIDENCE,9.45,27.91,19.45,1.359,54.95,32.4,79.1,65.9,1.712,2.443,1.236,100.0,CRITICAL
N3,SUBSIDENCE,10.74,10.9,9.58,3.073,73.04,32.2,69.6,89.7,1.622,0.945,1.062,100.0,CRITICAL
N2,WARNING,2.15,5.42,3.9,0.457,29.7,27.5,89.6,75.1,0.242,0.564,0.226,53.4,HIGH
N1,NORMAL,0.99,1.34,0.86,0.163,2.18,24.2,77.2,80.3,0.025,0.078,0.005,11.4,LOW
N1,WARNING,1.88,4.61,1.4,0.338,12.2,27.5,93.2,80.5,0.125,0.309,0.149,31.2,MEDIUM
N1,NORMAL,0.24,0.84,0.73,0.022,4.56,31.0,93.4,96.6,0.022,0.052,0.02,7.9,LOW
N6,NORMAL,1.14,2.07,0.3,0.075,0.55,34.9,76.0,84.8,0.049,0.036,0.002,11.7,LOW
N2,WARNING,3.33,5.67,2.91,0.546,23.37,32.8,82.3,72.7,0.09,0.419,0.022,46.5,MEDIUM
N3,NORMAL,0.68,1.33,0.25,0.067,3.34,30.3,90.5,73.3,0.038,0.047,0.014,9.1,LOW
N3,SUBSIDENCE,11.38,28.06,13.64,3.064,60.56,34.9,76.4,68.0,1.386,1.986,0.747,100.0,CRITICAL
N1,NORMAL,1.06,2.32,0.63,0.15,4.91,33.8,66.7,91.6,0.031,0.091,0.007,13.0,LOW
N2,WARNING,3.11,4.71,2.92,0.669,31.51,34.2,74.8,62.3,0.077,0.679,0.083,55.0,HIGH
N6,WARNING,1.68,4.75,3.22,0.237,29.39,32.0,65.2,68.4,0.299,0.652,0.129,44.9,MEDIUM
N1,SUBSIDENCE,11.14,8.8,20.29,1.141,44.98,27.5,85.6,97.6,0.563,3.758,0.848,100.0,CRITICAL
N5,WARNING,2.52,3.04,1.16,0.634,23.78,29.7,84.7,75.4,0.281,0.483,0.034,40.9,MEDIUM
N3,WARNING,3.5,4.73,2.64,0.308,9.56,28.0,84.3,92.5,0.211,0.512,0.021,41.4,MEDIUM
N4,NORMAL,0.44,1.69,0.27,0.13,2.89,26.4,80.0,78.1,0.007,0.067,0.007,7.8,LOW
N1,NORMAL,0.95,0.39,0.79,0.037,-0.55,32.3,74.8,96.0,0.026,0.046,0.02,6.4,LOW
N5,NORMAL,0.44,0.83,0.49,0.166,2.96,34.6,70.8,67.1,0.034,0.073,0.013,11.6,LOW
N3,WARNING,2.03,7.18,3.14,0.503,5.58,34.2,70.5,84.3,0.109,0.662,0.076,42.7,MEDIUM
N6,NORMAL,0.79,1.93,0.44,0.121,1.41,33.4,81.5,92.2,0.047,0.052,0.004,6.6,LOW
N2,WARNING,1.61,3.94,3.76,0.71,18.27,29.8,74.5,93.2,0.062,0.315,0.077,41.2,MEDIUM
N3,NORMAL,0.1,1.68,0.66,0.126,1.64,24.5,65.9,93.6,0.031,0.081,0.016,8.5,LOW
N2,NORMAL,0.73,2.4,0.43,0.048,1.31,33.2,70.6,89.4,0.022,0.052,0.016,9.8,LOW
N2,WARNING,2.56,5.68,3.03,0.501,18.73,31.0,78.7,61.6,0.21,0.607,0.072,49.9,MEDIUM
N6,NORMAL,1.02,1.07,0.07,0.093,-0.87,37.3,73.8,82.2,0.035,0.057,0.005,5.9,LOW
N6,NORMAL,0.98,1.38,0.96,0.155,4.45,36.6,93.3,95.2,0.019,0.055,0.017,11.8,LOW
N1,NORMAL,0.9,0.26,0.31,0.041,-0.92,37.4,74.4,66.4,0.015,0.007,0.005,6.5,LOW
N1,SUBSIDENCE,9.61,38.65,9.65,1.711,53.13,37.0,84.9,76.8,0.89,1.123,1.086,100.0,CRITICAL
N3,WARNING,1.86,4.75,2.27,0.56,32.84,25.6,70.5,72.5,0.068,0.767,0.229,47.9,MEDIUM
N6,NORMAL,0.72,0.51,0.2,0.164,-1.23,28.7,69.9,89.5,0.02,0.076,0.018,4.9,LOW
N5,NORMAL,0.95,2.45,0.14,0.134,0.92,25.8,74.6,76.0,0.046,0.041,0.009,11.2,LOW
N3,NORMAL,0.12,1.21,0.34,0.149,-1.25,25.2,90.3,70.0,0.038,0.071,0.005,3.4,LOW
N4,WARNING,1.53,4.47,2.2,0.366,34.29,37.5,85.5,93.3,0.27,0.711,0.112,45.3,MEDIUM
N2,WARNING,2.35,3.38,3.66,0.457,34.06,29.2,82.8,87.7,0.114,0.795,0.071,49.9,MEDIUM
N2,NORMAL,0.89,1.3,0.08,0.099,0.34,37.5,67.7,84.1,0.033,0.018,0.008,8.6,LOW
N1,NORMAL,0.2,0.56,0.6,0.091,1.84,32.6,79.7,78.4,0.044,0.082,0.018,4.9,LOW
N5,NORMAL,0.91,1.4,0.11,0.043,0.5,24.2,83.1,90.9,0.003,0.024,0.013,6.0,LOW
N6,WARNING,1.59,3.5,1.09,0.472,24.64,34.9,66.0,91.4,0.164,0.373,0.125,37.1,MEDIUM
N6,WARNING,2.73,3.83,2.57,0.208,16.39,34.2,92.6,86.5,0.094,0.116,0.102,33.1,MEDIUM
N1,NORMAL,0.54,2.5,0.28,0.05,1.25,26.6,80.3,80.0,0.025,0.035,0.014,7.8,LOW
N4,NORMAL,1.01,2.33,0.66,0.069,2.83,30.0,88.5,76.3,0.013,0.097,0.016,10.8,LOW
N3,NORMAL,0.18,1.83,0.4,0.169,0.15,28.1,78.8,92.9,0.042,0.068,0.017,6.6,LOW
N3,SUBSIDENCE,8.97,21.32,13.22,4.187,90.64,38.8,81.6,73.1,1.222,3.863,0.803,100.0,CRITICAL
N5,NORMAL,0.19,1.06,0.57,0.133,4.13,33.3,70.2,81.8,0.047,0.01,0.012,6.7,LOW
N1,WARNING,1.97,2.93,1.2,0.613,23.46,26.1,72.6,76.0,0.229,0.58,0.051,36.4,MEDIUM
N1,WARNING,3.36,6.21,1.77,0.212,25.53,31.2,75.9,92.7,0.206,0.573,0.08,44.0,MEDIUM
N4,NORMAL,0.18,0.83,0.6,0.053,2.71,28.7,69.7,66.9,0.007,0.002,0.017,3.8,LOW
N3,NORMAL,1.07,1.71,0.96,0.148,3.37,35.6,87.7,87.1,0.025,0.082,0.008,16.5,LOW
N1,NORMAL,0.46,1.65,0.51,0.094,4.93,34.2,91.6,85.3,0.025,0.003,0.013,8.9,LOW
N6,WARNING,1.24,3.16,1.48,0.3,28.99,29.8,66.9,83.4,0.127,0.319,0.194,34.6,MEDIUM
N5,WARNING,1.5,5.64,3.34,0.71,7.01,30.3,65.6,87.7,0.126,0.557,0.093,41.1,MEDIUM
N3,WARNING,3.23,7.87,3.49,0.198,24.56,37.8,90.9,81.9,0.174,0.757,0.227,54.9,HIGH
N4,NORMAL,0.89,2.42,0.58,0.154,4.6,25.6,79.3,79.2,0.029,0.016,0.003,12.8,LOW
N5,NORMAL,0.78,1.31,0.97,0.067,4.12,34.8,80.1,67.9,0.005,0.06,0.013,7.0,LOW
N2,SUBSIDENCE,6.64,18.07,11.54,2.578,81.88,26.7,88.9,79.1,1.568,4.167,0.828,100.0,CRITICAL
N6,WARNING,2.46,5.78,3.0,0.687,33.56,24.7,90.5,62.9,0.285,0.667,0.225,55.9,HIGH
N4,NORMAL,0.92,0.59,0.36,0.049,1.1,36.0,88.6,93.9,0.021,0.005,0.017,4.3,LOW
N5,SUBSIDENCE,9.88,42.69,14.38,2.76,99.49,29.1,79.2,69.6,0.824,0.985,1.187,100.0,CRITICAL
N1,WARNING,3.1,7.77,1.17,0.313,10.69,26.2,77.4,72.1,0.218,0.4,0.125,40.0,MEDIUM
N2,NORMAL,0.77,0.7,0.61,0.08,0.42,35.9,72.2,61.6,0.015,0.067,0.011,8.3,LOW
N4,WARNING,1.62,4.39,1.54,0.228,18.36,30.7,87.7,74.1,0.219,0.626,0.112,33.1,MEDIUM
N1,WARNING,3.0,7.82,3.64,0.439,22.39,30.1,90.4,70.2,0.229,0.345,0.204,54.3,HIGH
N6,WARNING,1.23,5.98,2.36,0.214,19.63,26.4,77.4,69.3,0.092,0.541,0.122,37.8,MEDIUM
N2,NORMAL,0.82,0.88,0.82,0.022,0.82,28.6,65.7,81.9,0.031,0.002,0.004,5.1,LOW
N3,NORMAL,0.79,0.72,0.54,0.18,4.21,27.4,67.4,70.2,0.003,0.013,0.01,9.0,LOW
N1,SUBSIDENCE,4.02,27.61,12.82,0.772,71.19,39.3,80.8,93.8,1.08,3.041,1.463,100.0,CRITICAL
N5,NORMAL,0.19,1.42,0.68,0.11,-0.38,37.9,72.1,96.7,0.003,0.039,0.013,6.9,LOW
N4,NORMAL,0.18,2.34,0.83,0.023,0.09,33.3,72.0,97.3,0.003,0.1,0.009,6.0,LOW
N2,NORMAL,0.4,0.8,0.31,0.094,-1.87,30.4,72.3,73.2,0.03,0.003,0.011,2.6,LOW
N1,NORMAL,0.88,0.22,0.32,0.129,-0.93,34.8,73.0,75.0,0.028,0.017,0.003,6.0,LOW
N3,WARNING,2.88,3.49,2.6,0.703,21.61,27.9,90.5,60.4,0.062,0.513,0.041,45.7,MEDIUM
N4,SUBSIDENCE,4.15,21.44,21.99,1.757,46.8,38.8,73.4,71.7,1.124,2.721,0.812,100.0,CRITICAL
N4,NORMAL,0.25,1.8,0.32,0.148,4.8,29.9,88.3,86.6,0.002,0.099,0.005,9.8,LOW
N1,NORMAL,0.96,1.27,0.92,0.146,0.16,33.1,89.4,92.7,0.047,0.096,0.008,10.7,LOW
N3,NORMAL,0.12,1.65,0.97,0.057,3.57,34.6,74.5,75.0,0.027,0.022,0.001,7.5,LOW
N6,SUBSIDENCE,7.62,26.77,7.71,3.064,86.94,28.1,91.8,79.3,0.513,2.772,1.012,100.0,CRITICAL
N6,WARNING,1.46,4.34,2.43,0.186,5.96,36.5,81.8,90.4,0.064,0.477,0.097,28.7,MEDIUM
N2,NORMAL,0.86,1.4,0.74,0.107,0.7,29.3,70.4,79.8,0.022,0.084,0.011,9.6,LOW
N1,WARNING,1.78,7.76,2.47,0.185,7.79,36.0,94.1,88.3,0.121,0.165,0.226,35.2,MEDIUM
N2,SUBSIDENCE,8.99,42.17,21.04,3.777,99.61,34.4,81.4,92.8,1.308,0.806,0.787,100.0,CRITICAL
N6,WARNING,3.08,5.79,1.07,0.391,11.86,24.3,78.1,91.7,0.135,0.532,0.035,37.5,MEDIUM
N4,SUBSIDENCE,3.76,39.41,10.91,1.158,77.56,36.9,89.0,62.9,1.729,2.807,1.108,100.0,CRITICAL
N2,NORMAL,0.92,2.38,0.7,0.154,1.4,36.5,94.2,92.8,0.016,0.068,0.01,10.3,LOW
N3,WARNING,3.48,4.42,3.69,0.368,8.54,30.9,92.8,63.1,0.205,0.418,0.232,45.5,MEDIUM
N5,NORMAL,1.01,1.95,0.72,0.077,3.49,26.2,66.9,74.6,0.024,0.072,0.011,10.9,LOW
N6,WARNING,3.35,5.41,3.41,0.508,33.74,33.9,80.8,73.1,0.142,0.14,0.2,56.5,HIGH
N6,WARNING,1.63,5.15,3.0,0.51,18.12,34.3,65.3,70.8,0.185,0.176,0.18,41.9,MEDIUM
N3,WARNING,1.41,7.99,2.78,0.445,18.89,30.3,88.2,76.9,0.291,0.562,0.059,49.8,MEDIUM
N2,WARNING,1.91,7.95,3.81,0.717,8.95,34.3,90.5,96.8,0.109,0.409,0.211,48.8,MEDIUM
N1,NORMAL,0.96,0.8,0.29,0.076,0.12,34.2,89.7,62.6,0.012,0.075,0.001,6.4,LOW
N4,NORMAL,0.17,0.86,0.21,0.113,2.73,33.0,68.6,69.2,0.032,0.036,0.01,7.1,LOW
N5,SUBSIDENCE,11.07,20.67,18.42,1.616,38.12,29.0,92.3,79.2,1.051,4.102,1.274,100.0,CRITICAL
N1,SUBSIDENCE,3.92,9.03,12.73,2.635,40.99,33.7,84.9,75.5,1.683,3.457,1.252,100.0,CRITICAL
N1,NORMAL,0.85,2.45,0.65,0.075,-0.0,30.5,78.3,89.9,0.048,0.019,0.016,11.0,LOW
N3,NORMAL,0.26,1.27,0.04,0.127,-1.59,26.8,82.8,80.8,0.004,0.084,0.009,4.7,LOW
N2,NORMAL,0.55,2.28,0.75,0.044,2.0,30.5,91.8,66.6,0.004,0.024,0.018,9.4,LOW
N6,WARNING,1.67,4.44,2.1,0.605,22.98,36.5,77.4,92.1,0.188,0.522,0.188,42.2,MEDIUM
N6,WARNING,2.34,6.47,3.62,0.198,21.4,26.6,83.1,94.8,0.297,0.447,0.219,45.1,MEDIUM
N3,NORMAL,0.57,1.32,0.08,0.027,1.28,35.6,87.0,88.1,0.042,0.093,0.013,7.0,LOW
N2,NORMAL,0.95,1.36,0.46,0.045,3.91,37.6,88.6,74.7,0.002,0.027,0.01,10.5,LOW
N3,WARNING,2.84,7.62,2.62,0.443,21.59,33.9,82.7,98.8,0.128,0.735,0.203,51.3,HIGH
N6,WARNING,1.88,4.06,1.73,0.603,28.92,24.6,72.6,83.4,0.199,0.556,0.1,43.1,MEDIUM
N1,NORMAL,0.99,1.99,0.18,0.028,3.95,31.9,75.9,68.1,0.004,0.039,0.002,9.1,LOW
N4,NORMAL,0.75,1.04,0.17,0.132,3.86,31.4,89.9,70.0,0.014,0.019,0.002,8.2,LOW
N2,NORMAL,0.61,0.57,0.4,0.022,4.38,26.6,67.4,97.7,0.034,0.033,0.018,8.3,LOW
N5,NORMAL,0.44,2.35,0.64,0.177,3.27,33.7,80.0,88.3,0.005,0.085,0.003,12.3,LOW
N5,NORMAL,0.94,2.05,0.83,0.156,0.89,37.8,68.5,74.8,0.044,0.072,0.017,11.1,LOW
N1,WARNING,3.06,2.97,2.62,0.669,5.57,34.7,68.8,90.9,0.285,0.785,0.094,41.8,MEDIUM
N3,SUBSIDENCE,7.59,39.83,7.83,3.071,93.96,34.1,88.5,81.3,0.604,3.828,1.447,100.0,CRITICAL
N3,WARNING,2.58,2.57,2.57,0.508,25.1,26.3,77.5,70.0,0.092,0.269,0.194,42.6,MEDIUM
N6,WARNING,2.45,7.93,3.56,0.334,16.06,35.6,73.9,81.8,0.28,0.729,0.057,52.6,HIGH
N1,NORMAL,0.11,2.5,0.76,0.059,2.79,32.6,67.7,80.7,0.015,0.009,0.009,5.7,LOW
N6,NORMAL,0.67,1.65,0.24,0.023,0.27,26.8,85.6,63.9,0.02,0.064,0.019,7.6,LOW
N6,NORMAL,0.31,1.37,0.71,0.157,3.21,31.4,94.0,60.2,0.001,0.068,0.016,9.3,LOW
N5,NORMAL,1.0,0.97,0.65,0.131,0.14,36.5,68.6,75.3,0.05,0.01,0.003,6.3,LOW
N6,WARNING,2.89,6.85,3.86,0.63,30.34,34.7,69.9,62.7,0.287,0.488,0.099,59.9,HIGH
N6,SUBSIDENCE,10.18,43.17,11.96,1.306,72.28,27.9,76.4,94.7,0.89,2.178,1.035,100.0,CRITICAL
N5,NORMAL,0.9,0.33,0.51,0.035,4.7,31.7,75.1,94.3,0.012,0.093,0.017,9.0,LOW
N3,NORMAL,0.27,0.61,0.22,0.116,0.2,25.3,75.6,69.8,0.049,0.02,0.016,7.6,LOW
N2,WARNING,3.45,2.64,3.17,0.321,29.34,27.6,79.6,65.3,0.128,0.231,0.179,44.7,MEDIUM
N4,NORMAL,0.9,1.14,0.14,0.139,-1.28,26.1,84.6,75.2,0.029,0.061,0.019,7.3,LOW
N6,NORMAL,0.54,1.35,0.23,0.094,2.81,28.9,75.6,63.2,0.023,0.004,0.005,7.8,LOW
N2,WARNING,2.23,6.31,1.15,0.608,33.65,27.1,87.9,72.5,0.052,0.236,0.145,43.3,MEDIUM
N5,WARNING,1.88,2.51,1.81,0.304,15.3,35.6,73.5,68.4,0.087,0.516,0.075,29.6,MEDIUM
N2,NORMAL,0.16,1.9,0.51,0.038,-0.45,31.6,77.5,61.5,0.05,0.081,0.007,7.1,LOW
N4,NORMAL,0.96,1.85,0.41,0.155,1.74,25.4,82.1,64.8,0.003,0.026,0.009,10.0,LOW
N2,WARNING,1.66,7.42,4.0,0.494,23.59,29.8,81.1,74.4,0.249,0.587,0.062,54.6,HIGH
N2,NORMAL,0.29,1.89,0.2,0.062,0.01,35.7,79.8,80.8,0.008,0.085,0.012,6.0,LOW
N2,NORMAL,0.78,1.05,0.5,0.108,4.67,33.5,66.5,62.4,0.044,0.013,0.001,9.4,LOW
N2,WARNING,1.57,4.43,2.3,0.476,34.77,27.0,93.2,70.4,0.146,0.27,0.152,43.2,MEDIUM
N1,NORMAL,1.19,1.16,0.81,0.124,4.53,35.0,92.0,70.7,0.031,0.058,0.013,13.5,LOW
N6,WARNING,1.66,2.69,2.11,0.662,7.1,32.2,70.6,98.6,0.185,0.586,0.212,33.9,MEDIUM
N5,NORMAL,0.2,1.97,0.09,0.043,4.29,30.4,67.0,88.8,0.038,0.037,0.013,9.3,LOW
N4,SUBSIDENCE,9.99,40.65,13.73,3.072,67.85,27.8,72.5,84.2,0.778,2.323,1.39,100.0,CRITICAL
N5,NORMAL,0.23,2.25,0.05,0.141,0.62,24.1,73.0,74.1,0.003,0.084,0.013,8.3,LOW
N1,NORMAL,0.45,1.35,0.53,0.083,0.32,32.5,73.4,67.2,0.025,0.003,0.013,11.4,LOW
N1,NORMAL,0.18,1.55,0.57,0.105,4.9,28.2,73.3,83.0,0.027,0.072,0.002,8.2,LOW
N1,NORMAL,0.46,1.67,0.69,0.025,2.48,33.8,74.0,70.9,0.006,0.047,0.015,7.0,LOW
N6,SUBSIDENCE,7.24,14.98,21.54,1.94,104.22,36.3,71.9,80.8,1.662,2.15,0.568,100.0,CRITICAL
N1,SUBSIDENCE,4.44,22.28,5.41,1.728,84.9,31.8,70.5,84.4,1.787,1.743,0.842,100.0,CRITICAL
N2,NORMAL,0.9,0.54,0.76,0.132,-0.62,30.9,66.4,91.5,0.032,0.039,0.014,7.7,LOW
N5,NORMAL,0.71,1.87,0.13,0.135,0.9,26.8,89.5,82.4,0.04,0.06,0.007,12.4,LOW
N3,WARNING,3.47,4.55,3.06,0.535,24.13,31.1,75.3,77.4,0.234,0.197,0.146,49.7,MEDIUM
N4,SUBSIDENCE,7.91,19.87,9.28,3.297,40.02,33.5,74.1,93.7,0.769,3.219,0.511,100.0,CRITICAL
N1,NORMAL,0.48,0.73,0.53,0.042,3.58,35.7,79.8,63.8,0.034,0.077,0.008,7.6,LOW
N5,NORMAL,0.35,1.84,0.9,0.035,4.05,26.6,89.4,86.3,0.04,0.036,0.014,7.8,LOW
N1,NORMAL,0.58,2.19,0.14,0.155,-1.83,29.8,90.9,72.5,0.038,0.057,0.014,9.2,LOW
N6,WARNING,1.83,4.16,3.32,0.462,21.11,31.7,68.8,94.7,0.258,0.683,0.057,45.4,MEDIUM
N1,NORMAL,1.02,2.15,0.7,0.095,0.83,30.3,92.9,95.2,0.02,0.007,0.019,12.9,LOW
N1,WARNING,3.11,5.74,1.3,0.365,23.11,36.4,90.7,66.7,0.053,0.13,0.176,40.4,MEDIUM
N1,NORMAL,1.1,1.8,0.72,0.069,3.01,35.4,93.1,94.8,0.035,0.059,0.007,11.5,LOW
N1,WARNING,1.76,4.95,2.03,0.583,29.94,27.1,76.1,64.2,0.104,0.763,0.176,46.1,MEDIUM
N4,NORMAL,0.76,0.59,0.69,0.138,1.36,37.3,80.4,62.9,0.005,0.061,0.007,9.1,LOW
N5,NORMAL,0.8,1.99,0.16,0.092,3.2,34.2,90.4,76.0,0.001,0.003,0.014,8.7,LOW
N6,NORMAL,0.53,1.47,0.76,0.123,0.29,25.4,69.6,94.0,0.017,0.076,0.011,9.5,LOW
N1,WARNING,3.5,4.35,2.16,0.268,12.07,31.5,89.7,89.0,0.156,0.299,0.181,37.7,MEDIUM
N1,NORMAL,0.24,0.48,0.9,0.151,1.28,24.5,92.7,92.4,0.007,0.09,0.005,7.4,LOW
N1,NORMAL,0.86,0.28,0.53,0.125,3.32,25.0,75.0,86.5,0.024,0.095,0.005,6.8,LOW
N1,NORMAL,0.91,1.9,0.11,0.162,-0.03,31.1,77.2,69.3,0.01,0.061,0.004,8.0,LOW
N2,NORMAL,0.42,1.18,0.35,0.081,3.15,35.2,90.4,66.3,0.008,0.063,0.014,4.6,LOW
N2,WARNING,1.52,5.88,3.27,0.335,20.78,25.1,66.5,75.5,0.243,0.637,0.17,44.6,MEDIUM
N3,WARNING,1.26,7.47,1.06,0.197,9.96,36.5,78.6,61.8,0.207,0.479,0.172,31.5,MEDIUM
N1,WARNING,2.96,6.97,1.15,0.318,28.12,25.3,85.3,68.6,0.144,0.431,0.209,45.1,MEDIUM
N3,NORMAL,0.17,1.72,0.12,0.14,-0.58,29.2,74.1,79.6,0.002,0.01,0.017,5.9,LOW
N4,WARNING,2.66,2.7,3.69,0.726,17.52,36.0,65.9,79.6,0.153,0.715,0.119,48.8,MEDIUM
N3,NORMAL,1.15,0.78,0.27,0.121,4.48,37.9,87.1,86.7,0.01,0.092,0.013,7.0,LOW
N5,NORMAL,1.0,0.6,0.95,0.046,-1.82,35.1,72.1,63.5,0.035,0.018,0.015,6.4,LOW
N2,NORMAL,0.65,2.25,0.85,0.039,4.75,29.3,84.1,80.2,0.013,0.035,0.003,11.4,LOW
N2,NORMAL,1.01,1.67,0.26,0.109,-1.55,28.3,91.9,83.4,0.029,0.039,0.002,8.8,LOW
N1,WARNING,3.28,4.76,3.94,0.385,27.7,34.7,89.6,72.0,0.126,0.174,0.212,49.9,MEDIUM
N1,WARNING,2.82,3.71,1.03,0.674,20.71,32.6,80.4,72.1,0.296,0.37,0.24,45.1,MEDIUM
N4,WARNING,3.1,7.06,2.25,0.595,18.42,32.9,76.4,81.9,0.235,0.796,0.08,50.7,HIGH
N6,NORMAL,1.06,1.0,0.07,0.148,1.89,27.9,86.6,76.5,0.022,0.018,0.002,6.9,LOW
N4,NORMAL,0.73,0.39,0.12,0.022,2.71,29.1,79.1,72.8,0.013,0.097,0.006,4.7,LOW
N5,NORMAL,1.0,2.22,0.01,0.125,2.8,31.3,78.4,91.7,0.048,0.037,0.004,9.8,LOW
N1,NORMAL,1.09,0.4,0.85,0.165,4.47,36.9,75.5,61.6,0.038,0.074,0.0,13.0,LOW
N1,NORMAL,0.55,1.89,0.44,0.141,1.57,24.5,77.7,62.7,0.015,0.02,0.008,8.5,LOW
N4,NORMAL,1.06,1.52,0.65,0.066,-0.42,27.3,93.4,72.2,0.035,0.067,0.002,10.1,LOW
N4,NORMAL,0.13,0.35,0.78,0.141,0.67,29.2,72.8,62.5,0.008,0.05,0.007,4.6,LOW
N4,NORMAL,0.97,1.62,0.83,0.101,4.89,34.5,88.3,96.4,0.048,0.027,0.008,13.4,LOW
N2,WARNING,2.7,5.11,2.13,0.419,30.51,31.3,76.3,94.1,0.295,0.136,0.153,44.0,MEDIUM
N3,SUBSIDENCE,8.39,19.59,11.99,1.981,67.26,35.1,84.1,90.5,0.407,1.214,1.03,100.0,CRITICAL
N3,SUBSIDENCE,11.52,39.84,11.53,1.501,58.39,33.1,83.1,81.1,1.182,3.968,1.127,100.0,CRITICAL
N1,WARNING,3.43,6.99,3.34,0.475,14.95,37.7,68.4,65.7,0.055,0.13,0.027,47.5,MEDIUM
N2,NORMAL,0.63,1.31,0.92,0.032,4.7,33.1,74.5,84.5,0.011,0.097,0.011,11.4,LOW
N4,WARNING,2.83,2.56,1.1,0.742,18.73,26.1,94.3,83.4,0.284,0.611,0.106,42.6,MEDIUM
N1,WARNING,1.64,6.25,1.28,0.675,7.7,31.3,85.6,91.5,0.109,0.164,0.044,32.0,MEDIUM
N2,NORMAL,0.86,1.04,0.56,0.168,0.71,27.7,88.4,95.6,0.013,0.052,0.006,9.8,LOW
N5,NORMAL,0.65,1.99,0.19,0.108,2.45,35.7,84.1,66.8,0.025,0.012,0.015,9.8,LOW
N6,WARNING,1.37,4.16,1.11,0.658,26.09,34.0,69.4,62.4,0.191,0.723,0.045,42.8,MEDIUM
N2,NORMAL,0.25,2.39,0.44,0.028,2.09,26.2,93.3,83.7,0.01,0.001,0.015,8.7,LOW
N1,NORMAL,0.2,0.7,0.61,0.074,1.73,36.4,71.0,67.1,0.04,0.079,0.014,4.6,LOW
N3,NORMAL,0.98,0.94,0.51,0.139,0.77,24.2,81.9,78.8,0.007,0.068,0.016,8.2,LOW
N4,NORMAL,0.39,0.57,0.19,0.136,1.75,31.2,69.4,65.9,0.049,0.024,0.019,7.4,LOW
N6,NORMAL,0.77,2.11,0.75,0.125,-0.8,34.7,91.9,69.6,0.005,0.0,0.002,10.4,LOW
N5,NORMAL,0.97,0.66,0.25,0.056,-1.64,28.3,80.4,75.1,0.01,0.037,0.008,5.8,LOW
N6,NORMAL,1.17,2.06,0.93,0.109,2.75,26.0,66.3,78.9,0.008,0.075,0.005,13.1,LOW
N6,NORMAL,0.42,2.47,0.25,0.159,0.22,29.8,85.1,76.3,0.037,0.066,0.011,8.7,LOW
N2,WARNING,2.46,5.74,1.8,0.374,5.54,29.1,77.6,73.4,0.263,0.629,0.062,34.9,MEDIUM
N1,NORMAL,0.98,1.87,0.77,0.165,2.17,36.2,88.1,64.8,0.031,0.072,0.014,12.7,LOW
N1,NORMAL,1.12,1.77,0.13,0.144,0.51,36.0,88.2,86.8,0.04,0.096,0.005,12.5,LOW
N6,NORMAL,0.52,0.45,0.48,0.037,1.5,26.9,89.3,78.8,0.041,0.1,0.004,7.1,LOW
N4,SUBSIDENCE,11.28,36.45,17.26,1.102,37.69,31.8,80.7,92.5,0.775,1.604,1.14,100.0,CRITICAL
N1,NORMAL,0.63,1.45,0.84,0.089,-1.42,27.6,71.7,74.8,0.026,0.058,0.01,7.4,LOW
N6,NORMAL,0.28,1.73,0.61,0.121,-0.43,36.3,77.1,81.9,0.012,0.079,0.014,9.0,LOW
N1,SUBSIDENCE,9.78,44.04,21.81,4.197,101.79,28.8,66.7,87.9,1.259,0.826,1.124,100.0,CRITICAL
N4,WARNING,2.94,6.13,2.1,0.471,33.05,37.0,76.8,64.1,0.232,0.453,0.156,55.0,HIGH
N5,NORMAL,0.46,1.15,0.27,0.105,0.13,32.8,74.4,74.7,0.005,0.019,0.018,6.6,LOW
N6,WARNING,2.33,6.2,2.75,0.712,23.77,34.1,70.2,70.5,0.278,0.104,0.225,49.5,MEDIUM
N3,NORMAL,0.7,0.49,0.79,0.147,0.11,24.9,74.9,98.8,0.003,0.099,0.005,9.9,LOW
N3,NORMAL,0.97,1.3,0.31,0.088,-1.88,31.9,65.1,99.2,0.036,0.01,0.01,8.0,LOW
N6,NORMAL,0.43,0.38,0.85,0.044,-1.83,24.1,66.5,93.3,0.025,0.013,0.02,2.9,LOW
N2,NORMAL,0.36,2.3,0.31,0.031,-1.93,32.1,75.0,75.6,0.014,0.047,0.0,5.7,LOW
N5,WARNING,1.8,5.41,1.69,0.257,31.72,28.3,88.1,60.9,0.148,0.154,0.073,38.0,MEDIUM
N2,NORMAL,0.63,1.14,0.97,0.049,2.4,25.1,78.7,78.4,0.01,0.055,0.011,9.4,LOW
N3,NORMAL,0.45,0.84,0.22,0.021,-1.99,33.6,80.9,96.6,0.029,0.029,0.003,2.5,LOW
N4,WARNING,3.11,6.5,1.38,0.56,25.82,32.7,76.6,86.5,0.241,0.284,0.167,49.0,MEDIUM
N6,WARNING,1.4,6.04,2.82,0.3,29.55,32.5,79.4,77.1,0.269,0.247,0.037,39.1,MEDIUM
N1,NORMAL,0.94,2.43,0.48,0.021,2.17,31.3,78.4,86.6,0.033,0.083,0.004,10.8,LOW
N3,WARNING,1.35,7.36,2.53,0.68,15.21,37.2,66.3,76.1,0.213,0.77,0.237,50.1,HIGH
N5,NORMAL,0.17,0.91,0.17,0.119,3.47,35.5,70.4,78.4,0.026,0.08,0.0,9.8,LOW
N3,WARNING,2.22,7.3,3.9,0.325,7.02,24.6,88.3,69.3,0.213,0.452,0.15,45.0,MEDIUM
N5,WARNING,1.97,3.76,3.84,0.276,26.97,25.4,91.4,97.8,0.111,0.397,0.249,41.7,MEDIUM
N5,SUBSIDENCE,9.43,8.37,18.77,3.794,108.57,32.3,75.6,85.1,1.559,2.449,1.111,100.0,CRITICAL
N6,NORMAL,0.95,1.66,0.83,0.048,0.62,37.3,81.1,71.5,0.016,0.019,0.009,7.4,LOW
N5,NORMAL,0.49,1.61,0.35,0.106,-0.08,25.3,94.2,62.0,0.017,0.071,0.012,8.6,LOW
N2,NORMAL,0.19,1.81,0.71,0.023,2.5,26.6,69.7,82.8,0.002,0.096,0.014,8.7,LOW
N4,NORMAL,0.8,2.11,0.9,0.083,3.91,25.4,73.0,92.7,0.027,0.047,0.014,10.7,LOW
N3,NORMAL,0.65,2.29,0.09,0.07,0.49,31.3,81.1,90.8,0.021,0.099,0.006,6.0,LOW
N4,SUBSIDENCE,7.9,30.41,17.56,1.099,107.26,36.2,90.5,67.5,1.569,2.238,1.161,100.0,CRITICAL
N1,NORMAL,0.87,0.28,0.12,0.144,3.69,36.7,77.6,64.6,0.03,0.058,0.015,7.3,LOW
N3,NORMAL,1.02,0.99,0.13,0.118,2.05,24.2,74.7,60.4,0.024,0.086,0.005,8.8,LOW
N4,WARNING,2.45,4.58,3.44,0.635,18.04,26.7,88.2,73.2,0.104,0.396,0.168,46.6,MEDIUM
N4,NORMAL,1.13,1.38,0.85,0.119,1.88,35.2,70.7,71.1,0.034,0.081,0.013,11.5,LOW
N6,WARNING,1.73,6.89,1.26,0.634,16.67,32.3,79.2,71.9,0.07,0.397,0.089,40.1,MEDIUM
N6,NORMAL,1.05,1.14,0.47,0.155,-1.38,25.5,68.1,76.7,0.019,0.04,0.01,9.9,LOW
N1,NORMAL,0.14,0.79,0.2,0.098,-1.92,35.5,84.3,80.3,0.034,0.086,0.014,6.5,LOW
N5,NORMAL,0.34,0.84,0.32,0.026,4.39,30.5,85.5,84.1,0.045,0.011,0.011,4.5,LOW
N3,NORMAL,0.24,1.72,0.61,0.105,0.82,24.1,78.0,88.0,0.048,0.085,0.012,7.3,LOW
N6,SUBSIDENCE,4.5,23.04,7.45,1.917,37.0,32.4,78.6,91.5,0.49,2.483,1.373,100.0,CRITICAL
N3,NORMAL,0.39,0.42,0.21,0.147,2.74,24.6,83.5,75.2,0.005,0.067,0.019,8.6,LOW
N1,NORMAL,0.65,1.41,0.77,0.109,2.15,24.0,74.9,68.7,0.017,0.013,0.014,6.5,LOW
N6,NORMAL,0.53,0.92,0.7,0.062,1.93,36.1,65.0,84.2,0.023,0.08,0.009,8.2,LOW
N6,NORMAL,0.11,1.84,0.23,0.081,0.66,37.7,65.7,98.6,0.042,0.01,0.013,7.5,LOW
N5,SUBSIDENCE,3.66,39.12,21.3,4.176,69.43,29.8,76.9,88.1,1.6,1.253,0.782,100.0,CRITICAL
N3,NORMAL,0.2,2.5,0.64,0.16,3.81,28.6,68.4,73.7,0.038,0.004,0.01,12.5,LOW
N3,WARNING,2.68,3.77,2.33,0.411,6.57,28.2,77.6,76.1,0.207,0.533,0.242,37.7,MEDIUM
N3,SUBSIDENCE,11.32,23.12,11.97,1.621,35.09,30.0,79.2,71.9,0.466,3.404,1.103,100.0,CRITICAL
N5,NORMAL,0.9,2.14,0.9,0.048,2.87,32.9,85.7,75.9,0.048,0.065,0.007,9.2,LOW
N6,SUBSIDENCE,4.38,30.45,18.44,4.192,51.73,25.7,75.8,63.1,1.351,0.904,1.462,100.0,CRITICAL
N1,NORMAL,0.78,0.98,0.73,0.098,0.94,32.9,79.9,62.8,0.017,0.009,0.004,9.8,LOW
N3,NORMAL,0.7,0.32,0.51,0.174,0.15,32.3,79.2,71.3,0.036,0.075,0.008,7.3,LOW
N4,NORMAL,0.93,1.82,0.9,0.119,0.72,35.9,92.3,67.2,0.036,0.062,0.012,11.9,LOW
N5,WARNING,1.92,6.08,2.67,0.552,17.99,26.5,85.1,98.7,0.153,0.182,0.163,41.9,MEDIUM
N2,SUBSIDENCE,5.68,13.26,4.44,2.057,51.1,36.0,92.1,68.5,1.038,2.74,0.687,100.0,CRITICAL
N1,NORMAL,1.02,0.5,0.23,0.11,0.15,26.4,87.9,88.9,0.002,0.029,0.018,8.0,LOW
N4,WARNING,1.44,4.31,1.57,0.193,10.19,31.4,74.7,96.3,0.1,0.216,0.041,26.6,MEDIUM
N3,NORMAL,0.31,1.59,0.9,0.028,1.61,28.9,86.3,83.3,0.023,0.093,0.013,8.2,LOW
N2,NORMAL,0.48,2.01,0.67,0.021,4.06,36.3,84.5,83.2,0.02,0.065,0.008,9.8,LOW
N1,NORMAL,1.18,0.85,0.07,0.103,0.97,29.5,90.9,86.1,0.023,0.062,0.012,11.4,LOW
N5,SUBSIDENCE,11.06,41.79,7.01,3.098,58.81,38.6,85.5,97.9,1.555,3.512,0.498,100.0,CRITICAL
N2,WARNING,1.66,7.28,3.0,0.495,29.62,35.4,84.5,93.8,0.208,0.569,0.078,49.5,MEDIUM
N6,NORMAL,0.49,0.96,0.02,0.143,0.31,36.7,81.1,98.8,0.016,0.069,0.005,6.4,LOW
N2,NORMAL,0.18,0.97,0.38,0.137,-0.51,34.4,86.1,65.2,0.019,0.091,0.002,1.7,LOW
N4,NORMAL,0.86,1.51,0.29,0.07,3.83,25.8,93.0,70.4,0.012,0.051,0.014,9.9,LOW
N1,NORMAL,0.45,1.73,0.08,0.12,4.41,35.5,70.0,73.9,0.012,0.036,0.005,7.5,LOW
N4,NORMAL,0.76,1.13,0.07,0.172,0.37,28.1,65.6,72.7,0.022,0.017,0.017,5.0,LOW
N4,SUBSIDENCE,11.86,13.43,4.56,2.745,62.87,33.4,66.0,77.6,1.492,3.508,0.482,100.0,CRITICAL
N3,NORMAL,0.89,1.15,0.12,0.03,3.98,37.7,81.4,79.1,0.045,0.034,0.003,8.4,LOW
N5,NORMAL,0.92,0.59,0.58,0.162,-1.84,27.6,90.8,72.4,0.034,0.055,0.019,8.8,LOW
N2,NORMAL,0.57,0.69,0.86,0.051,4.01,25.9,81.6,80.4,0.023,0.084,0.005,10.5,LOW
N1,SUBSIDENCE,6.53,32.52,5.71,2.896,50.88,36.2,67.7,62.3,0.493,4.166,0.825,100.0,CRITICAL
N6,WARNING,2.34,4.24,1.01,0.284,11.56,33.5,65.6,92.6,0.122,0.714,0.117,34.4,MEDIUM
N5,NORMAL,0.36,0.91,0.05,0.086,3.97,24.9,74.2,96.4,0.019,0.091,0.017,6.0,LOW
N5,WARNING,1.27,6.71,3.72,0.619,27.31,24.9,88.6,96.2,0.261,0.566,0.117,54.0,HIGH
N1,NORMAL,0.66,1.42,0.4,0.157,-1.9,37.4,94.0,97.2,0.031,0.091,0.002,7.5,LOW
N5,NORMAL,0.61,1.08,0.71,0.071,-1.52,24.3,86.7,94.1,0.045,0.063,0.004,7.5,LOW
N3,NORMAL,0.55,0.39,0.65,0.068,-0.99,35.5,79.5,96.0,0.026,0.048,0.01,5.8,LOW
N5,NORMAL,1.03,1.7,0.06,0.158,4.34,24.2,79.4,65.2,0.019,0.053,0.006,11.3,LOW
N3,NORMAL,0.3,1.31,0.87,0.155,4.76,33.8,70.5,75.9,0.024,0.055,0.016,10.1,LOW
N2,SUBSIDENCE,11.4,13.41,7.77,2.132,105.49,32.8,81.1,61.7,0.471,3.29,0.415,100.0,CRITICAL
N2,WARNING,3.39,6.94,1.91,0.254,15.37,30.9,66.0,70.7,0.274,0.193,0.1,42.1,MEDIUM
N4,WARNING,2.57,4.28,3.61,0.714,18.25,24.9,66.6,94.6,0.183,0.542,0.173,49.1,MEDIUM
N3,NORMAL,0.34,1.54,0.62,0.046,3.33,25.1,89.0,85.6,0.043,0.029,0.018,7.6,LOW
N6,NORMAL,0.74,0.73,0.36,0.166,1.26,29.4,91.8,96.4,0.03,0.094,0.009,8.7,LOW
N2,WARNING,2.02,5.76,3.89,0.212,6.19,34.1,67.1,95.3,0.179,0.304,0.154,38.2,MEDIUM
N5,NORMAL,0.4,1.08,0.34,0.154,-0.81,27.6,65.3,85.8,0.001,0.097,0.02,5.4,LOW
N1,NORMAL,0.81,2.36,0.3,0.05,2.31,31.8,69.5,83.9,0.028,0.072,0.018,9.7,LOW
N1,NORMAL,0.51,1.24,0.96,0.109,-0.95,34.0,83.9,79.9,0.022,0.023,0.003,9.6,LOW
N3,WARNING,2.17,4.27,1.26,0.351,30.15,31.8,73.9,63.1,0.246,0.781,0.171,43.1,MEDIUM
N6,NORMAL,0.78,1.32,0.76,0.086,4.9,29.5,91.1,61.1,0.02,0.033,0.017,12.2,LOW
N4,NORMAL,0.86,0.37,0.15,0.132,0.03,27.3,74.5,88.6,0.011,0.08,0.019,6.3,LOW
N5,WARNING,3.08,8.0,1.82,0.497,9.02,31.1,69.9,95.6,0.133,0.131,0.068,41.4,MEDIUM
N3,NORMAL,0.88,0.26,0.88,0.176,1.51,30.9,66.5,80.2,0.016,0.026,0.002,10.2,LOW
N1,NORMAL,0.38,1.3,0.42,0.069,1.14,30.1,92.2,90.2,0.024,0.083,0.013,10.9,LOW
N3,NORMAL,0.18,0.55,0.08,0.071,1.05,30.0,77.3,97.9,0.025,0.085,0.0,3.7,LOW
N5,NORMAL,0.37,0.48,0.14,0.103,0.74,29.4,91.5,76.2,0.038,0.032,0.003,4.2,LOW
N6,WARNING,3.12,4.54,1.84,0.622,11.28,29.3,77.0,76.8,0.108,0.135,0.063,40.4,MEDIUM
N6,NORMAL,0.63,1.52,0.19,0.118,0.36,33.6,75.0,77.2,0.037,0.056,0.011,7.6,LOW
N2,NORMAL,0.74,1.17,0.44,0.064,0.01,37.3,70.6,76.7,0.035,0.0,0.002,7.2,LOW
N5,SUBSIDENCE,10.72,8.0,20.65,0.935,47.82,37.2,84.2,67.4,0.344,2.722,1.429,100.0,CRITICAL
N2,SUBSIDENCE,10.89,35.93,8.8,3.528,100.79,26.6,84.6,64.4,1.347,1.171,1.48,100.0,CRITICAL
N2,SUBSIDENCE,11.2,20.95,13.21,1.367,75.99,30.8,73.0,79.3,1.708,4.136,0.33,100.0,CRITICAL
N2,NORMAL,1.02,1.9,0.34,0.081,2.58,25.7,75.6,97.5,0.01,0.01,0.005,6.4,LOW
N3,NORMAL,0.23,2.08,0.53,0.121,-0.81,34.5,92.6,75.9,0.008,0.016,0.013,7.8,LOW
N1,SUBSIDENCE,7.43,25.38,8.86,1.882,98.51,30.3,81.8,64.1,0.816,4.016,0.632,100.0,CRITICAL
N6,WARNING,3.32,7.01,3.01,0.743,5.48,24.1,69.7,77.4,0.153,0.701,0.12,53.1,HIGH
N3,NORMAL,0.83,0.57,0.45,0.022,1.34,26.3,71.1,63.1,0.045,0.06,0.009,7.8,LOW
N1,NORMAL,0.92,0.38,0.38,0.14,2.99,26.4,81.0,73.9,0.029,0.057,0.002,8.1,LOW
N6,NORMAL,0.12,2.04,0.65,0.072,-1.31,34.1,74.8,65.4,0.03,0.035,0.005,8.5,LOW
N5,SUBSIDENCE,7.59,38.65,19.29,3.68,66.57,30.0,86.1,96.2,1.486,3.946,0.824,100.0,CRITICAL
N6,NORMAL,1.17,0.87,0.96,0.1,0.14,36.5,85.4,77.6,0.049,0.088,0.014,10.3,LOW
N6,NORMAL,1.14,2.42,0.31,0.077,0.68,30.5,87.1,94.3,0.041,0.079,0.02,9.5,LOW
N6,NORMAL,0.34,1.63,0.55,0.139,2.87,35.3,75.8,71.5,0.041,0.031,0.004,9.5,LOW
N4,WARNING,1.97,2.86,3.32,0.588,21.58,36.1,77.7,67.8,0.229,0.361,0.088,44.8,MEDIUM
N5,WARNING,2.92,4.35,1.64,0.196,34.12,36.4,80.8,61.1,0.167,0.213,0.194,41.9,MEDIUM
N3,NORMAL,0.5,0.76,0.64,0.103,0.49,32.4,80.2,92.9,0.032,0.058,0.018,7.2,LOW
N3,WARNING,1.67,3.84,3.35,0.432,17.28,35.3,68.6,86.1,0.272,0.527,0.205,42.3,MEDIUM
N1,SUBSIDENCE,11.6,25.76,17.18,2.705,50.36,32.5,93.7,64.0,0.593,2.405,0.854,100.0,CRITICAL
N3,NORMAL,0.52,1.38,0.96,0.101,3.43,27.1,72.2,61.5,0.037,0.057,0.003,7.1,LOW
N2,NORMAL,0.52,1.6,0.14,0.048,2.95,24.2,74.8,61.4,0.008,0.014,0.02,8.8,LOW
N6,NORMAL,1.02,1.54,0.05,0.118,-1.14,31.0,78.7,96.6,0.025,0.067,0.003,12.2,LOW
N3,WARNING,3.49,6.1,3.56,0.549,31.29,36.9,65.7,64.2,0.158,0.526,0.214,56.1,HIGH
N1,NORMAL,1.12,1.51,0.99,0.147,3.73,36.3,86.8,78.9,0.019,0.026,0.012,12.1,LOW
N1,WARNING,2.93,6.3,3.74,0.33,8.58,24.1,93.0,98.2,0.168,0.353,0.244,43.9,MEDIUM
N2,WARNING,1.32,7.39,2.41,0.617,7.38,33.4,81.1,66.9,0.289,0.525,0.227,41.9,MEDIUM
N1,NORMAL,0.3,1.29,0.87,0.038,4.99,36.9,68.7,73.9,0.044,0.039,0.005,8.9,LOW
N4,SUBSIDENCE,4.21,43.28,15.12,1.91,55.66,32.7,86.8,69.3,0.966,1.138,1.362,100.0,CRITICAL
N6,NORMAL,0.65,0.69,0.82,0.144,-0.96,31.7,81.0,68.1,0.004,0.082,0.002,8.7,LOW
N6,NORMAL,0.75,1.36,0.51,0.078,3.87,35.9,71.8,90.7,0.004,0.044,0.005,8.6,LOW
N6,WARNING,2.61,7.31,2.78,0.497,29.03,30.9,89.4,93.9,0.191,0.691,0.031,57.3,HIGH
N5,WARNING,3.12,5.82,3.98,0.283,10.23,34.7,66.8,71.9,0.058,0.793,0.1,46.1,MEDIUM
N3,NORMAL,0.79,1.41,0.21,0.094,-1.24,26.2,81.4,65.2,0.027,0.01,0.013,6.9,LOW
N4,SUBSIDENCE,6.91,21.02,17.62,2.962,105.28,34.2,85.7,84.7,1.683,3.482,1.213,100.0,CRITICAL
N3,SUBSIDENCE,6.15,20.98,14.35,3.235,65.46,28.5,84.5,99.3,0.514,2.5,1.454,100.0,CRITICAL
N4,NORMAL,0.51,2.24,0.86,0.074,-1.31,27.8,92.8,67.3,0.009,0.037,0.019,8.2,LOW
N3,SUBSIDENCE,11.74,18.86,15.4,0.99,57.47,33.8,76.7,88.9,0.616,0.813,0.446,100.0,CRITICAL
N2,NORMAL,0.84,2.04,0.87,0.151,1.14,28.4,81.2,64.2,0.015,0.05,0.011,12.9,LOW
N1,NORMAL,0.35,1.92,0.18,0.042,0.01,26.0,70.0,69.4,0.019,0.033,0.007,4.8,LOW
N1,NORMAL,0.54,0.97,0.79,0.104,2.03,24.5,71.5,71.4,0.028,0.04,0.02,8.0,LOW
N2,SUBSIDENCE,10.99,42.0,19.23,2.188,103.6,36.1,73.3,88.7,0.448,3.214,1.422,100.0,CRITICAL
N4,WARNING,1.88,3.11,3.15,0.282,8.33,24.1,91.5,64.6,0.188,0.534,0.032,33.3,MEDIUM
N5,NORMAL,0.74,2.39,0.51,0.042,0.75,24.5,69.3,74.9,0.031,0.076,0.012,10.9,LOW
N4,NORMAL,0.88,1.54,0.04,0.148,2.24,29.7,86.7,90.1,0.044,0.042,0.01,8.1,LOW
N1,WARNING,2.86,4.1,2.91,0.373,30.03,26.8,66.1,62.9,0.064,0.126,0.043,39.4,MEDIUM
N5,NORMAL,0.44,0.43,0.8,0.029,4.36,25.5,81.8,84.0,0.044,0.021,0.001,7.3,LOW
N3,SUBSIDENCE,6.18,18.98,13.57,1.804,105.07,34.3,74.8,67.6,0.874,1.613,0.432,100.0,CRITICAL
N5,WARNING,1.83,4.19,2.88,0.28,26.98,31.6,84.9,72.9,0.126,0.442,0.171,42.5,MEDIUM
N4,NORMAL,1.16,1.26,0.32,0.067,-1.7,26.9,80.9,89.4,0.034,0.026,0.019,8.4,LOW
N2,SUBSIDENCE,10.9,13.79,21.74,3.878,107.21,37.3,81.0,81.5,1.579,4.047,0.999,100.0,CRITICAL
N3,NORMAL,0.72,2.49,0.1,0.149,-0.09,37.9,76.9,86.8,0.018,0.008,0.007,9.4,LOW
N4,SUBSIDENCE,4.53,42.13,18.9,2.083,61.13,39.4,89.3,70.7,0.948,2.285,0.573,100.0,CRITICAL
N3,WARNING,3.46,2.59,2.31,0.505,6.13,37.2,83.7,82.5,0.09,0.281,0.186,36.5,MEDIUM
N5,WARNING,2.43,4.43,3.48,0.488,11.9,37.1,71.5,86.3,0.084,0.79,0.024,42.5,MEDIUM
N1,NORMAL,0.43,2.18,0.54,0.043,-0.11,35.6,66.6,83.2,0.016,0.089,0.015,10.3,LOW
N4,SUBSIDENCE,11.99,37.05,6.17,3.092,90.9,38.6,72.7,75.2,1.071,1.091,0.293,100.0,CRITICAL
N2,NORMAL,0.97,1.79,0.97,0.035,2.95,32.6,85.3,77.5,0.004,0.0,0.002,10.7,LOW
N5,NORMAL,0.15,1.66,0.09,0.043,1.59,26.2,91.8,82.4,0.017,0.046,0.013,3.5,LOW
N4,NORMAL,0.12,1.65,0.46,0.132,3.49,31.9,65.7,94.6,0.047,0.1,0.011,10.4,LOW
N2,NORMAL,0.13,1.66,0.1,0.066,-1.02,29.9,78.9,77.6,0.007,0.007,0.006,4.4,LOW
N4,NORMAL,0.68,2.18,0.63,0.023,-0.79,33.9,66.0,74.5,0.017,0.095,0.002,8.7,LOW
N5,WARNING,2.97,4.39,2.29,0.696,6.99,35.1,68.7,97.1,0.182,0.356,0.242,46.9,MEDIUM
N4,SUBSIDENCE,5.3,11.14,13.75,3.291,88.7,37.0,86.0,67.8,1.101,2.623,1.462,100.0,CRITICAL
N3,NORMAL,1.0,1.92,0.99,0.041,3.01,37.7,81.4,88.0,0.049,0.046,0.015,15.1,LOW
N5,WARNING,1.25,5.36,1.77,0.255,26.26,33.1,72.6,67.3,0.06,0.733,0.139,34.9,MEDIUM
N4,NORMAL,0.37,0.73,0.86,0.146,3.97,27.7,86.2,65.5,0.037,0.064,0.011,10.1,LOW
N1,SUBSIDENCE,7.84,15.23,13.09,1.764,39.01,30.9,75.9,94.7,1.056,1.473,0.451,100.0,CRITICAL
N4,WARNING,2.5,7.2,1.44,0.384,21.66,33.2,72.0,69.1,0.088,0.19,0.172,39.2,MEDIUM
N3,NORMAL,0.92,0.47,0.92,0.171,4.1,28.8,74.3,70.5,0.011,0.002,0.019,10.9,LOW
N2,WARNING,1.76,6.54,3.72,0.628,25.22,25.6,68.6,84.2,0.122,0.483,0.075,49.0,MEDIUM
N2,NORMAL,0.14,2.44,1.0,0.044,0.99,27.6,67.6,71.5,0.038,0.096,0.018,9.2,LOW
N2,NORMAL,0.58,1.03,0.77,0.061,4.01,28.1,88.0,76.4,0.011,0.036,0.009,7.8,LOW
N1,WARNING,3.24,7.8,3.58,0.478,20.29,25.1,87.6,94.8,0.104,0.515,0.239,53.6,HIGH
N3,NORMAL,1.19,0.97,0.36,0.057,3.52,29.2,77.6,82.4,0.007,0.027,0.006,7.7,LOW
N5,NORMAL,1.14,0.77,0.78,0.128,-1.19,34.0,85.7,71.1,0.041,0.009,0.015,6.3,LOW
N2,NORMAL,0.73,1.95,0.64,0.149,2.82,34.6,69.3,67.0,0.014,0.015,0.013,10.6,LOW
N3,WARNING,1.23,5.42,2.63,0.465,14.48,26.8,85.0,94.7,0.157,0.636,0.062,39.9,MEDIUM
N4,NORMAL,0.47,2.35,0.06,0.039,1.22,24.4,78.9,69.7,0.036,0.037,0.011,8.1,LOW
N1,NORMAL,0.67,1.41,0.75,0.106,2.3,34.6,83.8,81.1,0.026,0.099,0.016,6.4,LOW
N3,WARNING,1.99,6.81,1.57,0.201,25.95,32.4,74.4,85.5,0.086,0.733,0.197,40.6,MEDIUM
N3,WARNING,2.3,4.1,3.84,0.272,27.6,31.5,92.6,92.0,0.25,0.766,0.146,50.1,HIGH
N5,NORMAL,0.94,2.02,0.49,0.027,-0.61,31.7,78.2,69.4,0.032,0.04,0.012,6.6,LOW
N3,NORMAL,0.89,2.29,0.77,0.039,1.77,28.0,74.9,69.7,0.042,0.059,0.009,12.5,LOW
N5,NORMAL,0.32,1.55,0.51,0.138,0.16,28.9,73.9,78.0,0.023,0.068,0.019,9.8,LOW
N1,NORMAL,0.9,2.41,0.54,0.15,1.25,25.9,94.9,73.9,0.002,0.089,0.006,13.5,LOW
N1,NORMAL,0.25,0.92,0.51,0.034,0.47,31.9,84.1,62.8,0.033,0.092,0.008,2.3,LOW
N4,WARNING,1.99,6.26,3.21,0.383,5.2,31.8,86.7,96.9,0.052,0.477,0.147,39.9,MEDIUM
N5,WARNING,3.48,6.36,2.54,0.26,16.53,35.1,95.0,92.2,0.193,0.8,0.049,47.5,MEDIUM
N5,WARNING,2.96,3.92,1.01,0.309,28.69,32.1,81.3,99.2,0.077,0.307,0.149,36.9,MEDIUM
N2,NORMAL,0.11,1.32,0.5,0.067,1.68,35.2,92.9,64.9,0.034,0.067,0.002,6.9,LOW
N2,WARNING,2.16,5.31,1.4,0.467,11.21,24.7,68.8,77.7,0.284,0.414,0.249,38.8,MEDIUM
N4,NORMAL,1.06,1.48,0.73,0.088,-1.72,26.4,79.3,77.9,0.032,0.063,0.001,6.0,LOW
N1,SUBSIDENCE,9.9,22.33,15.94,3.18,83.38,37.2,84.1,66.4,1.194,3.781,1.071,100.0,CRITICAL
N6,WARNING,1.91,4.32,1.28,0.575,22.85,24.1,67.9,87.3,0.197,0.435,0.145,38.4,MEDIUM
N2,NORMAL,0.39,0.45,0.33,0.061,-1.79,35.1,74.4,82.7,0.021,0.003,0.0,4.8,LOW
N3,WARNING,1.88,7.62,3.19,0.39,11.32,27.2,92.6,75.6,0.084,0.634,0.124,45.0,MEDIUM
N1,NORMAL,0.7,2.17,0.83,0.122,4.22,29.6,72.2,93.5,0.048,0.094,0.007,12.8,LOW
N6,WARNING,1.48,4.45,1.03,0.519,24.75,28.4,93.7,83.5,0.112,0.616,0.108,36.2,MEDIUM
N3,NORMAL,0.38,2.46,0.39,0.124,3.07,30.5,74.3,81.9,0.021,0.054,0.005,8.1,LOW
N5,NORMAL,0.84,1.61,0.78,0.027,-1.45,36.9,73.2,83.0,0.01,0.099,0.016,7.8,LOW
N1,SUBSIDENCE,8.22,29.07,16.92,2.109,85.79,32.8,87.0,89.2,1.483,1.87,1.432,100.0,CRITICAL
N4,NORMAL,0.72,0.94,0.67,0.034,4.87,26.6,70.1,92.2,0.009,0.028,0.019,7.0,LOW
N5,WARNING,1.78,3.02,1.68,0.686,13.41,26.0,94.2,80.8,0.224,0.377,0.08,34.4,MEDIUM
N5,NORMAL,0.23,0.66,0.41,0.107,-0.73,24.0,66.6,77.6,0.014,0.078,0.008,5.7,LOW
N3,WARNING,1.34,3.46,3.18,0.454,19.47,26.4,68.6,97.5,0.2,0.652,0.056,41.6,MEDIUM
N5,WARNING,2.53,3.01,1.66,0.594,5.87,26.6,65.1,64.4,0.231,0.738,0.033,36.3,MEDIUM
N2,NORMAL,0.78,0.3,0.43,0.101,4.35,33.4,68.4,69.3,0.024,0.014,0.006,9.6,LOW
N1,NORMAL,1.2,0.21,0.15,0.155,-1.29,37.9,82.7,65.0,0.002,0.012,0.014,6.4,LOW
N2,NORMAL,0.3,1.44,0.72,0.126,2.02,36.0,73.7,73.3,0.049,0.02,0.003,8.0,LOW
N3,NORMAL,0.7,1.08,0.29,0.167,-1.1,26.4,88.2,65.9,0.02,0.0,0.016,5.3,LOW
N6,NORMAL,0.56,1.87,0.27,0.07,2.67,34.5,89.1,75.0,0.009,0.095,0.004,9.4,LOW
N3,WARNING,1.56,3.41,3.96,0.593,18.5,37.4,68.2,90.2,0.114,0.113,0.174,38.4,MEDIUM
N1,SUBSIDENCE,4.8,37.31,10.67,3.207,104.47,39.2,91.2,64.3,1.23,4.207,0.544,100.0,CRITICAL
N5,SUBSIDENCE,7.02,42.3,5.41,2.315,89.27,29.0,82.3,81.8,0.35,3.585,0.702,100.0,CRITICAL
N4,WARNING,3.21,6.22,2.27,0.551,27.5,29.2,91.7,91.7,0.284,0.593,0.145,52.0,HIGH
N3,WARNING,1.38,6.35,2.62,0.239,21.95,26.1,67.5,79.6,0.098,0.596,0.084,38.6,MEDIUM
N1,WARNING,1.66,7.2,1.01,0.661,20.63,32.7,86.2,74.9,0.281,0.243,0.044,43.4,MEDIUM
N4,NORMAL,0.12,1.14,0.23,0.076,1.55,33.5,72.0,68.8,0.035,0.096,0.003,6.4,LOW
N5,SUBSIDENCE,8.89,36.71,21.6,3.402,46.8,29.6,79.2,96.6,0.638,3.617,0.909,100.0,CRITICAL
N6,WARNING,2.94,4.98,3.94,0.633,5.18,35.4,91.9,69.6,0.078,0.488,0.1,45.1,MEDIUM
N3,NORMAL,0.94,1.43,0.39,0.146,1.95,28.2,79.8,68.9,0.032,0.006,0.012,5.7,LOW
N6,NORMAL,0.78,0.54,0.12,0.05,3.72,32.3,88.2,69.2,0.002,0.073,0.001,5.9,LOW
N1,NORMAL,0.32,0.87,0.7,0.061,1.51,25.0,89.5,97.5,0.007,0.046,0.012,7.6,LOW
N6,NORMAL,0.31,1.95,0.31,0.128,0.15,34.7,70.9,66.3,0.043,0.035,0.017,9.6,LOW
N6,SUBSIDENCE,10.13,22.44,21.09,4.003,87.01,26.6,76.1,72.8,1.051,1.521,1.353,100.0,CRITICAL
N1,NORMAL,1.15,0.47,0.89,0.093,-1.67,35.2,69.6,73.0,0.036,0.01,0.005,9.0,LOW
N1,NORMAL,0.5,1.55,0.79,0.057,-0.56,24.2,88.4,97.1,0.011,0.038,0.011,8.6,LOW
N3,SUBSIDENCE,10.67,9.38,13.44,3.558,60.81,32.4,65.8,71.3,1.646,4.081,0.427,100.0,CRITICAL
N6,NORMAL,0.99,2.44,0.91,0.027,4.49,30.8,71.3,60.8,0.041,0.087,0.018,13.0,LOW
N4,NORMAL,0.13,1.68,0.34,0.099,-1.08,30.2,65.3,86.7,0.049,0.013,0.009,5.8,LOW
N1,NORMAL,0.69,1.34,0.82,0.059,4.03,26.3,79.3,70.4,0.043,0.083,0.007,11.1,LOW
N5,WARNING,1.32,4.04,2.41,0.244,33.33,37.0,72.9,65.7,0.214,0.195,0.207,37.3,MEDIUM
N6,SUBSIDENCE,6.24,38.79,7.15,3.439,88.72,26.7,75.7,84.1,1.277,2.403,0.708,100.0,CRITICAL
N1,NORMAL,1.09,2.12,0.03,0.042,3.94,29.1,75.9,85.7,0.047,0.006,0.014,8.6,LOW
N4,SUBSIDENCE,10.39,18.17,16.7,2.944,73.8,33.2,80.7,62.9,1.204,0.867,0.255,100.0,CRITICAL
N3,NORMAL,0.64,1.94,0.54,0.103,3.03,31.3,82.8,64.9,0.009,0.046,0.003,6.0,LOW
N6,SUBSIDENCE,4.14,14.17,14.55,1.404,55.64,38.5,89.7,70.2,1.354,1.719,0.747,100.0,CRITICAL
N1,WARNING,2.57,6.16,3.7,0.492,21.84,29.8,92.3,98.4,0.272,0.138,0.164,48.0,MEDIUM
N1,WARNING,1.59,4.05,1.82,0.237,19.49,24.9,83.7,96.6,0.178,0.501,0.172,34.0,MEDIUM
N5,NORMAL,0.6,0.45,0.09,0.065,3.27,30.4,74.0,83.9,0.013,0.081,0.016,6.7,LOW
N5,SUBSIDENCE,10.39,10.39,21.16,2.978,64.86,33.8,66.8,67.0,1.059,2.227,0.766,100.0,CRITICAL
N6,WARNING,1.72,4.74,2.11,0.592,12.78,24.5,90.8,87.9,0.064,0.139,0.023,31.7,MEDIUM
N1,NORMAL,1.2,0.25,0.85,0.131,2.48,34.0,85.1,61.2,0.018,0.038,0.017,10.1,LOW
N6,WARNING,1.62,7.79,2.36,0.625,16.68,30.5,82.7,72.9,0.241,0.183,0.03,42.7,MEDIUM
N1,NORMAL,0.89,1.34,0.93,0.034,-1.53,24.4,93.1,90.9,0.045,0.067,0.013,9.9,LOW
N5,SUBSIDENCE,10.0,41.74,14.41,2.112,71.05,28.6,89.6,85.9,1.466,3.644,1.012,100.0,CRITICAL
N4,NORMAL,0.34,1.31,1.0,0.073,-1.18,36.0,69.7,94.5,0.001,0.018,0.004,8.0,LOW
N2,WARNING,1.4,7.49,1.77,0.529,9.79,28.8,90.6,67.3,0.148,0.16,0.153,35.7,MEDIUM
N2,NORMAL,0.41,0.61,0.56,0.038,-0.67,25.5,82.6,99.9,0.034,0.007,0.015,6.4,LOW
N1,NORMAL,0.29,0.8,0.9,0.12,1.45,34.4,84.3,97.3,0.028,0.03,0.017,8.4,LOW
N5,NORMAL,0.74,1.38,0.98,0.053,-1.01,28.3,72.5,62.3,0.008,0.099,0.013,10.0,LOW
N3,NORMAL,0.25,2.29,0.75,0.171,0.97,37.9,93.0,83.9,0.03,0.048,0.018,9.5,LOW
N3,NORMAL,0.17,1.62,0.1,0.042,-0.66,30.3,66.4,84.8,0.018,0.059,0.007,4.3,LOW
N2,NORMAL,0.82,0.43,0.79,0.124,1.43,34.3,80.4,66.9,0.028,0.05,0.001,8.3,LOW
N4,NORMAL,0.85,1.8,0.21,0.147,1.2,26.4,91.2,94.2,0.009,0.066,0.012,8.7,LOW
N2,NORMAL,1.02,1.12,0.82,0.155,4.98,28.1,79.8,92.2,0.048,0.038,0.004,11.2,LOW
N1,NORMAL,0.9,2.01,0.38,0.06,-1.83,30.7,92.8,68.1,0.031,0.08,0.018,6.7,LOW
N4,WARNING,2.38,3.68,1.56,0.723,29.53,26.1,85.9,82.7,0.053,0.288,0.067,40.8,MEDIUM
N3,NORMAL,0.6,0.64,0.28,0.077,3.5,27.9,66.3,68.8,0.049,0.018,0.007,6.6,LOW
N5,SUBSIDENCE,11.16,39.19,7.02,2.013,58.31,31.5,90.7,84.8,0.522,3.102,0.947,100.0,CRITICAL
N5,SUBSIDENCE,5.7,21.83,6.7,2.79,79.0,33.2,84.6,91.0,1.605,3.967,1.296,100.0,CRITICAL
N1,WARNING,1.41,4.15,1.51,0.472,30.13,36.6,83.8,99.1,0.108,0.612,0.113,42.0,MEDIUM
N2,NORMAL,0.37,2.33,0.36,0.12,-0.78,32.6,78.4,73.8,0.038,0.098,0.016,7.7,LOW
N1,SUBSIDENCE,7.06,20.15,18.99,3.831,106.22,34.6,65.1,93.7,0.928,2.821,0.971,100.0,CRITICAL
N5,NORMAL,0.39,1.29,0.84,0.179,3.56,37.5,72.9,97.7,0.001,0.037,0.005,8.9,LOW
N3,NORMAL,1.13,2.13,0.1,0.02,3.56,34.3,80.6,73.1,0.042,0.096,0.004,8.5,LOW
N5,NORMAL,0.77,1.46,0.29,0.063,1.41,37.4,90.9,92.7,0.024,0.03,0.005,8.8,LOW
N4,WARNING,1.69,3.54,3.43,0.285,20.11,36.5,94.9,97.8,0.105,0.365,0.216,40.1,MEDIUM
N6,NORMAL,0.84,1.19,0.06,0.117,-0.53,33.4,75.4,90.4,0.043,0.055,0.015,7.1,LOW
N5,NORMAL,1.03,1.91,0.78,0.078,4.61,25.7,94.0,99.9,0.021,0.09,0.017,13.5,LOW
N5,SUBSIDENCE,8.65,36.98,20.81,0.819,104.75,32.9,91.9,80.3,1.241,3.865,0.926,100.0,CRITICAL
N6,SUBSIDENCE,7.51,30.5,13.33,2.29,48.54,33.8,83.3,69.5,0.896,1.844,0.751,100.0,CRITICAL
N4,NORMAL,0.19,1.91,0.53,0.091,-1.09,25.3,75.0,99.2,0.021,0.082,0.012,7.9,LOW
N2,NORMAL,0.7,0.86,0.91,0.074,3.11,27.4,66.5,97.1,0.007,0.016,0.011,10.3,LOW
N5,WARNING,1.33,6.45,2.0,0.712,34.58,25.7,86.3,96.2,0.134,0.514,0.198,50.1,HIGH
N1,NORMAL,0.3,2.13,0.12,0.111,0.38,34.4,71.7,76.3,0.024,0.03,0.005,6.3,LOW
N5,NORMAL,0.4,0.75,0.63,0.027,3.52,33.9,77.6,63.1,0.027,0.083,0.004,7.6,LOW
N1,NORMAL,0.93,1.95,0.27,0.167,3.35,28.1,71.5,76.0,0.015,0.024,0.009,11.1,LOW
N4,SUBSIDENCE,3.72,22.85,7.99,1.662,41.19,39.3,68.6,70.9,1.183,2.546,1.188,100.0,CRITICAL
N5,WARNING,2.77,3.81,1.09,0.243,18.01,33.5,79.8,70.8,0.158,0.781,0.127,34.6,MEDIUM
N4,WARNING,1.44,7.22,1.46,0.235,11.41,27.4,75.2,93.4,0.051,0.15,0.166,30.3,MEDIUM
N4,SUBSIDENCE,10.07,26.21,15.03,1.046,92.12,32.5,80.7,80.0,1.074,2.913,1.082,100.0,CRITICAL
N2,NORMAL,0.65,1.93,0.43,0.02,2.28,30.4,84.3,95.6,0.048,0.026,0.016,8.2,LOW
N5,NORMAL,0.95,2.23,0.01,0.05,0.96,26.0,90.0,81.7,0.042,0.084,0.004,11.2,LOW
N1,NORMAL,0.79,2.06,0.21,0.042,4.01,28.4,72.2,89.7,0.006,0.009,0.006,9.9,LOW
N1,NORMAL,1.17,0.66,0.78,0.027,-1.17,25.6,72.2,97.8,0.026,0.1,0.019,6.4,LOW
N5,NORMAL,0.27,1.91,0.0,0.121,1.46,29.3,78.4,65.0,0.024,0.083,0.002,6.0,LOW
N6,WARNING,1.4,3.49,1.72,0.731,19.27,31.0,75.2,73.2,0.178,0.595,0.177,37.6,MEDIUM
N2,WARNING,1.33,7.45,3.31,0.535,16.88,28.2,91.2,85.4,0.196,0.44,0.083,44.5,MEDIUM
N2,SUBSIDENCE,3.51,20.09,10.12,3.187,87.53,37.6,75.4,77.2,0.996,4.319,1.34,100.0,CRITICAL
N2,NORMAL,0.56,1.21,0.89,0.06,3.62,26.7,68.2,93.5,0.026,0.025,0.011,10.2,LOW
N1,WARNING,2.81,3.63,3.83,0.194,15.0,35.3,94.8,94.7,0.055,0.2,0.061,36.1,MEDIUM
N4,WARNING,2.66,6.48,2.57,0.421,25.77,28.6,77.4,85.1,0.293,0.12,0.092,49.1,MEDIUM
N6,NORMAL,0.67,0.24,0.41,0.119,1.53,28.0,69.1,70.0,0.044,0.04,0.0,4.5,LOW
N2,WARNING,2.03,6.22,1.97,0.684,13.99,30.4,77.1,62.8,0.084,0.218,0.235,39.9,MEDIUM
N1,NORMAL,0.91,1.8,0.38,0.131,0.57,33.1,73.3,70.8,0.004,0.074,0.019,9.5,LOW
N1,NORMAL,1.12,0.9,0.77,0.123,2.15,37.8,70.9,81.5,0.009,0.003,0.01,8.7,LOW
N4,NORMAL,0.84,1.31,0.51,0.126,3.7,33.3,68.2,79.7,0.017,0.09,0.01,9.2,LOW
N5,NORMAL,0.12,1.1,0.05,0.164,2.71,36.2,75.7,75.1,0.04,0.047,0.017,5.4,LOW
N5,NORMAL,0.66,0.3,1.0,0.077,1.3,25.8,80.8,60.2,0.038,0.03,0.004,8.1,LOW
N2,WARNING,2.83,5.04,2.6,0.33,10.35,26.9,83.4,85.8,0.225,0.247,0.199,39.1,MEDIUM
N2,SUBSIDENCE,7.8,44.88,10.77,3.797,47.69,34.4,78.6,88.8,0.806,1.338,1.005,100.0,CRITICAL
N6,WARNING,3.2,6.77,1.72,0.363,16.41,37.9,88.5,94.4,0.101,0.353,0.075,39.2,MEDIUM
N4,WARNING,3.32,6.16,1.53,0.612,5.47,34.5,91.6,71.2,0.078,0.121,0.051,36.6,MEDIUM
N2,NORMAL,0.23,0.83,0.65,0.076,4.73,30.3,72.6,82.7,0.007,0.099,0.0,5.2,LOW
N4,WARNING,1.42,7.32,1.41,0.515,6.0,24.2,75.6,72.1,0.128,0.205,0.245,35.5,MEDIUM
N1,NORMAL,0.82,0.33,0.81,0.095,1.17,27.4,70.1,89.1,0.011,0.049,0.007,9.6,LOW
N2,NORMAL,0.26,0.59,0.58,0.056,1.22,26.9,78.8,99.7,0.028,0.027,0.007,4.5,LOW
N1,NORMAL,0.5,1.7,0.64,0.146,2.98,31.6,68.1,71.0,0.001,0.031,0.017,5.7,LOW
N3,NORMAL,0.41,2.21,0.55,0.117,0.57,26.5,68.1,70.5,0.003,0.008,0.008,7.1,LOW
N4,NORMAL,0.92,0.37,0.45,0.152,-0.12,35.2,73.7,99.9,0.015,0.088,0.013,6.9,LOW
N3,NORMAL,0.25,2.41,0.9,0.108,2.1,36.6,67.0,96.2,0.039,0.031,0.011,11.2,LOW
N2,NORMAL,0.9,1.97,0.06,0.05,4.48,27.2,86.0,62.6,0.006,0.063,0.016,8.3,LOW
N1,SUBSIDENCE,7.74,20.37,15.62,3.817,44.41,32.2,91.4,98.9,0.975,2.366,0.655,100.0,CRITICAL
N2,NORMAL,0.1,1.9,0.62,0.179,-1.37,31.8,74.8,85.6,0.041,0.093,0.018,4.9,LOW
N3,NORMAL,0.44,1.15,0.45,0.068,0.39,26.4,89.2,81.5,0.0,0.03,0.009,3.6,LOW
N2,NORMAL,0.97,0.49,0.82,0.173,0.47,25.6,92.8,79.2,0.014,0.065,0.013,10.9,LOW
N6,WARNING,2.96,4.48,1.78,0.243,13.24,37.4,67.4,66.6,0.298,0.561,0.205,40.1,MEDIUM
N5,NORMAL,1.12,1.5,0.63,0.088,3.7,33.1,80.9,74.6,0.026,0.083,0.02,12.7,LOW
N3,NORMAL,0.31,1.71,0.06,0.173,2.53,32.6,89.3,67.2,0.048,0.027,0.019,8.2,LOW
N2,NORMAL,0.65,1.51,0.39,0.061,4.33,36.9,81.9,74.9,0.004,0.015,0.006,9.6,LOW
N1,NORMAL,0.54,2.13,0.03,0.022,-1.68,34.2,70.7,70.5,0.023,0.058,0.012,7.1,LOW
N2,NORMAL,0.37,0.54,0.24,0.118,0.56,30.5,82.8,94.6,0.038,0.054,0.004,4.8,LOW
N1,NORMAL,1.02,1.18,0.65,0.068,2.43,33.0,92.1,65.5,0.046,0.062,0.006,9.7,LOW
N5,NORMAL,0.63,0.94,0.24,0.083,0.76,24.4,94.7,71.8,0.011,0.04,0.013,3.6,LOW
N2,NORMAL,0.79,0.85,0.39,0.108,2.28,25.1,81.7,79.1,0.039,0.079,0.01,9.5,LOW
N5,NORMAL,0.34,0.22,0.32,0.062,1.38,27.1,71.6,84.2,0.038,0.044,0.019,3.5,LOW
N3,WARNING,3.26,6.2,3.02,0.64,25.06,36.4,71.5,96.5,0.24,0.706,0.022,56.3,HIGH
N1,NORMAL,0.39,1.25,0.93,0.038,3.22,25.6,88.2,75.4,0.02,0.002,0.019,8.4,LOW
N6,NORMAL,0.99,1.93,0.63,0.17,-1.31,31.6,84.3,89.5,0.04,0.067,0.006,10.8,LOW
N3,NORMAL,0.31,0.43,0.1,0.067,-0.92,34.0,71.2,61.8,0.027,0.044,0.018,5.0,LOW
N1,SUBSIDENCE,9.53,39.3,16.62,2.971,53.7,32.2,68.5,81.2,1.042,3.482,0.492,100.0,CRITICAL
N5,NORMAL,0.73,1.43,0.47,0.114,4.98,31.4,65.2,61.3,0.031,0.075,0.004,11.9,LOW
N4,NORMAL,0.45,1.27,0.58,0.162,3.4,34.9,77.3,63.7,0.015,0.074,0.011,8.6,LOW
N2,WARNING,2.62,5.56,3.86,0.272,24.68,35.3,86.4,63.3,0.169,0.365,0.203,49.3,MEDIUM
N5,NORMAL,0.48,0.31,0.34,0.124,1.63,31.2,75.9,77.9,0.035,0.055,0.011,7.6,LOW
N1,NORMAL,0.22,2.12,0.89,0.143,2.09,29.4,94.7,65.8,0.028,0.047,0.005,8.8,LOW
N1,NORMAL,0.7,2.19,0.45,0.117,3.79,34.3,66.2,66.1,0.027,0.073,0.007,11.2,LOW
N1,SUBSIDENCE,8.92,24.61,18.91,1.93,92.54,28.7,88.7,97.9,0.509,4.242,0.773,100.0,CRITICAL
N1,NORMAL,1.11,0.75,0.67,0.107,3.08,36.2,88.6,88.2,0.024,0.047,0.018,9.7,LOW
N2,WARNING,2.76,2.81,3.25,0.544,14.07,29.9,81.5,96.2,0.255,0.683,0.234,43.8,MEDIUM
N3,SUBSIDENCE,6.19,37.48,21.86,2.999,108.78,35.7,65.0,86.5,1.074,1.366,0.469,100.0,CRITICAL
N6,NORMAL,0.27,2.46,0.16,0.108,2.69,30.7,72.6,83.7,0.041,0.046,0.019,11.1,LOW
N4,NORMAL,0.82,1.37,0.73,0.087,-1.97,26.7,67.0,74.0,0.013,0.095,0.015,13.3,LOW
N2,NORMAL,1.02,0.44,0.54,0.064,3.08,31.7,88.4,66.3,0.0,0.028,0.014,9.0,LOW
N1,NORMAL,0.68,0.65,0.64,0.041,-0.96,32.1,79.1,61.8,0.016,0.04,0.01,6.4,LOW
N2,NORMAL,0.48,0.34,0.12,0.035,-0.89,34.3,93.8,76.7,0.041,0.063,0.01,3.0,LOW
N5,SUBSIDENCE,6.62,44.18,17.88,3.431,80.0,30.8,88.5,96.4,1.061,2.837,1.065,100.0,CRITICAL
N6,WARNING,2.51,4.6,3.09,0.284,34.06,34.5,73.3,62.0,0.214,0.147,0.142,43.9,MEDIUM
N1,WARNING,2.33,7.08,1.75,0.589,17.23,36.7,94.5,68.4,0.065,0.313,0.092,41.2,MEDIUM
N4,NORMAL,0.57,2.45,0.41,0.076,-1.23,31.1,70.2,67.1,0.038,0.045,0.013,10.0,LOW
N1,WARNING,3.36,7.39,2.83,0.181,18.0,24.6,84.6,72.6,0.183,0.415,0.233,43.1,MEDIUM
N6,SUBSIDENCE,8.26,32.27,11.93,1.262,73.93,37.0,71.7,74.8,1.699,2.783,0.404,100.0,CRITICAL
N4,WARNING,2.19,4.37,2.21,0.633,11.7,25.6,73.5,73.0,0.168,0.114,0.137,38.1,MEDIUM
N6,NORMAL,0.19,1.03,0.5,0.089,-0.04,32.1,94.3,97.8,0.015,0.063,0.014,8.0,LOW
N4,WARNING,1.43,3.94,3.61,0.197,22.77,34.5,76.3,96.9,0.289,0.575,0.041,38.7,MEDIUM
N3,NORMAL,0.41,1.29,0.75,0.061,-0.73,27.9,66.3,84.8,0.0,0.049,0.019,6.2,LOW
N3,NORMAL,0.16,1.37,0.38,0.096,-0.86,35.2,87.8,67.9,0.005,0.075,0.005,6.3,LOW
N2,NORMAL,1.1,0.57,0.8,0.087,-0.72,30.6,92.0,83.8,0.047,0.096,0.01,7.9,LOW
N2,WARNING,1.81,4.84,3.51,0.67,33.18,34.2,81.9,70.0,0.122,0.576,0.036,50.7,HIGH
N4,WARNING,2.71,3.24,2.0,0.409,28.31,32.5,65.5,91.7,0.127,0.134,0.062,37.6,MEDIUM
N1,NORMAL,1.09,1.34,0.71,0.094,0.16,36.5,92.6,98.7,0.008,0.052,0.019,8.5,LOW
N5,NORMAL,0.28,0.54,0.43,0.13,1.08,25.0,70.3,77.1,0.045,0.072,0.013,8.5,LOW
N5,NORMAL,1.17,0.97,0.63,0.178,-0.15,36.9,65.8,76.3,0.008,0.055,0.011,12.0,LOW
N1,NORMAL,0.44,1.51,0.01,0.134,1.39,36.5,71.3,68.7,0.035,0.045,0.009,8.1,LOW
N1,NORMAL,0.72,1.72,0.35,0.103,-0.41,35.2,69.2,61.9,0.007,0.024,0.018,7.3,LOW
N3,NORMAL,0.2,0.87,0.81,0.071,-0.7,33.5,76.1,66.9,0.02,0.012,0.009,6.1,LOW
N5,WARNING,2.24,6.69,1.23,0.22,14.54,27.1,78.1,63.2,0.154,0.252,0.026,34.4,MEDIUM
N4,NORMAL,0.89,1.47,0.43,0.103,2.59,34.8,79.3,72.4,0.05,0.078,0.011,12.8,LOW
N6,NORMAL,0.39,1.12,0.0,0.048,-1.11,36.9,83.2,79.8,0.048,0.006,0.01,0.6,LOW
N2,NORMAL,0.92,1.01,0.19,0.156,-1.6,30.7,95.0,75.5,0.04,0.01,0.013,5.6,LOW
N6,SUBSIDENCE,11.64,22.94,16.27,2.971,41.48,36.5,93.3,82.4,1.415,1.572,0.736,100.0,CRITICAL
N3,WARNING,2.39,5.28,3.45,0.746,24.01,36.0,94.8,87.9,0.145,0.253,0.066,49.3,MEDIUM
N5,WARNING,3.4,4.42,2.88,0.472,19.46,33.4,90.1,89.2,0.208,0.317,0.167,44.3,MEDIUM
N1,NORMAL,0.45,1.24,0.12,0.061,1.65,24.5,78.0,71.2,0.005,0.057,0.008,6.0,LOW
N5,NORMAL,0.17,0.87,0.29,0.077,0.57,34.3,75.1,84.5,0.021,0.009,0.0,2.5,LOW
N4,NORMAL,0.44,2.46,0.32,0.117,-0.46,25.7,94.2,95.7,0.026,0.058,0.004,4.2,LOW
N3,WARNING,2.72,7.24,1.29,0.596,13.57,33.7,78.0,77.6,0.185,0.635,0.028,43.3,MEDIUM
N1,SUBSIDENCE,11.21,39.81,5.04,2.883,67.69,25.9,70.9,72.1,0.477,3.949,0.339,100.0,CRITICAL
N6,WARNING,1.34,6.03,2.31,0.415,9.36,27.1,67.8,70.4,0.159,0.373,0.108,35.5,MEDIUM
N4,SUBSIDENCE,9.17,10.7,10.88,2.525,107.24,33.7,90.8,82.6,1.566,4.191,1.275,100.0,CRITICAL
N6,WARNING,2.02,4.55,2.7,0.641,9.01,35.5,94.3,70.1,0.06,0.653,0.169,41.5,MEDIUM
N2,NORMAL,0.31,0.98,0.88,0.022,-1.93,35.5,85.7,93.5,0.011,0.038,0.006,7.5,LOW
N3,SUBSIDENCE,6.76,30.04,13.28,2.388,56.61,25.5,65.6,63.0,1.364,2.739,0.348,100.0,CRITICAL
N4,NORMAL,0.51,0.9,0.16,0.102,4.79,33.0,83.0,80.8,0.008,0.025,0.009,8.7,LOW
N4,NORMAL,0.91,2.15,1.0,0.094,4.96,36.8,93.4,67.1,0.037,0.066,0.013,13.7,LOW
N6,NORMAL,0.64,2.37,0.38,0.057,-1.28,33.4,92.0,69.7,0.03,0.07,0.004,9.1,LOW
N1,NORMAL,0.23,2.12,0.92,0.054,3.05,30.6,86.0,72.1,0.03,0.024,0.016,8.1,LOW
N2,NORMAL,1.0,0.81,0.36,0.083,-0.56,35.4,82.4,73.1,0.044,0.011,0.011,6.8,LOW
N6,NORMAL,0.96,1.35,0.16,0.071,2.14,32.3,75.0,69.0,0.033,0.055,0.005,6.6,LOW
N4,NORMAL,1.14,0.92,0.34,0.163,-1.0,35.8,88.1,79.4,0.029,0.078,0.005,9.0,LOW
N3,NORMAL,0.23,2.43,0.62,0.103,4.2,29.5,88.2,70.2,0.021,0.056,0.017,8.9,LOW
N4,NORMAL,0.87,1.37,0.16,0.042,1.2,29.5,90.3,61.5,0.036,0.06,0.017,5.0,LOW
N5,NORMAL,0.5,0.37,0.92,0.096,0.21,31.6,77.9,98.5,0.025,0.053,0.017,6.5,LOW
N3,NORMAL,1.17,0.29,0.71,0.079,2.73,29.0,84.0,92.5,0.032,0.033,0.02,7.8,LOW
N3,NORMAL,0.26,0.89,0.2,0.145,3.61,33.6,83.7,77.8,0.013,0.0,0.008,5.4,LOW
N4,WARNING,1.89,5.11,1.05,0.222,9.88,32.7,89.9,82.0,0.206,0.253,0.117,30.9,MEDIUM
N1,WARNING,1.61,7.73,1.27,0.389,32.64,25.1,76.0,76.1,0.201,0.564,0.089,46.0,MEDIUM
N3,WARNING,1.82,3.69,2.07,0.544,33.47,25.5,73.7,76.1,0.226,0.646,0.09,45.4,MEDIUM
N5,WARNING,2.79,7.67,3.43,0.332,29.61,31.9,87.9,74.0,0.153,0.223,0.126,52.0,HIGH
N6,NORMAL,0.26,0.42,0.11,0.172,4.66,37.7,94.6,63.1,0.048,0.03,0.004,6.4,LOW
N1,WARNING,2.93,4.09,3.73,0.231,31.66,30.0,78.0,86.1,0.051,0.465,0.097,47.2,MEDIUM
N1,NORMAL,0.13,1.79,0.02,0.05,2.25,33.9,73.0,61.9,0.004,0.099,0.016,6.0,LOW
N1,NORMAL,1.18,0.54,0.83,0.052,0.62,27.7,87.9,66.9,0.035,0.095,0.0,8.9,LOW
N3,WARNING,1.46,2.75,2.51,0.618,33.85,24.8,74.9,85.7,0.117,0.185,0.113,40.2,MEDIUM
N1,NORMAL,0.28,1.65,0.97,0.158,0.5,37.9,89.8,82.3,0.021,0.042,0.017,9.4,LOW
N4,WARNING,1.42,7.75,3.58,0.66,16.75,37.2,72.6,87.8,0.162,0.184,0.236,49.4,MEDIUM
N1,WARNING,1.67,4.66,1.91,0.402,14.27,35.4,82.0,91.2,0.136,0.654,0.089,35.9,MEDIUM
N5,SUBSIDENCE,11.31,13.12,10.19,0.942,65.52,32.3,75.0,66.1,0.656,2.915,1.229,100.0,CRITICAL
N2,SUBSIDENCE,3.73,33.08,4.55,3.927,79.57,37.6,94.1,63.4,0.83,0.955,0.767,100.0,CRITICAL
N5,NORMAL,0.95,0.79,0.38,0.108,4.96,35.9,84.4,73.9,0.01,0.013,0.012,9.6,LOW
N3,NORMAL,1.17,2.49,0.77,0.148,3.33,37.4,91.3,64.3,0.013,0.015,0.011,12.0,LOW
N1,NORMAL,0.16,2.21,0.61,0.069,1.93,37.5,70.6,93.7,0.011,0.095,0.017,8.8,LOW
N1,NORMAL,0.72,0.95,0.48,0.171,2.84,35.4,88.5,88.9,0.018,0.1,0.007,9.2,LOW
N4,WARNING,2.74,3.1,3.98,0.272,22.88,35.7,76.3,63.1,0.112,0.218,0.149,40.5,MEDIUM
N6,WARNING,2.63,6.72,1.89,0.574,7.27,28.7,78.6,85.1,0.14,0.432,0.2,44.1,MEDIUM
N1,WARNING,2.64,5.35,1.99,0.562,30.11,34.6,88.4,86.1,0.088,0.338,0.174,44.2,MEDIUM
N5,NORMAL,0.63,1.69,0.14,0.053,4.49,33.1,85.6,80.6,0.046,0.072,0.007,9.4,LOW
N3,NORMAL,0.92,0.27,0.26,0.147,4.57,29.2,66.5,85.6,0.044,0.072,0.003,7.6,LOW
N2,NORMAL,0.59,1.52,0.98,0.084,0.15,34.5,81.9,94.9,0.008,0.014,0.01,7.0,LOW
N1,NORMAL,0.45,1.57,0.66,0.065,0.77,25.6,66.4,68.6,0.03,0.002,0.018,7.2,LOW
N2,SUBSIDENCE,7.77,20.16,11.92,1.041,52.48,33.6,75.0,70.4,0.446,1.65,1.129,100.0,CRITICAL
N1,NORMAL,1.2,1.97,0.82,0.024,-1.58,26.6,70.3,64.4,0.036,0.019,0.009,9.8,LOW
N3,NORMAL,0.75,1.9,0.06,0.064,2.61,24.5,76.4,89.2,0.02,0.07,0.015,9.7,LOW
N6,NORMAL,0.52,0.21,0.34,0.16,4.66,27.3,70.0,79.7,0.028,0.031,0.009,5.7,LOW
N5,WARNING,2.89,3.72,3.73,0.276,21.75,24.7,93.3,79.5,0.244,0.249,0.088,43.0,MEDIUM
N3,WARNING,1.35,7.07,2.71,0.212,18.53,28.0,86.0,60.2,0.159,0.202,0.117,37.3,MEDIUM
N2,NORMAL,0.22,2.31,0.43,0.048,3.55,32.6,87.4,91.5,0.043,0.021,0.014,5.1,LOW
N1,NORMAL,0.83,2.4,0.86,0.057,4.39,30.1,66.5,98.0,0.018,0.073,0.017,13.3,LOW
N2,NORMAL,0.18,1.0,0.6,0.039,3.87,32.5,84.8,81.3,0.01,0.099,0.018,5.5,LOW
N5,NORMAL,0.53,1.01,0.89,0.112,3.76,28.5,91.4,88.5,0.026,0.031,0.002,10.9,LOW
N3,WARNING,3.01,6.75,1.36,0.271,14.52,36.0,82.7,73.7,0.125,0.146,0.055,34.9,MEDIUM
N2,WARNING,2.41,3.94,2.75,0.223,32.08,31.3,92.9,66.3,0.11,0.673,0.172,46.2,MEDIUM
N2,NORMAL,0.23,0.94,0.83,0.026,-0.32,30.3,75.1,63.7,0.021,0.071,0.006,6.4,LOW
N5,NORMAL,0.91,1.26,0.81,0.131,-1.6,30.9,84.6,68.1,0.025,0.099,0.006,12.7,LOW
N1,SUBSIDENCE,9.47,32.41,10.75,1.731,103.93,27.6,93.0,81.1,0.491,2.399,1.209,100.0,CRITICAL
N2,NORMAL,0.66,1.18,0.87,0.172,0.66,24.4,88.6,98.8,0.027,0.032,0.007,9.6,LOW
N5,WARNING,2.97,5.35,3.48,0.669,21.34,25.1,66.7,77.0,0.284,0.121,0.022,51.2,HIGH
N1,NORMAL,1.13,1.75,0.66,0.082,1.74,31.8,77.6,93.8,0.015,0.052,0.015,10.4,LOW
N6,NORMAL,0.42,1.31,0.98,0.175,-1.96,32.3,78.4,89.3,0.027,0.034,0.006,6.4,LOW
N1,NORMAL,0.13,2.33,0.57,0.129,2.23,33.6,83.6,72.4,0.049,0.099,0.012,8.7,LOW
N6,NORMAL,0.31,1.13,0.68,0.029,1.6,24.7,87.9,86.7,0.02,0.053,0.017,6.0,LOW
N3,SUBSIDENCE,5.23,35.16,12.93,2.41,71.23,37.9,66.1,76.0,1.724,4.294,1.392,100.0,CRITICAL
N5,NORMAL,1.08,1.94,0.46,0.144,-0.54,34.1,93.5,70.6,0.03,0.053,0.011,10.5,LOW
N1,NORMAL,0.93,1.68,0.7,0.089,4.61,25.8,74.7,69.1,0.024,0.012,0.014,11.6,LOW
N6,NORMAL,0.69,1.0,0.16,0.147,1.28,33.9,74.8,82.5,0.023,0.089,0.011,8.1,LOW
N6,NORMAL,0.9,0.88,0.69,0.111,1.04,31.7,72.4,86.7,0.036,0.032,0.014,9.6,LOW
N3,NORMAL,1.07,0.91,0.81,0.074,3.75,36.2,81.0,83.8,0.003,0.001,0.002,8.9,LOW
N4,NORMAL,1.03,0.32,0.39,0.123,0.83,24.3,70.1,68.7,0.002,0.065,0.008,6.3,LOW
N5,WARNING,2.37,3.53,2.08,0.608,29.23,31.7,93.6,95.1,0.249,0.587,0.145,46.8,MEDIUM
N4,NORMAL,0.81,1.28,0.73,0.03,4.61,24.0,66.8,70.5,0.027,0.05,0.006,10.5,LOW
N1,NORMAL,0.7,0.39,0.97,0.086,0.21,30.4,70.4,66.5,0.026,0.006,0.017,7.1,LOW
N5,SUBSIDENCE,6.57,29.21,11.5,2.809,87.91,27.5,80.4,62.9,1.423,2.284,1.146,100.0,CRITICAL
N3,NORMAL,0.37,1.54,0.74,0.035,-0.55,25.2,85.8,80.3,0.05,0.034,0.006,6.9,LOW
N1,SUBSIDENCE,4.84,31.42,13.46,2.699,109.61,31.3,91.4,85.9,0.343,4.185,1.302,100.0,CRITICAL
N5,NORMAL,1.08,1.57,0.22,0.112,-0.75,32.2,88.9,66.7,0.007,0.065,0.019,9.6,LOW
N5,SUBSIDENCE,9.06,35.12,4.75,1.085,93.62,39.4,87.9,91.7,0.96,2.301,1.4,100.0,CRITICAL
N4,WARNING,1.68,3.56,3.94,0.576,25.6,27.8,70.4,88.4,0.122,0.721,0.03,48.0,MEDIUM
N1,WARNING,2.85,5.44,1.02,0.678,33.67,28.6,70.6,99.1,0.101,0.69,0.244,51.5,HIGH
N3,SUBSIDENCE,4.01,18.21,17.36,2.88,86.34,29.9,77.9,92.3,1.362,3.339,0.678,100.0,CRITICAL
N3,NORMAL,1.13,1.25,0.09,0.17,-1.44,28.9,92.9,98.4,0.008,0.087,0.011,7.4,LOW
N1,SUBSIDENCE,6.31,40.13,16.21,1.697,105.61,35.2,66.2,95.6,0.395,1.976,0.745,100.0,CRITICAL
N1,NORMAL,0.83,0.83,0.66,0.106,0.35,35.3,67.7,77.1,0.001,0.055,0.002,8.2,LOW
N6,NORMAL,0.58,1.48,0.04,0.053,-0.6,24.3,90.2,98.9,0.03,0.026,0.003,5.0,LOW
N2,NORMAL,0.87,1.15,0.12,0.096,1.2,25.0,66.1,62.6,0.021,0.038,0.01,7.0,LOW
N4,NORMAL,0.32,0.84,0.17,0.06,-0.7,34.4,93.7,96.8,0.008,0.029,0.008,3.0,LOW
N1,NORMAL,0.62,1.26,0.13,0.175,3.32,25.4,93.2,71.4,0.042,0.023,0.008,8.6,LOW
N1,NORMAL,0.76,0.55,0.8,0.05,3.67,36.4,87.8,74.2,0.02,0.058,0.005,6.6,LOW
N2,NORMAL,0.74,0.5,0.16,0.105,2.48,36.6,76.6,81.5,0.028,0.056,0.015,8.1,LOW
N2,WARNING,3.25,5.05,2.34,0.617,31.32,27.0,74.5,78.8,0.234,0.17,0.127,49.8,MEDIUM
N5,WARNING,1.71,5.34,2.93,0.679,11.34,28.6,91.5,65.5,0.128,0.384,0.072,39.9,MEDIUM
N3,NORMAL,0.59,0.92,0.08,0.035,3.49,34.8,69.6,91.2,0.043,0.074,0.011,7.3,LOW
N4,NORMAL,0.57,1.93,0.23,0.153,1.98,24.8,78.4,72.5,0.0,0.052,0.006,8.3,LOW
N5,NORMAL,0.32,1.0,0.18,0.068,-1.19,35.6,71.9,89.0,0.004,0.091,0.018,0.9,LOW
N1,NORMAL,0.75,0.32,0.9,0.18,2.96,28.2,86.5,72.0,0.012,0.055,0.002,12.9,LOW
N2,NORMAL,0.26,0.22,0.57,0.175,1.39,35.2,78.6,66.9,0.011,0.046,0.012,7.3,LOW
N6,NORMAL,0.31,2.27,0.24,0.136,-0.12,29.7,80.5,74.1,0.036,0.008,0.004,9.5,LOW
N3,NORMAL,0.73,0.95,0.68,0.102,2.94,28.3,81.7,80.4,0.022,0.088,0.008,8.0,LOW
N5,SUBSIDENCE,7.9,37.46,14.59,3.804,81.43,26.2,68.8,82.3,0.333,4.02,1.3,100.0,CRITICAL
N6,NORMAL,0.15,1.15,0.98,0.048,-0.56,26.8,80.9,70.0,0.034,0.004,0.016,5.6,LOW
N3,NORMAL,0.82,1.55,0.95,0.091,4.12,31.7,76.7,62.6,0.029,0.091,0.006,12.3,LOW
N6,NORMAL,0.73,2.03,0.56,0.065,-0.15,28.4,77.6,64.6,0.012,0.098,0.008,8.3,LOW
N2,NORMAL,0.32,1.37,0.8,0.16,4.06,25.5,83.0,82.2,0.047,0.013,0.001,11.9,LOW
N5,NORMAL,0.84,1.05,0.39,0.107,-1.45,34.4,81.5,69.4,0.04,0.092,0.008,8.1,LOW
N5,WARNING,1.36,3.85,2.81,0.203,30.09,33.5,89.2,73.8,0.293,0.158,0.077,37.2,MEDIUM
N3,NORMAL,0.67,2.25,0.38,0.033,4.96,25.7,94.4,75.2,0.009,0.005,0.008,9.3,LOW
N6,NORMAL,1.01,0.61,0.14,0.124,4.37,35.4,92.3,85.2,0.006,0.059,0.002,7.8,LOW
N2,SUBSIDENCE,9.35,10.05,5.31,1.37,55.54,37.4,94.8,78.2,1.44,2.411,0.348,100.0,CRITICAL
N1,SUBSIDENCE,7.85,10.9,10.89,2.033,107.43,31.3,70.7,94.4,1.291,3.694,0.41,100.0,CRITICAL
N5,WARNING,1.55,4.91,1.16,0.542,19.46,31.9,93.9,61.3,0.174,0.171,0.138,33.4,MEDIUM
N1,NORMAL,1.11,1.3,0.21,0.126,1.62,33.6,85.7,78.9,0.011,0.063,0.009,10.9,LOW
N2,WARNING,2.1,2.85,2.48,0.319,6.6,31.1,88.8,70.7,0.133,0.161,0.153,28.0,MEDIUM
N5,NORMAL,0.51,1.78,0.99,0.165,1.65,32.4,76.6,71.2,0.034,0.053,0.009,10.1,LOW
N5,NORMAL,0.88,2.21,0.29,0.133,1.04,28.9,87.8,72.6,0.015,0.062,0.019,11.0,LOW
N6,NORMAL,0.98,1.95,0.77,0.18,-1.02,34.9,66.4,88.2,0.019,0.063,0.012,10.7,LOW
N1,NORMAL,0.91,0.34,0.54,0.059,3.61,24.9,83.0,94.7,0.002,0.015,0.002,7.2,LOW
N6,NORMAL,0.66,0.68,0.34,0.078,1.16,33.3,81.4,61.9,0.021,0.067,0.007,5.4,LOW
N4,NORMAL,1.11,0.61,0.45,0.172,-0.27,32.1,89.5,80.4,0.001,0.049,0.004,9.4,LOW
N1,SUBSIDENCE,8.98,32.65,18.77,3.123,108.21,37.3,69.0,89.4,0.984,0.986,0.743,100.0,CRITICAL
N1,SUBSIDENCE,8.05,41.32,17.16,3.029,101.52,26.3,87.9,73.5,1.662,2.224,1.41,100.0,CRITICAL
N4,WARNING,2.32,7.1,2.91,0.441,9.92,31.9,77.2,83.6,0.285,0.333,0.043,45.2,MEDIUM
N2,NORMAL,0.36,1.07,0.97,0.17,4.05,34.2,72.9,61.3,0.039,0.016,0.009,12.4,LOW
N2,SUBSIDENCE,7.05,23.73,5.17,1.856,103.8,37.6,84.6,66.3,0.675,2.906,0.86,100.0,CRITICAL
N5,NORMAL,0.26,1.48,0.05,0.083,0.79,24.2,89.2,98.3,0.01,0.03,0.007,3.1,LOW
N3,WARNING,1.87,3.12,3.86,0.602,31.73,30.4,85.2,88.2,0.14,0.439,0.234,49.4,MEDIUM
N6,NORMAL,1.02,2.44,0.33,0.06,-1.46,36.1,80.3,93.5,0.043,0.029,0.001,11.0,LOW
N3,WARNING,2.48,4.23,1.39,0.429,5.8,31.4,89.0,99.0,0.201,0.399,0.053,33.8,MEDIUM
N5,NORMAL,0.68,0.5,0.81,0.131,4.68,31.5,65.5,78.9,0.027,0.036,0.019,7.0,LOW
N3,SUBSIDENCE,3.52,35.3,14.19,1.129,95.98,37.0,75.7,92.8,1.105,1.222,0.45,100.0,CRITICAL
N1,SUBSIDENCE,4.09,17.02,17.76,2.964,58.01,35.2,68.6,82.2,1.704,1.581,1.312,100.0,CRITICAL
N1,NORMAL,1.12,1.62,0.53,0.079,3.52,26.7,90.0,61.6,0.046,0.075,0.015,12.2,LOW
N4,NORMAL,0.93,0.69,0.49,0.131,3.31,37.9,71.2,86.6,0.044,0.028,0.004,10.1,LOW
N4,SUBSIDENCE,11.6,41.17,11.98,2.95,74.68,26.8,83.3,83.8,0.82,1.334,1.254,100.0,CRITICAL
N5,NORMAL,0.47,0.51,0.8,0.094,3.08,25.6,70.8,87.5,0.001,0.007,0.004,6.4,LOW
N5,SUBSIDENCE,3.9,9.4,4.57,3.157,75.21,25.6,90.2,74.0,0.855,3.3,0.942,100.0,CRITICAL
N5,NORMAL,0.54,2.0,0.19,0.022,4.36,24.4,71.1,66.2,0.025,0.035,0.016,8.3,LOW
N1,NORMAL,0.91,0.92,0.77,0.027,2.26,29.8,82.1,61.3,0.016,0.019,0.016,11.7,LOW
N3,NORMAL,0.97,0.86,0.69,0.142,-1.18,35.9,74.4,76.1,0.015,0.072,0.005,11.0,LOW
N6,NORMAL,0.21,0.54,0.28,0.028,-0.65,25.1,74.5,89.8,0.02,0.038,0.004,3.8,LOW
N5,WARNING,2.37,7.71,1.42,0.298,13.41,30.7,69.7,94.9,0.053,0.76,0.122,42.3,MEDIUM
N5,NORMAL,0.86,1.19,0.88,0.165,-1.65,27.1,90.3,78.6,0.006,0.003,0.012,11.0,LOW
N1,NORMAL,1.02,1.48,0.8,0.079,4.62,37.1,75.1,93.4,0.033,0.06,0.007,12.9,LOW
N6,NORMAL,0.54,1.96,0.91,0.094,1.68,25.7,75.6,74.0,0.017,0.005,0.013,10.8,LOW
N1,NORMAL,0.27,1.73,0.17,0.145,-0.26,30.1,67.4,77.1,0.014,0.034,0.003,7.5,LOW
N6,SUBSIDENCE,6.39,20.52,15.89,3.403,61.7,34.5,66.1,79.2,0.693,2.629,1.235,100.0,CRITICAL
N1,SUBSIDENCE,11.92,21.07,11.93,1.742,72.33,27.4,92.8,72.3,0.541,1.714,1.14,100.0,CRITICAL
N3,NORMAL,0.73,0.94,0.48,0.165,-1.52,24.8,87.8,65.1,0.043,0.056,0.013,9.6,LOW
N5,WARNING,3.42,6.9,2.48,0.707,10.07,31.5,86.3,84.5,0.298,0.602,0.043,49.9,MEDIUM
N2,WARNING,2.18,3.86,1.71,0.708,12.04,24.2,92.1,64.2,0.291,0.247,0.108,37.2,MEDIUM
N2,NORMAL,0.49,2.14,0.79,0.155,4.4,31.9,65.4,88.9,0.046,0.077,0.012,11.3,LOW
N5,SUBSIDENCE,5.43,38.66,13.97,4.156,50.77,29.2,66.8,81.8,1.385,2.826,1.415,100.0,CRITICAL
N5,NORMAL,0.67,0.92,0.99,0.031,1.99,30.7,90.7,93.6,0.013,0.0,0.02,7.2,LOW
N5,NORMAL,0.99,1.26,0.9,0.079,0.86,32.0,89.9,70.5,0.013,0.045,0.02,9.2,LOW
N5,SUBSIDENCE,11.63,8.49,20.74,3.848,40.05,26.8,89.9,78.7,1.207,3.705,0.755,100.0,CRITICAL
N6,NORMAL,0.39,0.36,0.64,0.027,3.54,33.4,93.8,80.8,0.039,0.032,0.009,5.6,LOW
N3,WARNING,3.49,4.29,2.58,0.246,21.69,37.8,72.1,73.5,0.184,0.694,0.249,45.5,MEDIUM
N2,SUBSIDENCE,5.83,15.39,6.7,2.516,100.44,30.9,90.1,62.1,1.185,4.029,1.449,100.0,CRITICAL
N4,NORMAL,0.63,1.05,0.2,0.09,1.11,32.9,68.3,83.0,0.04,0.087,0.013,9.2,LOW
N2,SUBSIDENCE,5.83,18.91,5.71,2.944,78.79,36.6,79.8,66.0,0.63,1.773,1.216,100.0,CRITICAL
N2,NORMAL,0.16,0.82,0.73,0.116,3.03,25.2,67.4,93.3,0.024,0.075,0.01,9.2,LOW
N1,NORMAL,0.79,0.84,0.76,0.042,2.52,30.5,84.3,61.1,0.049,0.015,0.003,7.6,LOW
N5,WARNING,2.35,2.96,1.72,0.586,27.17,30.1,79.3,76.8,0.232,0.146,0.201,38.3,MEDIUM
N5,SUBSIDENCE,10.78,33.16,13.0,3.628,95.4,29.8,89.1,97.8,0.308,2.572,0.303,100.0,CRITICAL
N5,NORMAL,0.37,0.25,0.4,0.074,2.74,35.6,72.5,62.2,0.025,0.04,0.005,2.4,LOW
N1,NORMAL,0.72,0.93,0.71,0.033,4.76,36.5,86.7,65.8,0.009,0.036,0.01,6.4,LOW
N3,WARNING,2.21,5.49,3.11,0.506,18.72,37.3,86.2,95.3,0.241,0.365,0.247,45.7,MEDIUM
N3,WARNING,2.1,5.7,1.82,0.685,19.13,28.5,67.6,66.5,0.184,0.705,0.203,46.6,MEDIUM
N4,WARNING,1.98,4.18,1.11,0.426,8.18,29.2,70.6,94.7,0.105,0.651,0.134,32.9,MEDIUM
N3,NORMAL,1.09,1.39,0.92,0.094,-1.25,28.5,84.4,80.3,0.001,0.013,0.012,11.3,LOW
N3,NORMAL,0.47,0.7,0.08,0.145,3.73,37.4,71.8,62.3,0.027,0.016,0.005,6.0,LOW
N5,NORMAL,0.71,0.8,0.96,0.112,4.76,32.5,65.3,75.7,0.039,0.072,0.017,8.4,LOW
N6,WARNING,1.7,4.89,2.41,0.253,5.7,35.2,73.3,69.4,0.085,0.7,0.194,36.4,MEDIUM
N2,NORMAL,0.14,1.29,0.38,0.154,2.77,34.1,71.5,96.2,0.007,0.099,0.015,8.8,LOW
N3,NORMAL,0.62,0.88,0.65,0.054,4.35,31.0,69.5,70.8,0.043,0.046,0.004,6.4,LOW
N3,SUBSIDENCE,7.6,8.78,17.78,1.429,100.0,28.8,86.2,88.8,0.333,2.769,1.221,100.0,CRITICAL
N1,NORMAL,0.8,1.04,0.79,0.121,2.13,29.4,67.2,73.5,0.041,0.024,0.005,9.2,LOW
N4,SUBSIDENCE,6.95,26.32,8.57,3.879,56.38,27.1,81.3,98.4,1.577,2.446,1.148,100.0,CRITICAL
N6,WARNING,2.73,7.01,1.78,0.636,15.54,31.2,83.7,94.7,0.171,0.232,0.132,44.6,MEDIUM
N1,WARNING,1.9,7.91,3.54,0.41,11.8,28.1,69.1,60.9,0.068,0.264,0.223,43.7,MEDIUM
N5,NORMAL,0.43,0.7,0.1,0.172,-0.13,25.2,65.9,64.3,0.0,0.094,0.012,6.1,LOW
N2,NORMAL,0.75,0.34,0.57,0.124,-0.97,34.1,80.5,75.8,0.024,0.096,0.017,6.9,LOW
N4,WARNING,2.24,6.71,2.66,0.616,34.1,26.8,76.2,80.8,0.21,0.522,0.113,52.0,HIGH
N1,WARNING,1.28,5.12,3.59,0.737,30.67,27.2,85.3,63.4,0.093,0.209,0.11,47.3,MEDIUM
N3,WARNING,2.22,4.04,2.79,0.634,32.71,32.3,85.8,94.0,0.291,0.346,0.217,49.1,MEDIUM
N3,NORMAL,0.24,2.38,0.55,0.074,0.37,27.5,70.1,88.9,0.038,0.068,0.015,7.0,LOW
N4,WARNING,1.89,3.72,1.64,0.265,17.8,34.4,77.1,84.0,0.115,0.726,0.179,34.6,MEDIUM
N3,WARNING,2.35,3.42,1.14,0.57,8.64,34.8,91.2,68.0,0.064,0.409,0.19,31.7,MEDIUM
N1,WARNING,3.47,6.7,1.47,0.659,19.97,31.4,93.4,68.6,0.067,0.192,0.12,44.6,MEDIUM
N1,WARNING,2.29,3.74,2.68,0.698,22.03,36.7,82.3,87.5,0.178,0.625,0.054,44.7,MEDIUM
N3,WARNING,3.08,5.99,2.92,0.596,6.57,31.6,70.3,72.9,0.146,0.774,0.079,43.8,MEDIUM
N3,WARNING,2.85,6.04,2.24,0.715,28.25,24.3,82.4,69.3,0.117,0.426,0.222,52.3,HIGH
N5,NORMAL,0.17,2.3,0.82,0.05,3.86,31.5,90.5,84.7,0.007,0.048,0.015,8.4,LOW
N2,NORMAL,0.58,2.33,0.04,0.098,2.63,30.0,74.5,99.0,0.042,0.054,0.018,9.1,LOW
N4,NORMAL,0.83,1.18,0.88,0.129,2.47,29.9,92.3,79.9,0.036,0.074,0.01,11.1,LOW
N1,NORMAL,0.34,1.4,0.03,0.136,-1.11,29.8,72.2,93.7,0.006,0.095,0.015,6.1,LOW
N4,NORMAL,1.17,1.37,0.58,0.059,2.12,33.1,71.1,63.6,0.02,0.085,0.008,10.6,LOW
N5,NORMAL,0.14,1.16,0.16,0.179,3.59,36.3,94.9,71.6,0.035,0.08,0.005,7.5,LOW
N1,NORMAL,1.18,0.94,0.01,0.079,4.98,26.0,91.6,76.5,0.032,0.07,0.005,9.5,LOW
N5,NORMAL,0.1,0.88,0.2,0.117,3.29,28.4,89.2,76.8,0.025,0.019,0.001,3.3,LOW
N5,WARNING,1.78,2.61,2.49,0.57,10.71,36.0,74.2,96.2,0.184,0.395,0.182,35.6,MEDIUM
N6,SUBSIDENCE,9.51,9.38,18.24,2.456,105.91,29.3,79.2,90.1,0.785,2.987,1.445,100.0,CRITICAL
N3,NORMAL,0.86,2.13,0.52,0.071,1.75,24.7,66.1,62.6,0.017,0.018,0.011,9.2,LOW
N6,SUBSIDENCE,9.22,23.06,12.89,1.935,54.02,26.9,80.5,79.1,0.837,1.515,1.098,100.0,CRITICAL
N4,NORMAL,0.43,0.44,0.7,0.111,3.67,25.6,69.0,68.8,0.012,0.079,0.006,5.9,LOW
N4,NORMAL,0.85,0.76,0.6,0.061,0.56,26.6,68.9,76.5,0.044,0.05,0.012,7.4,LOW
N3,NORMAL,1.04,0.75,0.62,0.16,4.54,36.2,91.6,82.3,0.05,0.076,0.002,11.3,LOW
N6,NORMAL,0.17,1.3,0.21,0.091,3.07,31.2,93.1,85.2,0.033,0.078,0.01,8.5,LOW
N4,WARNING,2.92,6.15,2.92,0.701,15.69,36.2,75.7,65.7,0.157,0.366,0.196,49.3,MEDIUM
N6,WARNING,2.34,7.91,1.61,0.438,13.14,24.1,84.6,72.3,0.281,0.486,0.153,43.0,MEDIUM
N3,NORMAL,0.66,1.42,0.59,0.152,0.09,27.2,65.0,86.6,0.013,0.08,0.014,6.3,LOW
N1,NORMAL,0.27,2.4,0.6,0.156,3.64,35.2,84.2,68.2,0.028,0.044,0.01,10.3,LOW
N5,NORMAL,0.77,1.13,0.06,0.081,-0.41,33.7,91.9,73.4,0.042,0.01,0.007,6.5,LOW
N5,NORMAL,0.77,1.06,0.2,0.072,2.45,26.0,89.4,86.1,0.036,0.037,0.003,7.2,LOW
N6,NORMAL,0.9,1.32,0.46,0.054,-0.82,32.8,71.4,73.5,0.008,0.099,0.016,9.0,LOW
N4,NORMAL,0.49,1.3,0.42,0.169,3.05,27.9,93.8,88.2,0.004,0.036,0.003,6.9,LOW
N6,WARNING,1.22,4.31,2.32,0.523,19.99,31.3,72.4,65.8,0.067,0.461,0.05,35.3,MEDIUM
N6,SUBSIDENCE,5.95,11.69,9.11,3.741,58.04,31.7,90.6,63.2,1.005,2.723,0.473,100.0,CRITICAL
N2,NORMAL,1.12,2.2,0.86,0.052,1.39,35.8,93.1,71.1,0.031,0.01,0.011,11.3,LOW
N5,SUBSIDENCE,5.95,18.02,6.76,2.236,93.84,33.5,88.0,95.9,1.368,4.131,0.695,100.0,CRITICAL
N3,NORMAL,1.06,1.27,0.91,0.091,4.32,27.4,92.3,84.6,0.039,0.022,0.019,11.1,LOW
N6,NORMAL,0.83,0.45,0.07,0.175,0.36,33.6,67.7,76.5,0.042,0.07,0.012,6.4,LOW
N2,NORMAL,0.77,2.2,0.71,0.06,4.89,32.4,86.3,84.7,0.032,0.05,0.016,12.6,LOW
N2,WARNING,1.61,5.49,1.85,0.505,8.77,33.4,79.9,73.6,0.108,0.666,0.113,35.8,MEDIUM
N5,SUBSIDENCE,7.71,38.11,9.07,2.204,50.19,30.7,69.0,76.8,0.827,4.075,1.232,100.0,CRITICAL
N5,WARNING,2.97,2.74,3.24,0.568,6.94,29.4,71.2,93.0,0.209,0.309,0.061,37.4,MEDIUM
N5,NORMAL,0.92,2.46,0.53,0.034,0.57,29.8,72.1,62.9,0.042,0.04,0.009,5.8,LOW
N3,WARNING,1.62,4.5,1.74,0.506,23.42,29.4,91.3,81.0,0.193,0.159,0.173,37.2,MEDIUM
N2,NORMAL,0.19,0.22,0.7,0.084,0.02,28.4,89.0,67.0,0.022,0.007,0.008,4.3,LOW
N4,SUBSIDENCE,9.93,26.51,5.47,4.095,90.07,38.5,86.9,89.1,0.69,2.952,1.375,100.0,CRITICAL
N3,NORMAL,0.41,2.48,0.24,0.034,4.84,35.9,76.9,80.1,0.008,0.052,0.009,10.9,LOW
N1,NORMAL,0.15,0.68,0.83,0.097,-0.38,24.7,71.7,74.2,0.018,0.029,0.011,5.8,LOW
N6,NORMAL,1.12,1.63,0.5,0.051,1.9,38.0,80.0,72.8,0.046,0.057,0.003,10.7,LOW
N5,WARNING,2.36,3.95,1.09,0.687,17.87,33.7,93.3,80.7,0.238,0.78,0.165,46.4,MEDIUM
N2,NORMAL,0.45,2.32,0.07,0.054,0.39,28.0,75.6,86.3,0.039,0.09,0.009,8.6,LOW
N6,WARNING,1.56,5.51,2.77,0.583,23.12,29.5,77.5,64.7,0.074,0.582,0.025,42.2,MEDIUM
N3,NORMAL,0.11,0.36,0.45,0.058,-1.52,29.8,83.4,83.9,0.013,0.053,0.015,1.9,LOW
N1,WARNING,3.26,3.49,2.43,0.54,20.59,32.6,78.2,90.2,0.163,0.781,0.237,46.2,MEDIUM
N3,WARNING,2.38,7.98,3.06,0.219,17.06,37.7,79.7,65.6,0.233,0.69,0.207,50.0,HIGH
N3,WARNING,2.7,2.89,3.92,0.612,34.46,25.7,85.4,79.9,0.144,0.111,0.14,52.3,HIGH
N4,NORMAL,0.93,0.87,0.83,0.124,4.91,28.7,77.9,97.0,0.009,0.005,0.017,11.1,LOW
N6,NORMAL,0.58,0.89,0.06,0.091,2.58,36.0,69.9,90.3,0.013,0.072,0.01,6.0,LOW
N4,NORMAL,1.13,1.91,0.41,0.057,-1.31,37.5,69.1,75.0,0.032,0.014,0.017,11.0,LOW
N3,WARNING,3.36,5.09,2.61,0.606,11.32,25.6,93.0,87.4,0.295,0.647,0.057,49.5,MEDIUM
N1,NORMAL,0.14,0.53,0.05,0.176,1.48,31.2,94.5,64.5,0.023,0.096,0.01,4.3,LOW
N2,NORMAL,1.18,0.58,0.47,0.074,4.69,30.0,85.3,82.5,0.024,0.002,0.004,9.0,LOW
N2,NORMAL,1.03,2.11,0.59,0.111,-0.05,33.3,93.4,80.1,0.048,0.008,0.008,10.9,LOW
N6,NORMAL,1.09,0.44,0.53,0.071,3.57,30.1,67.4,72.0,0.022,0.048,0.001,8.0,LOW
N5,WARNING,1.49,4.34,1.68,0.343,9.45,31.5,71.9,89.4,0.16,0.448,0.212,31.4,MEDIUM
N5,NORMAL,0.43,1.94,0.39,0.102,1.53,31.9,94.8,82.9,0.048,0.015,0.019,9.6,LOW
N2,WARNING,2.71,6.62,3.47,0.452,25.36,26.7,70.0,89.5,0.204,0.385,0.209,53.8,HIGH
N3,NORMAL,0.8,0.93,0.64,0.143,-0.48,32.0,67.4,93.2,0.029,0.082,0.008,10.4,LOW
N3,NORMAL,0.98,1.25,0.12,0.126,2.01,27.6,77.8,66.2,0.046,0.028,0.001,9.8,LOW
N4,NORMAL,1.18,0.71,0.68,0.093,1.89,27.1,91.8,99.5,0.047,0.053,0.006,12.4,LOW
N6,NORMAL,0.38,1.86,0.51,0.132,4.75,33.1,77.2,88.3,0.014,0.074,0.009,9.2,LOW
N4,NORMAL,0.47,1.32,0.71,0.027,0.3,35.4,69.9,89.3,0.027,0.007,0.014,6.0,LOW
N5,WARNING,2.69,4.76,1.49,0.724,18.92,35.4,94.9,61.8,0.096,0.603,0.16,45.5,MEDIUM
N2,NORMAL,0.91,2.48,0.54,0.135,1.09,25.3,77.7,97.6,0.018,0.07,0.02,12.3,LOW
N3,WARNING,1.46,6.08,2.29,0.395,11.28,30.9,70.9,74.0,0.094,0.461,0.107,35.2,MEDIUM
N2,NORMAL,1.2,1.05,0.41,0.023,0.67,31.8,68.2,73.3,0.038,0.052,0.013,7.8,LOW
N1,NORMAL,0.86,1.46,0.67,0.078,-0.64,29.3,92.8,99.7,0.041,0.038,0.013,8.2,LOW
N2,WARNING,2.69,5.81,3.52,0.474,31.09,34.1,80.3,97.8,0.153,0.122,0.233,50.1,HIGH
N1,NORMAL,1.08,0.45,0.62,0.106,3.44,27.0,73.7,74.8,0.015,0.001,0.004,9.6,LOW
N4,NORMAL,0.88,0.37,0.49,0.1,2.31,33.2,66.3,71.7,0.016,0.026,0.01,7.5,LOW
N4,NORMAL,0.97,1.31,0.95,0.159,0.41,36.3,75.5,68.1,0.036,0.027,0.004,7.9,LOW
N5,NORMAL,1.16,0.27,0.37,0.026,1.53,31.3,73.6,94.9,0.02,0.072,0.019,7.4,LOW
N2,WARNING,2.59,5.54,1.57,0.203,18.84,27.0,66.9,62.2,0.182,0.189,0.034,35.4,MEDIUM
N2,NORMAL,0.59,2.06,0.66,0.129,-0.16,37.3,67.2,91.1,0.001,0.045,0.008,10.4,LOW
N1,WARNING,2.09,7.06,2.48,0.648,19.01,35.3,67.0,62.5,0.15,0.775,0.105,50.0,HIGH
N4,SUBSIDENCE,7.22,29.67,14.95,0.876,87.26,29.2,73.7,97.5,0.495,4.335,0.667,100.0,CRITICAL
N1,NORMAL,0.63,1.2,0.57,0.169,0.16,24.9,80.7,82.5,0.009,0.06,0.01,5.8,LOW
N4,SUBSIDENCE,9.4,44.84,11.59,2.51,40.63,30.4,75.1,73.1,1.547,1.163,1.417,100.0,CRITICAL
N1,NORMAL,1.15,2.45,0.97,0.133,-1.22,30.9,83.5,60.3,0.019,0.029,0.014,12.5,LOW
N4,SUBSIDENCE,10.15,43.23,16.05,3.689,70.87,28.2,66.6,85.0,0.33,4.465,0.324,100.0,CRITICAL
N1,NORMAL,0.74,0.68,0.96,0.166,-0.04,27.6,72.7,92.8,0.033,0.086,0.007,11.0,LOW
N4,WARNING,2.27,6.43,2.95,0.355,11.24,27.6,86.4,66.2,0.081,0.117,0.039,36.6,MEDIUM
N6,NORMAL,0.68,0.76,0.51,0.14,-0.14,25.3,87.7,71.1,0.017,0.072,0.011,10.1,LOW
N1,NORMAL,0.52,0.76,0.54,0.133,3.62,32.6,76.7,95.5,0.046,0.036,0.019,8.9,LOW
N2,WARNING,2.53,5.0,1.03,0.589,7.32,28.4,93.0,73.5,0.122,0.773,0.056,38.4,MEDIUM
N5,WARNING,1.96,6.06,1.39,0.734,13.25,24.8,68.6,80.9,0.246,0.301,0.083,40.9,MEDIUM
N6,NORMAL,0.73,2.08,0.06,0.077,-0.6,28.3,87.9,87.6,0.018,0.035,0.007,6.0,LOW
N6,NORMAL,0.48,0.54,0.52,0.167,-1.14,37.1,93.7,69.8,0.038,0.06,0.012,6.5,LOW
N1,WARNING,3.06,5.91,2.23,0.559,33.68,30.8,84.3,84.1,0.179,0.758,0.168,55.6,HIGH
N5,WARNING,2.17,5.59,3.11,0.658,14.13,24.8,84.0,97.7,0.054,0.486,0.133,45.5,MEDIUM
N2,SUBSIDENCE,6.92,41.09,18.64,1.308,94.05,27.3,72.2,62.4,1.075,4.199,0.487,100.0,CRITICAL
N6,WARNING,1.94,4.06,2.25,0.444,9.34,33.9,65.7,74.7,0.205,0.256,0.048,31.9,MEDIUM
N2,SUBSIDENCE,4.73,40.66,18.84,0.959,76.28,36.9,66.7,85.9,0.743,1.512,0.639,100.0,CRITICAL
N4,WARNING,3.3,4.96,3.7,0.697,23.29,33.5,71.3,92.8,0.164,0.616,0.231,58.5,HIGH
N5,NORMAL,1.15,1.14,0.7,0.103,-1.22,32.1,66.0,62.5,0.017,0.016,0.013,9.1,LOW
N3,NORMAL,0.39,1.91,0.13,0.053,4.35,28.2,72.5,83.6,0.027,0.062,0.009,9.5,LOW
N4,WARNING,2.28,4.72,3.08,0.41,6.1,36.3,72.0,98.6,0.26,0.323,0.238,42.8,MEDIUM
N5,WARNING,3.16,7.92,3.03,0.711,25.7,31.3,87.1,96.7,0.264,0.527,0.234,58.1,HIGH
N1,NORMAL,0.56,0.26,0.11,0.176,4.11,25.6,83.0,75.3,0.024,0.096,0.004,6.1,LOW
N1,NORMAL,0.47,1.89,0.15,0.145,0.52,27.2,93.7,61.3,0.049,0.081,0.013,8.6,LOW
N2,SUBSIDENCE,5.4,9.36,21.4,3.757,106.41,31.4,76.0,71.4,1.373,0.901,1.414,100.0,CRITICAL
N6,NORMAL,0.42,2.04,0.26,0.056,2.89,28.4,87.9,78.8,0.014,0.001,0.019,7.5,LOW
N3,NORMAL,0.25,1.72,0.23,0.066,-1.77,26.9,92.7,63.3,0.001,0.051,0.001,3.8,LOW
N1,NORMAL,0.42,1.87,0.88,0.027,-0.7,27.4,73.1,65.3,0.019,0.036,0.006,7.0,LOW
N5,NORMAL,0.28,1.6,0.29,0.084,0.88,27.7,73.8,87.7,0.005,0.082,0.019,6.7,LOW
N6,NORMAL,0.19,2.29,0.12,0.137,0.04,35.1,93.5,73.3,0.016,0.014,0.013,5.7,LOW
N6,NORMAL,0.78,1.15,0.56,0.046,2.07,27.3,90.1,100.0,0.042,0.086,0.01,8.8,LOW
N5,NORMAL,0.51,2.33,0.98,0.083,3.01,29.1,66.9,84.5,0.029,0.072,0.003,10.4,LOW
N6,WARNING,3.33,5.58,1.21,0.71,8.99,32.2,68.9,80.0,0.271,0.6,0.166,45.2,MEDIUM
N1,NORMAL,0.32,1.52,0.45,0.129,4.88,25.3,89.0,69.6,0.018,0.062,0.017,10.0,LOW
N5,WARNING,2.44,7.95,3.95,0.36,8.95,24.5,87.5,66.4,0.285,0.725,0.162,50.9,HIGH
N5,SUBSIDENCE,11.52,24.1,15.07,1.72,70.63,35.5,67.3,84.3,1.432,2.62,1.309,100.0,CRITICAL
N2,NORMAL,0.77,1.08,0.32,0.03,1.12,30.4,87.6,91.2,0.017,0.095,0.013,7.7,LOW
N3,WARNING,2.31,2.92,3.34,0.231,30.43,24.5,76.5,84.2,0.134,0.547,0.19,41.7,MEDIUM
N2,NORMAL,1.03,1.85,0.9,0.033,-1.5,32.5,94.6,62.7,0.036,0.04,0.01,9.3,LOW
N3,SUBSIDENCE,4.43,38.68,4.37,2.304,93.06,27.6,85.4,68.0,0.593,1.492,0.638,100.0,CRITICAL
N5,NORMAL,0.35,1.52,0.97,0.166,4.05,29.5,88.3,60.6,0.027,0.03,0.014,10.7,LOW
N6,WARNING,2.42,4.36,1.75,0.557,24.75,36.8,82.5,86.1,0.059,0.763,0.103,43.4,MEDIUM
N3,WARNING,3.41,7.02,1.42,0.183,14.26,28.4,81.3,86.0,0.172,0.613,0.172,43.1,MEDIUM
N5,NORMAL,0.67,1.78,0.49,0.105,4.59,28.6,92.8,87.9,0.019,0.076,0.007,11.7,LOW
N5,NORMAL,1.12,2.49,0.0,0.177,-1.29,36.8,81.3,75.4,0.004,0.077,0.007,9.5,LOW
N2,WARNING,1.37,5.06,1.83,0.224,25.11,25.3,71.7,71.4,0.294,0.365,0.088,36.1,MEDIUM
N2,WARNING,1.99,5.99,1.34,0.213,32.92,32.3,87.3,94.4,0.25,0.295,0.167,42.8,MEDIUM
N6,NORMAL,0.49,1.72,0.8,0.132,4.45,31.8,65.5,92.7,0.025,0.08,0.018,12.9,LOW
N4,WARNING,3.15,4.7,1.69,0.738,21.55,35.9,86.0,98.7,0.179,0.762,0.114,50.2,HIGH
N1,NORMAL,0.57,2.29,0.57,0.096,0.14,33.9,89.8,90.8,0.028,0.057,0.018,8.2,LOW
N4,WARNING,1.84,3.63,1.78,0.264,16.58,29.0,71.2,68.1,0.213,0.476,0.176,35.3,MEDIUM
N4,NORMAL,0.76,0.58,0.4,0.054,2.64,27.0,79.2,98.9,0.031,0.038,0.003,8.0,LOW
N6,SUBSIDENCE,5.8,15.07,7.97,3.193,103.6,37.1,77.6,60.2,0.413,3.572,0.868,100.0,CRITICAL
N3,NORMAL,0.85,2.06,0.9,0.111,-1.15,33.8,65.1,62.9,0.018,0.078,0.01,10.1,LOW
N6,NORMAL,0.85,0.87,0.39,0.123,-1.22,28.1,72.8,92.9,0.042,0.014,0.015,9.7,LOW
N6,NORMAL,0.71,0.67,0.0,0.176,1.02,26.0,75.1,76.8,0.02,0.005,0.018,4.8,LOW
N5,NORMAL,0.99,1.03,0.53,0.089,0.18,31.8,88.9,83.2,0.047,0.08,0.003,10.0,LOW
N5,NORMAL,0.64,0.37,0.11,0.059,1.59,34.0,89.3,76.6,0.049,0.08,0.002,6.8,LOW
N5,NORMAL,0.46,1.54,0.52,0.062,0.78,35.8,66.0,73.3,0.027,0.058,0.011,8.7,LOW
N1,WARNING,2.92,6.08,3.75,0.515,24.14,28.2,77.7,60.6,0.226,0.23,0.193,48.9,MEDIUM
N3,NORMAL,1.03,2.39,0.06,0.122,4.73,27.4,75.4,99.2,0.03,0.08,0.002,9.6,LOW
N3,NORMAL,0.96,2.24,0.49,0.135,3.12,24.8,74.1,63.5,0.028,0.088,0.003,13.0,LOW
N5,NORMAL,0.17,1.16,0.2,0.146,2.06,30.1,66.7,86.6,0.018,0.029,0.011,7.5,LOW
N4,NORMAL,0.65,0.84,0.29,0.092,3.79,35.6,92.9,60.8,0.021,0.084,0.008,7.3,LOW
N1,NORMAL,0.17,0.51,0.12,0.093,3.35,32.9,76.8,88.8,0.048,0.042,0.014,4.9,LOW
N4,NORMAL,0.75,1.95,0.19,0.078,2.7,28.5,72.1,62.4,0.006,0.077,0.003,8.5,LOW
N2,NORMAL,0.4,2.3,0.03,0.023,2.93,27.7,76.8,88.6,0.018,0.023,0.01,6.0,LOW
N3,NORMAL,0.23,2.41,0.04,0.149,3.07,33.5,73.7,60.7,0.014,0.012,0.017,11.7,LOW
N3,NORMAL,1.13,1.13,0.18,0.166,0.51,25.4,92.0,97.3,0.023,0.07,0.016,10.8,LOW
N4,NORMAL,0.39,1.34,0.86,0.098,1.37,32.8,76.2,85.2,0.031,0.077,0.013,7.3,LOW
N1,NORMAL,0.21,1.14,0.19,0.106,-0.17,27.1,71.7,96.3,0.025,0.078,0.009,6.6,LOW
N3,NORMAL,0.96,0.28,0.94,0.038,2.57,34.9,74.2,79.2,0.028,0.005,0.006,6.4,LOW
N4,SUBSIDENCE,9.43,10.65,18.99,0.893,54.68,28.7,94.6,76.5,1.445,4.174,1.2,100.0,CRITICAL
N6,NORMAL,0.51,2.19,0.07,0.109,4.76,36.5,82.6,69.4,0.005,0.054,0.003,7.7,LOW
N6,WARNING,1.91,5.34,3.18,0.458,10.68,29.5,84.6,73.8,0.227,0.183,0.206,37.5,MEDIUM
N1,NORMAL,0.84,2.25,0.7,0.127,3.3,33.1,74.4,71.0,0.025,0.022,0.016,12.4,LOW
N4,WARNING,2.35,3.64,3.63,0.629,14.25,26.1,91.2,76.8,0.062,0.136,0.088,39.9,MEDIUM
N6,WARNING,2.0,3.7,3.52,0.632,16.53,34.8,78.9,91.3,0.092,0.766,0.093,45.5,MEDIUM
N1,NORMAL,0.63,2.33,0.8,0.062,1.01,24.3,79.9,84.1,0.005,0.09,0.001,7.9,LOW
N5,SUBSIDENCE,5.4,29.11,20.12,2.91,69.18,32.0,80.7,80.3,0.517,1.425,0.855,100.0,CRITICAL
N1,NORMAL,0.48,1.8,0.21,0.156,-0.64,30.7,76.2,79.0,0.021,0.021,0.012,7.0,LOW
N2,NORMAL,0.56,2.17,0.12,0.147,2.59,28.3,76.2,85.9,0.017,0.092,0.004,11.0,LOW
N5,WARNING,3.38,5.76,3.57,0.696,18.99,25.7,84.0,95.7,0.168,0.275,0.158,52.1,HIGH
N4,WARNING,2.95,6.07,3.52,0.596,20.89,31.3,79.1,91.0,0.18,0.175,0.12,49.4,MEDIUM
N5,NORMAL,0.28,2.03,0.74,0.164,0.61,34.0,94.9,67.8,0.009,0.076,0.012,8.2,LOW
N5,NORMAL,0.55,0.64,0.86,0.023,-1.05,29.4,69.8,72.9,0.012,0.077,0.013,9.2,LOW
N4,NORMAL,0.92,1.08,0.46,0.117,4.39,30.5,85.9,79.3,0.013,0.045,0.006,13.2,LOW
N4,NORMAL,1.02,1.47,0.39,0.145,1.02,36.0,82.8,73.9,0.026,0.099,0.016,9.6,LOW
N6,WARNING,3.48,3.84,3.62,0.699,29.53,33.5,88.6,79.6,0.079,0.698,0.173,56.2,HIGH
N2,NORMAL,0.39,1.52,0.11,0.128,1.38,32.6,84.8,79.9,0.025,0.019,0.001,6.7,LOW
N4,NORMAL,0.94,1.5,0.85,0.066,-0.3,38.0,89.5,76.5,0.013,0.003,0.018,10.8,LOW
N3,NORMAL,0.49,1.98,0.51,0.17,-0.04,36.4,77.1,93.5,0.016,0.1,0.02,12.4,LOW
N3,NORMAL,0.41,0.79,0.55,0.158,-1.32,27.1,66.9,95.8,0.028,0.061,0.012,4.8,LOW
N2,NORMAL,0.73,1.97,0.36,0.027,-0.18,32.9,89.5,92.9,0.004,0.008,0.004,3.7,LOW
N1,WARNING,3.36,6.11,1.06,0.395,8.34,24.4,93.7,91.4,0.244,0.184,0.044,36.1,MEDIUM
N1,SUBSIDENCE,6.33,21.93,5.07,1.295,58.36,38.9,75.3,97.7,0.882,3.094,0.688,100.0,CRITICAL
N3,WARNING,2.88,7.45,3.11,0.504,20.27,29.4,68.8,75.5,0.123,0.309,0.071,48.1,MEDIUM
N4,NORMAL,1.02,2.2,0.64,0.061,-0.32,25.5,80.0,87.3,0.014,0.05,0.02,11.0,LOW
N2,SUBSIDENCE,5.59,43.86,10.28,3.967,79.8,30.8,93.0,91.2,0.306,1.951,0.277,100.0,CRITICAL
N1,WARNING,2.63,5.46,2.12,0.301,6.88,26.9,94.2,63.1,0.098,0.346,0.14,35.0,MEDIUM
N1,WARNING,1.42,6.25,3.27,0.734,20.91,36.9,91.1,63.1,0.091,0.757,0.245,52.2,HIGH
N5,NORMAL,1.04,2.39,0.55,0.144,2.63,30.9,82.7,81.3,0.014,0.059,0.018,12.0,LOW
N3,NORMAL,0.41,1.68,0.51,0.057,4.27,29.8,80.8,75.0,0.048,0.006,0.012,10.4,LOW
N4,NORMAL,0.62,0.94,0.12,0.068,2.69,29.0,67.6,73.6,0.003,0.038,0.001,4.2,LOW
N2,NORMAL,1.02,1.61,0.68,0.101,4.46,25.9,95.0,77.4,0.027,0.01,0.019,11.5,LOW
N1,NORMAL,0.18,2.19,0.09,0.048,0.92,34.9,68.7,85.9,0.034,0.012,0.012,3.1,LOW
N5,NORMAL,1.15,2.43,0.16,0.142,3.93,24.7,77.0,65.0,0.044,0.032,0.005,12.7,LOW
N3,NORMAL,0.96,0.53,0.82,0.037,1.36,32.4,65.0,65.1,0.019,0.06,0.01,8.4,LOW
N3,WARNING,2.39,3.76,1.23,0.304,28.4,29.0,75.7,89.4,0.185,0.233,0.024,33.4,MEDIUM
N2,NORMAL,1.11,1.06,0.69,0.122,0.95,31.7,68.8,89.0,0.003,0.047,0.007,9.9,LOW
N1,NORMAL,0.97,1.09,0.18,0.12,4.69,36.8,84.0,65.9,0.035,0.012,0.008,9.9,LOW
N2,SUBSIDENCE,9.66,21.08,12.81,2.182,89.43,35.4,71.1,74.0,0.627,2.237,1.181,100.0,CRITICAL
N2,SUBSIDENCE,3.62,27.62,9.06,0.791,66.85,31.8,72.3,62.7,1.69,4.217,0.715,100.0,CRITICAL
N6,WARNING,2.8,6.9,3.64,0.713,32.48,36.4,78.2,76.9,0.057,0.785,0.107,59.6,HIGH
N5,SUBSIDENCE,3.6,9.94,16.08,3.985,51.83,29.6,67.8,69.4,0.441,1.591,0.515,100.0,CRITICAL
N3,NORMAL,1.11,2.25,0.32,0.18,0.09,28.8,93.5,62.0,0.036,0.064,0.001,9.5,LOW
N6,SUBSIDENCE,4.99,43.92,4.72,2.291,103.88,26.7,88.2,88.4,1.716,4.423,0.852,100.0,CRITICAL
N4,NORMAL,0.74,2.24,0.91,0.129,-1.22,25.9,83.3,87.3,0.005,0.041,0.006,10.9,LOW
N3,NORMAL,0.87,0.6,0.31,0.052,2.21,27.3,91.7,62.0,0.028,0.05,0.006,6.3,LOW
N3,NORMAL,0.82,0.25,0.19,0.066,4.21,33.5,77.4,96.2,0.007,0.094,0.016,7.1,LOW
N5,NORMAL,0.68,1.05,0.59,0.057,-0.09,29.8,89.2,82.8,0.046,0.079,0.01,8.2,LOW
N4,NORMAL,0.56,1.39,0.23,0.052,4.92,35.6,86.8,64.0,0.048,0.042,0.01,6.3,LOW
N1,WARNING,2.06,3.88,3.98,0.607,6.43,33.0,85.5,89.2,0.275,0.75,0.097,45.8,MEDIUM
N4,WARNING,2.8,5.58,3.86,0.472,8.33,27.8,91.9,94.7,0.07,0.113,0.118,41.6,MEDIUM
N1,NORMAL,1.02,2.19,0.3,0.088,0.18,25.9,71.2,78.0,0.004,0.092,0.012,9.3,LOW
N4,NORMAL,0.16,0.83,0.7,0.167,4.5,35.0,82.6,93.4,0.026,0.031,0.018,9.8,LOW
N2,WARNING,2.26,3.12,3.81,0.484,25.86,24.6,67.6,68.2,0.148,0.195,0.083,42.3,MEDIUM
N4,WARNING,2.49,7.96,3.53,0.229,30.27,29.5,91.5,77.0,0.184,0.562,0.05,54.5,HIGH
N6,NORMAL,0.24,0.92,0.22,0.13,4.38,24.2,68.7,76.9,0.037,0.084,0.016,8.5,LOW
N6,WARNING,1.46,6.54,1.21,0.417,16.77,27.8,85.0,61.4,0.186,0.541,0.238,39.1,MEDIUM
N5,NORMAL,0.1,0.26,0.45,0.109,-1.96,32.8,88.5,81.9,0.02,0.004,0.013,4.3,LOW
N1,NORMAL,0.79,0.84,0.09,0.138,2.28,37.8,84.4,63.7,0.047,0.099,0.017,9.7,LOW
N3,SUBSIDENCE,4.26,37.86,8.26,0.96,70.42,35.0,82.3,75.2,0.772,2.976,1.0,100.0,CRITICAL
N5,NORMAL,0.13,2.28,0.33,0.101,1.9,27.4,65.9,98.3,0.016,0.031,0.005,7.3,LOW
N6,NORMAL,0.75,0.45,0.59,0.057,0.17,37.1,92.2,82.0,0.04,0.089,0.014,6.1,LOW
N6,SUBSIDENCE,11.22,28.16,5.88,3.612,44.84,26.7,78.3,77.5,0.774,2.205,1.259,100.0,CRITICAL
N1,WARNING,2.54,4.45,2.73,0.742,7.15,34.4,92.3,60.4,0.269,0.316,0.127,40.4,MEDIUM
N6,NORMAL,0.83,0.36,0.53,0.14,-0.81,33.2,84.5,60.7,0.038,0.031,0.012,8.2,LOW
N6,NORMAL,0.27,2.17,0.94,0.11,2.18,34.8,65.8,95.4,0.038,0.041,0.007,9.2,LOW
N1,NORMAL,0.58,1.36,0.63,0.064,2.18,28.6,81.7,60.9,0.035,0.012,0.01,6.9,LOW
N6,WARNING,2.91,3.43,3.07,0.618,27.58,24.3,79.4,70.8,0.254,0.315,0.242,50.3,HIGH
N3,NORMAL,0.91,2.05,0.82,0.068,-0.08,36.7,82.7,89.5,0.034,0.093,0.005,10.8,LOW
N2,NORMAL,0.58,2.06,0.97,0.047,0.7,26.3,84.5,69.5,0.043,0.018,0.008,10.7,LOW
N5,SUBSIDENCE,6.74,26.17,9.35,3.096,43.34,34.2,66.8,90.3,1.62,2.581,0.966,100.0,CRITICAL
N3,NORMAL,1.14,1.4,0.39,0.146,3.04,27.5,65.7,78.1,0.033,0.097,0.012,10.2,LOW
N3,NORMAL,0.82,0.6,0.03,0.165,0.11,29.9,92.1,94.6,0.023,0.009,0.008,8.0,LOW
N2,NORMAL,0.31,1.48,0.73,0.067,0.76,31.5,83.8,80.0,0.049,0.076,0.009,8.0,LOW
N5,WARNING,2.15,4.48,1.51,0.735,7.74,27.5,93.7,92.1,0.2,0.772,0.106,39.6,MEDIUM
N3,NORMAL,0.82,1.61,0.36,0.123,3.08,28.5,92.0,87.4,0.002,0.012,0.006,7.9,LOW
N6,NORMAL,0.51,2.06,0.32,0.179,3.47,29.5,75.0,90.8,0.04,0.026,0.003,9.7,LOW
N2,WARNING,1.6,5.4,2.88,0.4,11.02,34.6,83.2,89.2,0.274,0.197,0.09,39.4,MEDIUM
N5,NORMAL,0.99,2.26,0.3,0.096,2.82,33.7,76.5,95.7,0.04,0.058,0.01,7.1,LOW
N4,NORMAL,0.33,2.23,0.64,0.116,1.29,27.8,68.3,64.3,0.008,0.086,0.001,10.3,LOW
N1,NORMAL,0.53,0.57,0.58,0.12,4.17,34.9,77.8,82.1,0.015,0.031,0.005,8.7,LOW
N6,NORMAL,0.51,0.56,0.1,0.159,-0.14,37.4,65.9,63.7,0.047,0.095,0.01,7.6,LOW
N2,NORMAL,0.37,0.68,0.25,0.092,-1.56,34.5,84.6,91.7,0.028,0.031,0.001,4.2,LOW
N1,NORMAL,1.13,1.55,0.79,0.052,0.87,35.1,85.0,61.9,0.027,0.054,0.014,9.7,LOW
N4,NORMAL,0.49,1.52,0.51,0.027,4.86,30.0,77.3,82.3,0.048,0.077,0.001,10.8,LOW
N3,NORMAL,0.16,1.17,0.76,0.18,2.17,33.4,71.4,79.0,0.047,0.1,0.009,7.2,LOW
N3,WARNING,1.38,2.66,3.68,0.669,14.36,25.9,88.3,73.9,0.164,0.446,0.14,38.7,MEDIUM
N5,SUBSIDENCE,3.77,33.03,18.94,3.918,85.58,30.4,93.6,63.9,0.587,2.982,1.39,100.0,CRITICAL
N2,WARNING,2.87,3.16,3.4,0.236,14.77,29.6,94.8,60.7,0.244,0.422,0.223,40.1,MEDIUM
N2,SUBSIDENCE,9.42,41.89,13.65,4.16,88.1,38.9,81.7,72.3,0.944,2.707,1.347,100.0,CRITICAL
N5,NORMAL,0.36,1.3,0.3,0.087,3.84,34.7,79.5,74.4,0.024,0.064,0.002,6.0,LOW
N1,SUBSIDENCE,8.69,11.77,11.45,3.548,54.65,31.1,87.3,82.6,1.671,3.033,0.926,100.0,CRITICAL
N3,NORMAL,0.98,0.96,0.7,0.171,-0.04,29.0,69.5,72.2,0.049,0.041,0.001,9.2,LOW
N3,SUBSIDENCE,4.32,14.59,6.28,0.9,57.21,25.7,65.8,60.4,1.711,4.313,1.308,100.0,CRITICAL
N2,SUBSIDENCE,6.62,44.27,20.14,1.614,65.76,27.0,81.3,64.1,1.537,3.607,0.416,100.0,CRITICAL
N2,WARNING,3.1,3.89,1.56,0.286,6.36,34.5,66.7,68.1,0.21,0.215,0.074,31.0,MEDIUM
N5,SUBSIDENCE,4.77,8.18,13.71,1.406,82.47,28.6,85.0,93.3,1.053,3.271,1.477,100.0,CRITICAL
N4,NORMAL,1.15,1.63,0.13,0.029,-0.05,32.5,75.0,67.3,0.046,0.054,0.012,10.6,LOW
N1,NORMAL,1.15,1.94,0.51,0.08,1.38,30.2,72.1,67.4,0.002,0.025,0.005,9.7,LOW
N6,NORMAL,0.94,2.26,0.07,0.054,3.42,25.1,90.5,93.3,0.041,0.05,0.014,7.6,LOW
N4,NORMAL,0.86,2.31,0.05,0.057,0.54,34.8,73.7,90.5,0.008,0.081,0.015,10.5,LOW
N4,NORMAL,0.24,0.45,0.58,0.028,4.57,29.6,77.9,73.9,0.016,0.048,0.016,3.4,LOW
N2,WARNING,2.01,5.07,3.84,0.714,21.35,36.3,86.9,98.1,0.164,0.666,0.177,52.9,HIGH
N2,SUBSIDENCE,11.03,39.64,11.05,2.082,90.59,31.8,73.1,79.1,0.426,1.992,1.415,100.0,CRITICAL
N2,NORMAL,0.42,1.97,0.85,0.145,-0.96,34.3,77.9,71.1,0.017,0.021,0.001,10.8,LOW
N4,WARNING,1.91,3.24,3.48,0.262,15.15,34.1,86.5,61.5,0.052,0.405,0.102,33.4,MEDIUM
N1,SUBSIDENCE,4.48,41.47,18.25,2.094,47.48,34.1,65.8,86.0,0.691,3.235,1.432,100.0,CRITICAL
N2,SUBSIDENCE,11.53,21.27,20.8,3.064,49.24,33.8,78.7,70.5,0.518,1.452,1.124,100.0,CRITICAL
N3,SUBSIDENCE,11.21,15.91,9.1,0.939,55.65,33.9,82.0,67.0,1.684,1.494,0.505,100.0,CRITICAL
N1,NORMAL,0.27,0.47,0.86,0.125,4.67,27.0,85.5,79.0,0.008,0.046,0.015,8.3,LOW
N3,SUBSIDENCE,7.16,31.86,12.42,3.579,104.79,27.9,67.8,80.7,1.183,1.912,1.222,100.0,CRITICAL
N1,WARNING,2.69,7.09,3.87,0.678,34.66,33.0,80.2,85.4,0.169,0.322,0.126,63.0,HIGH
N2,NORMAL,1.08,0.58,0.12,0.1,4.87,28.1,91.7,60.3,0.003,0.099,0.019,9.0,LOW
N6,NORMAL,0.6,1.12,0.9,0.096,0.93,37.4,71.1,78.4,0.032,0.038,0.011,8.4,LOW
N5,WARNING,1.24,7.13,1.28,0.234,31.49,29.2,72.8,66.8,0.152,0.581,0.217,41.4,MEDIUM
N2,NORMAL,0.77,0.78,0.63,0.071,0.43,28.5,88.3,68.6,0.012,0.042,0.003,7.6,LOW
N4,WARNING,3.38,5.21,1.32,0.718,18.7,33.9,68.7,82.8,0.189,0.23,0.097,45.1,MEDIUM
N6,WARNING,2.8,2.51,3.51,0.212,12.41,33.1,83.0,83.3,0.291,0.157,0.21,37.9,MEDIUM
N4,NORMAL,0.28,1.74,0.95,0.032,0.33,33.6,68.5,82.8,0.024,0.023,0.015,7.2,LOW
N1,NORMAL,0.51,0.73,0.85,0.029,1.27,36.2,94.0,82.0,0.024,0.057,0.004,7.8,LOW
N4,WARNING,1.79,7.32,3.96,0.603,15.01,27.2,94.0,85.7,0.109,0.21,0.074,47.4,MEDIUM
N6,NORMAL,0.28,1.32,0.18,0.117,0.39,29.7,80.4,92.9,0.01,0.024,0.014,8.4,LOW
N6,NORMAL,0.82,1.26,0.95,0.054,0.02,37.0,65.3,92.9,0.046,0.085,0.003,9.8,LOW
N2,NORMAL,0.41,0.63,0.45,0.164,3.5,24.2,70.4,79.9,0.048,0.054,0.01,9.7,LOW
N3,NORMAL,0.93,2.09,0.28,0.134,3.8,37.8,65.2,76.6,0.019,0.07,0.009,9.7,LOW
N2,SUBSIDENCE,5.74,39.44,9.17,2.626,90.52,25.8,93.7,85.7,1.046,2.318,0.303,100.0,CRITICAL
N1,NORMAL,1.01,1.31,0.26,0.067,-1.7,35.9,78.3,97.9,0.04,0.058,0.01,5.5,LOW
N4,WARNING,1.23,7.92,3.45,0.382,22.86,36.7,80.5,81.8,0.266,0.437,0.032,44.8,MEDIUM
N3,NORMAL,0.12,0.43,0.78,0.09,4.99,26.5,76.3,70.6,0.035,0.095,0.006,7.6,LOW
N5,NORMAL,0.77,1.91,0.4,0.034,-1.82,36.8,84.5,94.5,0.011,0.073,0.004,8.1,LOW
N6,WARNING,2.09,7.91,3.04,0.383,11.38,27.9,70.4,72.8,0.267,0.323,0.03,44.1,MEDIUM
N3,WARNING,2.61,5.25,3.13,0.37,8.59,35.2,71.4,87.1,0.09,0.658,0.043,39.4,MEDIUM
N3,NORMAL,0.79,0.43,0.67,0.092,2.95,25.5,76.4,60.5,0.042,0.004,0.013,9.3,LOW
N2,NORMAL,0.46,0.59,0.56,0.102,3.55,24.4,94.1,77.1,0.032,0.071,0.002,6.0,LOW
N5,NORMAL,0.53,0.28,0.12,0.17,2.86,34.5,77.9,77.3,0.02,0.09,0.012,6.0,LOW
N6,NORMAL,0.18,1.89,0.1,0.142,-0.66,25.8,92.2,78.1,0.012,0.092,0.009,6.5,LOW
N1,WARNING,1.5,4.65,2.77,0.387,32.73,25.2,78.6,95.1,0.117,0.223,0.071,39.5,MEDIUM
N1,NORMAL,0.44,0.79,0.84,0.069,1.34,25.5,77.9,71.1,0.002,0.029,0.003,5.7,LOW
N3,NORMAL,0.28,1.38,0.78,0.138,-0.24,34.4,65.0,63.5,0.013,0.073,0.011,8.5,LOW
N3,NORMAL,0.98,2.16,0.34,0.173,0.11,33.0,69.0,61.5,0.045,0.042,0.011,10.4,LOW
N4,SUBSIDENCE,7.13,13.93,13.88,2.315,44.16,35.3,80.8,71.3,1.299,0.876,0.408,100.0,CRITICAL
N5,SUBSIDENCE,5.03,31.76,7.7,4.147,100.2,32.4,69.3,64.7,0.498,3.979,0.681,100.0,CRITICAL
N6,NORMAL,1.05,1.65,0.46,0.026,4.45,36.5,75.3,67.0,0.019,0.042,0.006,11.0,LOW
N3,WARNING,2.35,6.8,2.11,0.552,14.13,33.0,69.7,95.5,0.23,0.568,0.177,46.1,MEDIUM
N4,NORMAL,0.74,1.08,0.17,0.145,1.56,31.3,83.3,100.0,0.007,0.092,0.002,7.1,LOW
N5,NORMAL,0.26,1.61,0.48,0.061,4.6,34.2,80.2,75.7,0.04,0.078,0.018,10.1,LOW
N6,WARNING,2.82,5.82,2.63,0.516,24.66,30.5,85.3,67.0,0.292,0.627,0.061,49.2,MEDIUM
N1,SUBSIDENCE,11.43,10.85,15.0,4.117,89.59,39.1,86.0,86.6,1.316,4.49,1.24,100.0,CRITICAL
N4,SUBSIDENCE,9.98,14.98,18.5,4.097,80.87,32.4,77.4,99.2,0.319,1.067,0.543,100.0,CRITICAL
N5,NORMAL,1.14,1.1,0.79,0.122,-0.3,32.9,83.6,93.5,0.047,0.026,0.017,10.0,LOW
N4,NORMAL,0.64,2.16,0.55,0.178,2.62,35.3,90.0,84.7,0.019,0.076,0.01,8.8,LOW
N3,WARNING,3.21,4.72,1.17,0.558,27.93,25.6,81.2,64.3,0.068,0.64,0.167,46.6,MEDIUM
N2,NORMAL,0.45,2.05,0.1,0.094,2.24,37.6,79.3,74.8,0.047,0.074,0.003,9.8,LOW
N1,NORMAL,0.24,2.35,0.59,0.178,-0.78,36.5,68.3,70.8,0.027,0.011,0.01,9.4,LOW
N3,NORMAL,0.85,0.38,0.45,0.073,3.87,28.2,70.9,98.0,0.002,0.086,0.014,9.2,LOW
N3,WARNING,2.47,4.4,1.13,0.274,22.94,29.6,68.0,91.7,0.178,0.63,0.212,39.1,MEDIUM
N5,NORMAL,0.71,2.45,0.8,0.073,1.0,32.6,75.3,92.9,0.012,0.051,0.014,11.8,LOW
N4,NORMAL,0.22,0.53,0.4,0.132,2.86,28.1,85.8,67.4,0.018,0.07,0.001,4.3,LOW
N1,SUBSIDENCE,5.31,11.21,10.56,3.596,97.73,32.5,91.2,96.2,1.594,0.936,1.492,100.0,CRITICAL
N3,NORMAL,0.67,0.32,0.6,0.073,-0.55,35.5,71.8,82.0,0.009,0.056,0.002,7.9,LOW
N5,NORMAL,0.24,2.18,0.69,0.053,3.01,25.7,81.5,68.0,0.004,0.077,0.01,9.9,LOW
N1,NORMAL,0.84,1.83,0.76,0.163,2.58,34.9,93.3,99.2,0.025,0.085,0.018,12.9,LOW
N4,NORMAL,0.38,0.62,0.45,0.18,-1.38,32.7,76.4,66.7,0.036,0.085,0.02,3.7,LOW
N3,NORMAL,1.18,2.33,0.8,0.171,-1.57,25.3,72.8,94.0,0.032,0.027,0.015,10.8,LOW
N6,NORMAL,0.92,2.48,0.64,0.068,1.84,24.3,76.1,97.4,0.047,0.065,0.018,12.1,LOW
N3,SUBSIDENCE,3.83,27.21,10.24,2.979,47.17,32.0,65.9,77.4,1.28,4.47,0.589,100.0,CRITICAL
N3,NORMAL,0.55,1.5,0.26,0.073,2.27,31.3,68.1,82.6,0.045,0.024,0.014,8.8,LOW
N1,SUBSIDENCE,9.52,30.14,5.88,3.698,38.08,26.9,80.4,88.9,0.654,3.078,0.523,100.0,CRITICAL
N1,NORMAL,0.55,1.81,0.86,0.173,-0.37,36.5,74.7,85.8,0.03,0.027,0.017,9.2,LOW
N1,NORMAL,1.08,1.37,0.72,0.148,4.1,26.1,83.4,71.9,0.026,0.094,0.013,12.5,LOW
N1,NORMAL,0.51,2.06,0.97,0.159,0.28,37.7,78.0,92.0,0.023,0.098,0.018,8.6,LOW
N5,NORMAL,1.06,0.3,0.27,0.161,0.72,27.4,65.1,66.9,0.014,0.027,0.008,5.2,LOW
N2,WARNING,3.23,2.92,2.24,0.44,28.34,36.6,85.6,70.5,0.113,0.317,0.023,40.9,MEDIUM
N5,NORMAL,1.08,0.4,0.37,0.11,1.54,29.7,68.8,89.6,0.033,0.03,0.015,7.4,LOW
N3,NORMAL,1.1,1.04,0.59,0.13,3.82,26.8,79.2,78.6,0.01,0.057,0.015,10.3,LOW
N5,SUBSIDENCE,10.63,36.76,8.17,1.554,89.25,37.1,67.4,75.0,1.409,1.462,0.764,100.0,CRITICAL
N4,SUBSIDENCE,8.98,36.53,15.75,2.121,109.4,28.9,81.8,68.8,0.362,2.631,0.888,100.0,CRITICAL
N6,SUBSIDENCE,7.27,23.97,17.92,4.002,50.21,38.3,81.9,95.2,1.787,4.279,0.391,100.0,CRITICAL
N1,NORMAL,1.14,2.18,0.4,0.122,1.25,35.3,90.3,98.3,0.018,0.025,0.009,12.8,LOW
N4,WARNING,1.87,6.08,3.08,0.289,16.01,35.5,79.2,70.6,0.136,0.79,0.24,43.0,MEDIUM
N6,NORMAL,1.11,0.82,0.52,0.059,4.8,26.1,94.4,72.9,0.002,0.017,0.015,9.4,LOW
N4,NORMAL,1.11,1.72,0.63,0.166,1.59,35.1,68.8,75.8,0.02,0.022,0.003,13.1,LOW
N3,NORMAL,0.55,1.73,0.28,0.154,-0.55,35.3,86.4,95.0,0.039,0.085,0.004,7.6,LOW
N1,NORMAL,0.66,0.74,0.91,0.146,-1.85,24.1,81.6,96.5,0.047,0.095,0.007,5.9,LOW
N4,NORMAL,0.24,1.56,0.73,0.042,1.59,27.7,90.6,75.3,0.004,0.056,0.009,8.9,LOW
N3,NORMAL,0.87,2.02,0.18,0.039,-1.95,36.2,87.8,61.0,0.015,0.082,0.015,5.9,LOW
N1,SUBSIDENCE,6.78,8.22,4.65,2.401,62.0,26.4,77.7,74.1,1.138,1.045,0.985,100.0,CRITICAL
N2,NORMAL,0.35,0.92,0.0,0.072,-1.45,30.9,80.4,91.5,0.046,0.007,0.019,2.3,LOW
N3,NORMAL,0.86,0.75,0.03,0.145,-1.09,28.0,70.4,61.1,0.03,0.094,0.011,5.4,LOW
N5,NORMAL,0.79,1.48,0.46,0.051,-0.34,24.5,70.7,97.3,0.048,0.002,0.007,6.2,LOW
N1,SUBSIDENCE,4.77,30.23,10.25,2.934,98.91,31.6,80.5,97.7,0.73,1.091,0.505,100.0,CRITICAL
N4,NORMAL,0.12,1.94,0.07,0.032,2.58,32.6,88.3,94.8,0.045,0.029,0.005,7.1,LOW
N6,NORMAL,0.37,1.9,0.31,0.107,-0.66,24.1,88.8,87.6,0.007,0.094,0.011,8.8,LOW
N4,WARNING,1.95,5.05,2.35,0.337,34.42,33.7,65.9,80.5,0.186,0.728,0.155,47.9,MEDIUM
N5,WARNING,2.86,3.17,3.03,0.228,29.21,32.2,87.2,97.3,0.294,0.539,0.038,42.9,MEDIUM
N5,NORMAL,0.15,1.98,0.13,0.146,4.22,36.2,80.6,67.6,0.043,0.065,0.01,7.6,LOW
N4,WARNING,3.37,4.55,2.87,0.294,8.32,28.4,76.2,91.8,0.188,0.488,0.105,39.9,MEDIUM
N6,WARNING,2.02,7.57,1.34,0.711,25.69,37.6,94.5,76.9,0.136,0.105,0.205,47.7,MEDIUM
N1,WARNING,1.36,4.23,1.93,0.238,20.74,27.9,75.7,95.7,0.201,0.61,0.032,35.5,MEDIUM
N3,NORMAL,1.09,0.8,0.49,0.088,1.69,33.9,76.1,81.7,0.014,0.046,0.003,8.6,LOW
N5,SUBSIDENCE,8.64,38.95,5.47,2.415,102.06,36.0,67.6,85.2,0.795,2.445,0.356,100.0,CRITICAL
N5,NORMAL,0.51,0.98,0.59,0.111,0.84,25.4,89.0,88.1,0.014,0.051,0.005,5.3,LOW
N5,NORMAL,0.19,0.57,0.1,0.147,3.41,37.6,94.4,93.9,0.02,0.082,0.019,9.7,LOW
N6,NORMAL,0.34,0.33,0.81,0.069,0.36,26.9,84.6,99.2,0.004,0.071,0.009,4.5,LOW
N2,NORMAL,0.65,1.59,0.16,0.046,1.21,29.0,87.5,71.7,0.042,0.091,0.013,6.9,LOW
N6,NORMAL,0.34,2.03,0.75,0.161,2.04,35.3,77.7,69.6,0.045,0.003,0.005,8.5,LOW
N1,WARNING,3.03,7.02,2.37,0.446,28.43,26.6,81.5,75.3,0.243,0.707,0.168,52.1,HIGH
N1,NORMAL,0.13,0.65,0.21,0.033,1.17,31.7,68.6,82.5,0.025,0.034,0.008,2.7,LOW
N1,NORMAL,0.88,2.21,0.3,0.14,2.24,29.1,86.4,98.4,0.025,0.092,0.012,11.7,LOW
N1,NORMAL,1.11,2.45,0.1,0.091,1.03,33.4,83.2,77.9,0.019,0.018,0.017,10.1,LOW
N1,NORMAL,0.53,2.01,0.53,0.117,-1.3,33.7,73.2,98.6,0.024,0.013,0.001,6.2,LOW
N4,SUBSIDENCE,8.65,31.87,7.54,1.195,74.41,28.3,88.5,87.3,1.688,1.006,0.885,100.0,CRITICAL
N5,NORMAL,0.21,1.62,0.98,0.105,-0.0,29.2,71.4,98.0,0.008,0.099,0.011,6.1,LOW
N6,NORMAL,0.79,0.33,0.06,0.17,2.97,35.0,73.2,75.3,0.005,0.062,0.008,8.8,LOW
N4,NORMAL,0.28,0.78,0.19,0.024,-1.68,33.4,87.4,62.1,0.042,0.08,0.003,5.5,LOW
N6,NORMAL,0.2,1.49,0.37,0.132,1.9,28.4,87.1,90.9,0.002,0.068,0.004,7.3,LOW
N2,NORMAL,0.48,0.41,0.77,0.159,4.75,29.6,67.8,80.0,0.016,0.012,0.019,9.0,LOW
N3,WARNING,1.64,4.45,1.96,0.743,24.19,36.2,69.4,84.0,0.173,0.46,0.159,42.3,MEDIUM
N5,SUBSIDENCE,6.24,29.14,13.32,0.853,78.68,28.5,84.1,78.8,1.364,1.71,0.384,100.0,CRITICAL
N2,NORMAL,1.05,0.86,0.37,0.104,1.22,35.2,66.2,74.8,0.027,0.031,0.003,7.6,LOW
N4,WARNING,1.4,6.55,2.1,0.197,7.28,38.0,72.2,62.4,0.1,0.651,0.204,29.4,MEDIUM
N3,WARNING,1.85,3.48,3.13,0.732,13.19,32.1,94.2,85.1,0.132,0.346,0.217,39.6,MEDIUM
N2,WARNING,2.82,2.99,3.86,0.538,20.61,24.2,95.0,91.5,0.147,0.154,0.051,45.0,MEDIUM
N6,NORMAL,0.98,1.88,0.48,0.034,-1.49,32.8,80.0,99.0,0.046,0.0,0.014,9.6,LOW
N3,NORMAL,0.32,2.01,0.67,0.176,4.54,27.2,76.4,85.0,0.006,0.031,0.017,10.5,LOW
N6,NORMAL,0.72,1.67,0.71,0.137,3.16,28.9,92.3,63.3,0.05,0.036,0.001,11.3,LOW
N2,WARNING,2.69,4.83,3.76,0.709,28.56,28.5,72.2,74.8,0.075,0.117,0.051,48.4,MEDIUM
N4,WARNING,1.53,6.64,3.54,0.458,33.7,37.7,77.5,97.0,0.08,0.174,0.066,46.0,MEDIUM
N6,NORMAL,0.32,2.15,0.31,0.138,4.82,32.5,90.1,76.0,0.047,0.083,0.001,9.9,LOW
N3,NORMAL,0.9,0.52,0.18,0.123,1.06,34.2,71.2,98.2,0.011,0.028,0.012,5.1,LOW
N2,SUBSIDENCE,3.57,33.9,9.24,2.401,77.74,26.5,86.1,76.0,1.142,3.672,1.28,100.0,CRITICAL
N6,WARNING,3.08,5.85,1.03,0.56,32.77,26.7,84.5,62.0,0.071,0.446,0.164,49.0,MEDIUM
N4,SUBSIDENCE,11.2,36.22,20.94,2.194,37.57,37.9,82.8,89.2,0.812,2.708,1.42,100.0,CRITICAL
N5,WARNING,3.39,7.18,2.98,0.488,19.28,30.6,88.1,87.0,0.239,0.666,0.07,54.5,HIGH
N4,NORMAL,0.75,0.94,0.61,0.118,1.03,25.8,87.7,84.1,0.048,0.065,0.017,8.9,LOW
N4,NORMAL,0.44,0.51,0.38,0.091,-1.01,33.1,74.3,74.4,0.034,0.031,0.016,3.0,LOW
N5,WARNING,3.37,7.71,2.26,0.567,34.4,34.2,70.6,92.9,0.299,0.15,0.147,55.9,HIGH
N4,NORMAL,0.62,1.34,0.27,0.068,-1.41,26.0,77.2,85.3,0.047,0.038,0.003,7.7,LOW
N5,NORMAL,0.96,2.33,0.64,0.087,0.95,31.0,66.8,80.0,0.029,0.054,0.013,12.8,LOW
N5,WARNING,1.25,3.49,2.16,0.494,10.54,38.0,89.1,92.4,0.119,0.362,0.065,32.5,MEDIUM
N6,NORMAL,0.73,2.41,0.73,0.073,2.27,31.1,86.9,70.0,0.027,0.058,0.016,11.5,LOW
N6,WARNING,3.34,2.98,3.98,0.541,19.1,26.0,72.6,64.9,0.128,0.384,0.2,50.3,HIGH
N5,NORMAL,0.57,1.09,0.65,0.179,4.25,29.4,72.5,65.4,0.044,0.065,0.005,10.9,LOW
N2,SUBSIDENCE,7.21,41.21,17.39,4.148,49.61,30.5,89.5,77.2,1.051,3.734,0.826,100.0,CRITICAL
N3,NORMAL,1.1,0.82,0.9,0.065,0.03,36.1,88.9,72.4,0.021,0.052,0.008,8.2,LOW
N2,NORMAL,0.66,1.19,0.06,0.14,-0.73,35.5,70.4,81.6,0.047,0.04,0.012,7.1,LOW
N5,WARNING,1.75,5.3,2.74,0.276,22.42,30.8,79.3,78.8,0.164,0.465,0.228,38.4,MEDIUM
N3,NORMAL,0.79,1.05,0.8,0.066,0.1,26.9,92.4,60.4,0.029,0.026,0.002,7.5,LOW
N6,WARNING,1.51,6.67,3.94,0.572,32.67,32.9,81.0,61.0,0.264,0.436,0.097,55.3,HIGH
N3,WARNING,3.4,5.64,3.62,0.599,15.22,35.8,73.1,86.8,0.275,0.653,0.119,55.5,HIGH
N5,NORMAL,0.23,2.19,0.73,0.044,-1.85,37.6,93.0,83.9,0.019,0.068,0.006,7.5,LOW
N6,NORMAL,0.45,2.26,0.8,0.034,1.33,37.7,76.6,98.6,0.049,0.045,0.019,9.1,LOW
N3,NORMAL,0.25,0.57,0.28,0.095,-0.73,35.6,82.9,92.4,0.017,0.01,0.009,4.8,LOW
N3,NORMAL,0.25,1.12,0.04,0.079,2.3,28.3,88.1,60.8,0.028,0.006,0.001,5.5,LOW
N2,SUBSIDENCE,8.74,14.8,21.0,2.234,38.59,34.6,85.8,90.7,1.37,2.593,1.352,100.0,CRITICAL
N3,WARNING,2.17,6.86,1.15,0.616,24.09,33.1,79.2,68.7,0.192,0.323,0.046,43.1,MEDIUM
N5,WARNING,1.3,5.46,1.38,0.71,9.52,35.1,73.7,69.8,0.058,0.283,0.06,34.2,MEDIUM
N1,WARNING,3.49,3.33,1.25,0.354,17.15,34.2,94.7,90.6,0.24,0.769,0.196,36.3,MEDIUM
N1,NORMAL,0.25,1.26,0.5,0.069,-0.85,28.5,80.2,73.5,0.036,0.028,0.012,5.4,LOW
N1,SUBSIDENCE,7.0,35.09,19.91,2.505,80.77,30.5,74.3,99.5,1.597,1.33,0.453,100.0,CRITICAL
N5,WARNING,2.5,5.38,2.74,0.679,12.31,34.9,93.7,77.9,0.178,0.29,0.2,45.7,MEDIUM
N1,WARNING,1.56,7.43,3.67,0.314,13.29,26.0,86.0,74.1,0.128,0.416,0.211,41.5,MEDIUM
N2,SUBSIDENCE,5.16,20.52,13.6,3.929,82.12,27.3,67.9,83.1,1.211,1.202,0.35,100.0,CRITICAL
N5,NORMAL,0.6,0.21,0.35,0.04,4.92,29.0,86.5,96.2,0.023,0.043,0.013,3.2,LOW
N6,WARNING,2.35,4.61,2.57,0.524,30.43,37.8,90.6,90.3,0.149,0.136,0.165,43.8,MEDIUM
N5,NORMAL,0.29,1.92,0.08,0.099,0.6,24.7,86.1,71.8,0.045,0.016,0.016,6.7,LOW
N5,NORMAL,1.17,1.75,0.31,0.058,2.48,34.1,72.1,81.4,0.014,0.019,0.013,7.2,LOW
N3,NORMAL,0.83,2.37,0.8,0.087,3.91,35.3,93.7,99.3,0.022,0.013,0.007,10.8,LOW
N3,SUBSIDENCE,8.93,25.7,6.92,1.104,73.89,33.5,93.2,68.4,1.392,1.999,1.093,100.0,CRITICAL
N3,SUBSIDENCE,8.52,23.31,8.71,1.983,57.09,36.4,74.1,97.3,1.091,2.865,1.332,100.0,CRITICAL
N4,WARNING,3.2,5.94,1.06,0.299,28.68,27.0,91.8,95.6,0.163,0.188,0.114,42.5,MEDIUM
N2,WARNING,2.09,3.26,2.08,0.253,14.12,25.7,75.4,61.6,0.243,0.304,0.145,30.7,MEDIUM
N5,NORMAL,0.7,1.0,0.87,0.083,1.9,25.4,89.6,85.7,0.049,0.064,0.01,7.6,LOW
N5,SUBSIDENCE,4.42,17.09,13.68,0.905,88.87,32.3,70.7,83.8,0.642,2.612,0.552,100.0,CRITICAL
N3,NORMAL,1.1,2.06,0.24,0.1,0.96,26.4,86.1,66.4,0.048,0.08,0.002,9.8,LOW
N5,NORMAL,1.15,2.48,0.78,0.024,1.38,29.4,67.8,73.7,0.02,0.08,0.006,11.3,LOW
N6,NORMAL,1.17,2.37,0.75,0.165,-0.52,28.5,91.0,79.4,0.031,0.05,0.008,11.5,LOW
N5,WARNING,2.87,6.38,1.41,0.208,30.2,36.1,89.9,75.3,0.173,0.667,0.088,47.8,MEDIUM
N1,WARNING,2.15,4.43,1.1,0.572,13.18,26.5,67.7,92.7,0.271,0.728,0.186,38.9,MEDIUM
N6,NORMAL,1.08,1.01,0.35,0.082,3.79,24.1,86.3,90.6,0.035,0.012,0.013,10.3,LOW
N6,NORMAL,1.0,1.64,0.18,0.147,4.3,27.2,65.5,60.4,0.032,0.028,0.004,12.5,LOW
N5,WARNING,1.88,7.58,2.86,0.4,5.33,34.1,66.5,94.4,0.297,0.419,0.248,41.7,MEDIUM
N4,NORMAL,0.68,1.24,0.76,0.144,3.58,36.0,85.7,64.1,0.038,0.064,0.014,12.8,LOW
N3,WARNING,2.68,3.43,1.04,0.302,9.63,26.1,73.4,94.0,0.076,0.25,0.15,31.7,MEDIUM
N2,SUBSIDENCE,11.05,20.32,20.18,2.771,51.98,28.3,67.6,69.2,1.431,4.212,1.074,100.0,CRITICAL
N2,NORMAL,0.47,0.97,0.5,0.101,1.3,37.8,84.6,77.6,0.017,0.011,0.008,7.4,LOW
N1,NORMAL,0.19,0.69,0.57,0.1,-1.87,37.4,66.0,99.0,0.004,0.036,0.003,3.3,LOW
N2,WARNING,2.71,4.74,2.62,0.414,22.2,25.0,73.8,97.1,0.088,0.184,0.142,43.2,MEDIUM
N2,WARNING,3.22,7.07,2.52,0.196,8.64,34.2,90.6,84.8,0.28,0.685,0.107,41.6,MEDIUM
N3,NORMAL,1.04,0.76,0.46,0.113,2.42,26.4,84.7,69.6,0.049,0.085,0.001,8.1,LOW
N3,SUBSIDENCE,4.85,32.67,13.66,3.528,58.95,35.4,69.2,70.2,0.795,1.357,1.065,100.0,CRITICAL
N4,NORMAL,0.27,1.92,0.21,0.044,-1.51,24.9,76.0,83.9,0.042,0.012,0.001,6.2,LOW
N1,NORMAL,0.54,1.25,0.92,0.141,0.39,37.5,92.3,82.5,0.008,0.075,0.011,9.4,LOW
N2,WARNING,1.36,2.67,3.51,0.578,21.8,27.2,78.7,60.4,0.222,0.478,0.153,43.6,MEDIUM
N4,SUBSIDENCE,9.18,20.3,15.81,3.946,79.37,39.3,83.5,77.6,0.792,1.566,0.565,100.0,CRITICAL
N1,NORMAL,0.35,1.98,0.39,0.068,-0.44,27.4,66.8,74.4,0.009,0.027,0.013,7.9,LOW
N6,WARNING,2.55,2.83,2.36,0.21,28.05,32.8,85.8,94.2,0.268,0.775,0.179,43.7,MEDIUM
N2,NORMAL,0.99,1.21,0.65,0.046,2.86,30.2,92.1,99.2,0.037,0.08,0.016,10.9,LOW
N2,NORMAL,1.18,1.55,0.56,0.093,0.1,32.7,93.0,75.5,0.017,0.022,0.019,9.2,LOW
N3,NORMAL,0.43,0.51,0.3,0.162,2.08,26.7,94.0,86.6,0.023,0.057,0.018,8.7,LOW
N5,SUBSIDENCE,10.77,27.44,8.26,2.708,40.1,29.3,92.1,93.6,1.578,3.203,0.604,100.0,CRITICAL
N1,NORMAL,0.94,1.15,0.87,0.06,-1.83,27.2,84.5,89.8,0.022,0.092,0.011,8.3,LOW
N2,NORMAL,0.71,2.14,0.59,0.035,3.67,34.2,94.2,77.3,0.007,0.088,0.01,9.2,LOW
N1,NORMAL,0.61,2.1,0.11,0.024,2.23,33.1,90.7,95.9,0.008,0.026,0.02,7.5,LOW
N4,SUBSIDENCE,4.53,42.33,19.6,0.906,108.29,31.7,80.3,71.0,0.987,4.406,1.28,100.0,CRITICAL
N4,WARNING,2.32,3.09,3.73,0.587,29.16,28.6,65.3,84.6,0.183,0.188,0.144,45.9,MEDIUM
N5,WARNING,3.16,6.41,1.67,0.647,14.28,26.3,79.0,66.7,0.105,0.773,0.024,48.5,MEDIUM
N2,NORMAL,0.28,1.66,0.82,0.126,-1.29,31.7,79.6,86.7,0.045,0.092,0.006,7.4,LOW
N3,WARNING,3.45,7.93,2.53,0.232,15.03,27.7,81.1,71.6,0.153,0.474,0.241,45.8,MEDIUM
N2,NORMAL,1.11,2.48,0.87,0.074,-0.05,37.9,91.5,61.0,0.022,0.075,0.0,14.1,LOW
N1,WARNING,2.08,6.28,1.72,0.261,23.88,36.2,81.8,69.5,0.276,0.769,0.022,43.8,MEDIUM
N6,SUBSIDENCE,8.74,44.84,8.97,1.705,87.42,37.3,71.9,93.9,0.365,3.836,1.066,100.0,CRITICAL
N4,NORMAL,0.59,0.51,0.9,0.133,-0.82,36.4,75.4,78.7,0.012,0.027,0.019,7.6,LOW
N1,WARNING,1.86,6.58,1.48,0.373,23.18,37.0,86.5,71.1,0.269,0.545,0.236,42.7,MEDIUM
N5,NORMAL,0.85,0.64,0.33,0.141,3.95,30.7,80.4,87.7,0.021,0.052,0.008,11.1,LOW
N4,NORMAL,0.93,2.44,0.44,0.033,2.82,33.0,78.8,76.8,0.025,0.084,0.003,10.1,LOW
N3,NORMAL,0.72,1.77,0.85,0.058,0.05,26.8,74.2,73.0,0.027,0.035,0.011,5.9,LOW
N4,NORMAL,1.19,2.17,0.84,0.102,1.27,31.4,94.6,83.7,0.004,0.02,0.018,11.2,LOW
N6,NORMAL,0.52,0.83,0.92,0.079,-0.98,25.3,78.7,63.3,0.014,0.065,0.003,9.2,LOW
N2,WARNING,2.1,4.27,2.17,0.458,10.56,33.7,91.2,86.8,0.161,0.353,0.203,36.3,MEDIUM
N6,NORMAL,0.23,1.37,0.74,0.155,-0.73,30.3,79.8,66.9,0.011,0.086,0.01,9.8,LOW
N6,WARNING,2.64,6.94,3.51,0.197,26.46,34.9,83.7,98.1,0.073,0.777,0.131,50.1,HIGH
N2,NORMAL,1.17,0.84,0.48,0.101,-0.76,26.2,80.4,95.3,0.045,0.035,0.002,7.6,LOW
N4,NORMAL,0.79,0.69,0.3,0.176,-1.63,37.2,69.6,97.7,0.05,0.091,0.014,6.8,LOW
N5,WARNING,1.69,5.5,2.47,0.472,13.02,31.1,81.4,96.1,0.245,0.62,0.239,44.2,MEDIUM
N2,NORMAL,1.11,1.69,0.82,0.101,0.72,24.7,82.0,93.7,0.043,0.078,0.005,12.3,LOW
N2,NORMAL,0.37,1.97,0.41,0.074,-0.79,28.6,73.5,66.5,0.047,0.023,0.006,5.2,LOW
N3,WARNING,2.02,5.09,2.66,0.269,28.38,36.1,75.6,80.2,0.128,0.743,0.096,45.3,MEDIUM
N4,NORMAL,0.51,1.09,0.62,0.131,4.09,33.6,76.2,98.7,0.028,0.022,0.02,8.7,LOW
N2,NORMAL,1.15,0.38,0.02,0.027,2.8,28.0,70.0,97.1,0.036,0.072,0.013,6.5,LOW
N5,NORMAL,1.1,0.76,0.17,0.08,-1.66,34.3,92.1,96.4,0.008,0.038,0.005,8.5,LOW
N1,SUBSIDENCE,8.64,34.03,12.89,1.256,82.63,28.3,91.6,97.4,0.825,0.821,0.969,100.0,CRITICAL
N4,WARNING,1.57,2.66,1.01,0.7,9.56,35.0,77.2,91.0,0.159,0.14,0.106,28.2,MEDIUM
N3,WARNING,2.78,5.35,3.21,0.681,28.79,37.3,71.2,74.0,0.223,0.591,0.057,50.8,HIGH
N6,WARNING,2.39,3.19,2.78,0.284,32.7,25.4,89.7,75.2,0.272,0.481,0.123,44.5,MEDIUM
N2,NORMAL,0.37,2.49,0.67,0.032,3.61,31.0,87.9,63.0,0.038,0.04,0.002,11.1,LOW
N5,NORMAL,0.28,1.62,0.56,0.165,3.7,24.7,73.8,85.8,0.046,0.047,0.016,9.4,LOW
N4,WARNING,2.96,5.64,2.44,0.313,10.23,36.4,69.4,65.1,0.269,0.2,0.12,38.4,MEDIUM
N5,NORMAL,0.86,0.96,0.44,0.12,0.65,31.6,75.6,77.3,0.04,0.097,0.019,7.4,LOW
N5,NORMAL,0.46,1.22,0.01,0.029,3.4,35.3,84.9,68.0,0.017,0.079,0.01,6.1,LOW
N6,NORMAL,0.59,1.82,0.33,0.051,1.78,36.7,75.3,96.3,0.014,0.059,0.005,5.6,LOW
N3,NORMAL,0.41,1.59,0.13,0.145,-0.6,29.1,88.4,63.1,0.043,0.045,0.002,6.4,LOW
N4,SUBSIDENCE,8.82,26.77,9.58,3.357,38.93,27.4,77.3,81.5,1.046,2.675,0.358,100.0,CRITICAL
N2,NORMAL,0.16,0.23,0.19,0.098,-1.72,26.9,75.4,79.2,0.037,0.015,0.015,3.7,LOW
N3,NORMAL,0.48,0.25,0.91,0.066,-1.05,28.9,67.0,89.4,0.007,0.097,0.002,7.2,LOW
N2,NORMAL,0.76,1.43,0.86,0.112,4.69,34.2,76.2,84.0,0.031,0.035,0.001,10.3,LOW
N1,SUBSIDENCE,10.95,8.28,17.67,2.252,44.3,32.8,89.8,81.8,1.174,2.771,1.303,100.0,CRITICAL
N5,NORMAL,0.59,1.05,0.17,0.113,1.81,26.3,82.9,93.9,0.049,0.041,0.008,5.3,LOW
N1,NORMAL,0.37,0.22,0.69,0.025,0.86,35.2,74.0,67.2,0.031,0.039,0.005,6.2,LOW
N5,WARNING,2.09,3.22,3.07,0.585,5.44,33.9,73.3,67.4,0.224,0.309,0.171,39.6,MEDIUM
N6,WARNING,3.1,6.57,3.51,0.428,18.69,35.4,70.5,76.2,0.136,0.449,0.169,47.9,MEDIUM
N3,NORMAL,0.61,1.32,0.54,0.148,4.2,29.8,68.4,62.6,0.008,0.071,0.01,12.7,LOW
N2,NORMAL,1.18,1.68,0.45,0.142,-1.36,27.5,93.6,72.0,0.03,0.066,0.009,13.0,LOW
N6,NORMAL,0.24,1.65,0.57,0.141,3.28,27.5,67.8,72.1,0.031,0.021,0.018,7.6,LOW
N2,NORMAL,0.63,0.68,0.33,0.102,0.26,37.4,69.5,87.2,0.004,0.02,0.016,5.7,LOW
N3,NORMAL,1.1,0.89,0.83,0.165,0.1,24.2,79.2,64.6,0.003,0.092,0.007,11.6,LOW
N4,NORMAL,1.09,0.56,0.3,0.146,3.64,31.2,88.7,74.5,0.045,0.05,0.02,9.6,LOW
N1,NORMAL,1.14,1.78,0.08,0.037,4.24,35.9,68.1,65.5,0.04,0.033,0.01,9.0,LOW
N1,NORMAL,0.89,0.39,0.35,0.06,3.32,28.5,72.0,69.1,0.0,0.012,0.002,8.2,LOW
N2,WARNING,2.05,3.68,1.32,0.512,33.55,26.1,78.8,83.3,0.202,0.63,0.244,46.1,MEDIUM
N2,SUBSIDENCE,6.24,30.69,15.23,3.656,97.44,29.2,81.9,73.1,0.514,1.425,0.528,100.0,CRITICAL
N2,WARNING,3.39,3.15,1.74,0.675,22.53,34.7,79.9,61.7,0.187,0.516,0.078,46.1,MEDIUM
N3,NORMAL,0.29,2.08,0.35,0.144,2.64,33.0,74.0,80.9,0.015,0.013,0.016,9.1,LOW
N4,NORMAL,0.77,0.2,0.67,0.125,-1.42,26.3,85.6,64.9,0.039,0.083,0.006,6.9,LOW
N1,SUBSIDENCE,10.79,25.76,20.38,2.965,56.38,37.6,85.5,71.8,1.002,2.759,1.269,100.0,CRITICAL
N6,NORMAL,0.68,0.5,0.23,0.068,-1.49,31.1,90.0,89.6,0.044,0.012,0.014,3.4,LOW
N5,NORMAL,0.94,1.16,0.83,0.035,1.11,32.0,74.5,89.1,0.05,0.095,0.002,9.1,LOW
N3,NORMAL,0.91,0.2,0.85,0.056,4.76,28.1,68.1,95.0,0.045,0.019,0.013,8.1,LOW
N1,WARNING,1.62,4.82,3.77,0.223,21.52,29.9,87.3,96.4,0.193,0.634,0.21,44.4,MEDIUM
N4,WARNING,3.24,5.26,2.82,0.564,29.57,34.1,83.7,90.1,0.177,0.178,0.109,51.5,HIGH
N3,NORMAL,0.65,0.6,0.12,0.097,-0.56,24.0,72.6,70.4,0.049,0.02,0.011,4.8,LOW
N6,NORMAL,0.91,1.34,0.01,0.081,2.51,27.5,91.7,68.5,0.032,0.005,0.019,8.1,LOW
N1,SUBSIDENCE,8.33,23.02,14.46,2.468,35.15,37.4,76.5,81.0,0.827,0.842,1.104,100.0,CRITICAL
N3,NORMAL,0.17,1.09,0.14,0.03,-0.8,37.6,86.9,66.4,0.044,0.098,0.018,4.2,LOW
N1,WARNING,2.5,6.52,2.54,0.496,22.59,24.7,70.1,97.0,0.167,0.303,0.167,47.5,MEDIUM
N1,WARNING,2.32,7.02,3.18,0.363,29.11,37.0,91.9,75.2,0.073,0.712,0.177,51.0,HIGH
N4,WARNING,3.17,5.6,1.47,0.653,32.24,24.4,81.3,91.9,0.071,0.751,0.158,51.6,HIGH
N5,NORMAL,0.69,1.83,0.88,0.159,-0.75,37.4,70.5,76.1,0.021,0.011,0.012,9.5,LOW
N4,NORMAL,1.15,1.93,0.07,0.089,4.92,33.3,80.6,65.3,0.023,0.063,0.014,11.4,LOW
N1,NORMAL,0.88,2.35,0.94,0.115,1.45,25.9,73.6,89.6,0.017,0.01,0.018,11.7,LOW
N3,SUBSIDENCE,9.49,33.2,17.35,2.62,46.62,32.9,76.8,85.5,1.798,4.101,0.789,100.0,CRITICAL
N6,SUBSIDENCE,9.71,16.57,11.79,2.959,109.1,26.8,88.1,86.0,0.787,3.557,0.683,100.0,CRITICAL
N4,NORMAL,0.67,1.75,0.88,0.141,4.0,24.3,66.3,89.2,0.015,0.08,0.007,10.8,LOW
N5,NORMAL,0.4,0.91,0.62,0.139,1.91,27.4,92.2,71.9,0.035,0.094,0.017,10.3,LOW
N1,SUBSIDENCE,9.12,40.36,15.22,3.531,104.55,29.3,78.9,90.4,1.75,2.319,1.491,100.0,CRITICAL
N6,WARNING,3.43,2.79,3.84,0.749,32.29,24.1,94.5,66.0,0.077,0.688,0.167,59.2,HIGH
N4,SUBSIDENCE,6.87,9.12,9.57,2.711,104.81,27.7,80.0,97.6,1.786,2.366,0.785,100.0,CRITICAL
N4,NORMAL,0.28,0.81,0.89,0.12,0.31,31.3,87.7,80.7,0.041,0.011,0.017,5.5,LOW
N4,NORMAL,0.37,1.67,0.15,0.057,1.85,29.3,74.8,96.5,0.019,0.075,0.012,6.7,LOW
N4,WARNING,1.29,6.3,2.18,0.395,24.56,30.9,79.1,78.4,0.263,0.607,0.174,44.3,MEDIUM
N6,WARNING,1.53,5.58,1.95,0.532,21.03,32.3,85.5,70.7,0.285,0.404,0.173,41.4,MEDIUM
N3,NORMAL,0.38,1.49,0.85,0.135,1.42,27.0,89.0,66.9,0.013,0.076,0.019,11.3,LOW
N5,NORMAL,1.09,1.68,0.18,0.026,2.86,32.6,91.2,98.1,0.03,0.061,0.01,10.3,LOW
N5,NORMAL,0.48,1.32,0.27,0.086,3.57,24.0,90.6,67.3,0.021,0.039,0.017,9.0,LOW
N1,NORMAL,0.4,1.03,0.88,0.165,2.63,37.4,94.1,93.9,0.022,0.052,0.012,10.7,LOW
N2,NORMAL,0.74,1.1,0.23,0.106,0.42,32.6,67.2,79.3,0.004,0.048,0.011,6.0,LOW
N3,SUBSIDENCE,9.08,43.56,4.45,3.083,39.68,37.1,90.7,75.0,0.538,1.441,0.661,100.0,CRITICAL
N1,NORMAL,0.57,0.7,0.43,0.064,-0.78,32.6,70.0,93.5,0.008,0.078,0.002,6.3,LOW
N1,WARNING,1.83,2.75,2.36,0.75,29.39,35.7,88.6,78.5,0.193,0.233,0.047,40.7,MEDIUM
N4,NORMAL,0.56,1.92,0.54,0.085,-0.24,34.4,85.9,97.2,0.006,0.059,0.017,7.5,LOW
N2,WARNING,2.11,3.25,1.31,0.724,22.67,26.8,90.7,62.5,0.253,0.475,0.112,42.3,MEDIUM
N2,SUBSIDENCE,11.15,15.59,4.17,1.108,101.26,26.0,80.9,99.9,0.411,2.114,0.563,100.0,CRITICAL
N3,NORMAL,1.04,0.59,0.88,0.092,-0.09,32.7,69.1,82.8,0.032,0.022,0.018,9.0,LOW
N2,NORMAL,0.66,1.28,0.36,0.096,2.1,32.0,87.6,64.6,0.037,0.092,0.001,8.3,LOW
N1,NORMAL,1.1,0.76,0.83,0.126,1.92,33.6,75.2,95.0,0.043,0.097,0.02,8.8,LOW
N2,NORMAL,0.82,0.94,0.93,0.14,1.17,25.3,81.2,95.4,0.023,0.1,0.007,11.4,LOW
N2,WARNING,2.54,6.86,1.16,0.564,7.38,25.9,65.3,65.5,0.189,0.448,0.237,43.8,MEDIUM
N5,SUBSIDENCE,4.95,17.28,18.67,2.05,98.06,38.6,87.4,76.5,0.708,3.984,0.26,100.0,CRITICAL
N1,NORMAL,0.74,2.35,0.58,0.057,2.01,26.2,88.2,99.9,0.044,0.099,0.012,9.9,LOW
N6,NORMAL,0.62,1.08,0.55,0.046,4.8,37.2,74.5,84.8,0.042,0.011,0.019,8.6,LOW
N2,NORMAL,0.22,0.39,0.5,0.028,4.12,27.1,92.9,90.8,0.046,0.007,0.001,6.1,LOW
N2,WARNING,2.76,6.77,1.6,0.326,14.53,30.1,85.7,72.4,0.201,0.526,0.068,39.4,MEDIUM
N4,NORMAL,0.18,0.65,0.16,0.121,-1.52,37.0,66.9,75.3,0.044,0.008,0.012,4.9,LOW
N2,NORMAL,0.46,0.99,0.6,0.062,-1.81,30.4,66.9,61.1,0.048,0.075,0.003,6.3,LOW
N2,WARNING,1.31,6.66,2.33,0.661,14.16,29.0,73.3,92.6,0.244,0.155,0.166,38.9,MEDIUM
N5,WARNING,1.32,7.72,3.36,0.383,34.74,38.0,72.2,89.7,0.101,0.382,0.224,49.2,MEDIUM
N1,NORMAL,0.44,1.96,0.13,0.074,-1.48,32.6,82.1,71.8,0.025,0.07,0.008,6.4,LOW
N3,WARNING,2.32,2.88,2.38,0.441,5.86,33.0,81.0,91.4,0.178,0.616,0.124,34.6,MEDIUM
N1,NORMAL,0.67,0.96,0.83,0.031,0.03,25.3,73.5,73.8,0.03,0.086,0.001,7.9,LOW
N4,NORMAL,1.03,2.41,0.02,0.022,4.05,27.9,74.9,73.4,0.007,0.034,0.006,9.4,LOW
N1,SUBSIDENCE,8.77,31.27,13.41,3.712,98.43,37.6,72.7,79.8,0.626,2.811,1.23,100.0,CRITICAL
N2,WARNING,2.41,6.35,1.99,0.347,26.17,26.1,69.5,92.7,0.15,0.103,0.236,44.7,MEDIUM
N4,NORMAL,0.47,0.95,0.62,0.029,-0.34,36.7,74.3,67.5,0.003,0.029,0.017,3.1,LOW
N1,NORMAL,0.25,1.11,0.83,0.156,-1.68,30.4,76.1,98.3,0.01,0.02,0.017,5.9,LOW
N4,NORMAL,1.12,1.21,0.13,0.047,-1.22,25.4,88.8,81.4,0.034,0.055,0.011,8.5,LOW
N3,NORMAL,0.2,1.92,0.98,0.091,-1.19,33.7,82.5,90.6,0.005,0.003,0.015,8.5,LOW
N1,NORMAL,1.2,1.12,0.71,0.08,0.46,29.6,88.9,97.6,0.043,0.057,0.002,9.8,LOW
N6,NORMAL,0.78,1.11,0.25,0.088,1.96,33.4,84.6,98.0,0.0,0.027,0.013,9.5,LOW
N2,NORMAL,0.73,0.82,0.81,0.082,-0.32,33.7,94.9,85.8,0.028,0.029,0.008,6.4,LOW
N4,WARNING,1.84,3.0,2.09,0.191,18.94,30.9,78.9,72.4,0.215,0.458,0.219,35.4,MEDIUM
N6,WARNING,3.13,7.47,3.93,0.739,34.41,34.7,87.0,93.7,0.228,0.494,0.06,60.5,HIGH
N6,WARNING,2.26,7.41,3.16,0.278,11.21,29.9,69.8,95.7,0.254,0.398,0.077,42.5,MEDIUM
N5,NORMAL,0.18,1.01,0.56,0.16,3.47,25.9,83.5,92.7,0.001,0.083,0.013,8.6,LOW
N4,SUBSIDENCE,8.62,44.97,13.13,3.072,40.28,35.4,81.8,90.7,1.52,3.109,0.952,100.0,CRITICAL
N6,WARNING,2.54,5.36,1.41,0.449,21.15,26.1,86.6,86.5,0.206,0.419,0.054,39.9,MEDIUM
N5,WARNING,1.8,4.95,1.92,0.283,14.78,30.3,86.4,84.8,0.116,0.158,0.136,30.4,MEDIUM
N6,WARNING,1.99,5.23,2.61,0.703,34.45,26.5,85.9,78.4,0.254,0.493,0.233,56.0,HIGH
N2,SUBSIDENCE,4.73,10.78,12.65,1.574,53.79,35.5,88.5,83.8,0.78,3.458,0.455,100.0,CRITICAL
N3,NORMAL,0.37,0.32,0.41,0.156,-1.29,29.0,86.1,89.6,0.037,0.047,0.018,4.1,LOW
N5,NORMAL,0.32,0.56,0.09,0.132,1.84,25.3,74.0,63.9,0.004,0.031,0.003,4.2,LOW
N3,WARNING,1.8,5.54,2.68,0.276,10.73,27.4,82.3,60.3,0.264,0.217,0.031,36.3,MEDIUM
N4,WARNING,3.47,3.77,1.71,0.601,12.45,35.7,80.4,72.5,0.149,0.481,0.025,42.4,MEDIUM
N2,WARNING,2.12,2.81,3.15,0.488,32.42,24.8,93.5,70.3,0.166,0.68,0.063,45.4,MEDIUM
N5,NORMAL,1.02,0.79,0.16,0.137,3.45,29.6,87.5,82.8,0.042,0.086,0.01,12.4,LOW
N4,NORMAL,1.16,1.06,0.04,0.114,0.47,27.7,76.4,95.6,0.017,0.056,0.018,7.3,LOW
N6,NORMAL,1.08,0.74,0.71,0.086,4.55,38.0,78.4,74.9,0.037,0.049,0.016,9.5,LOW
N1,SUBSIDENCE,8.66,33.27,16.68,2.384,59.92,35.1,75.8,84.9,1.533,4.346,1.33,100.0,CRITICAL
N4,NORMAL,0.21,1.43,0.78,0.06,1.51,32.2,76.4,83.9,0.004,0.084,0.007,6.0,LOW
N3,NORMAL,0.92,0.95,0.52,0.147,2.81,33.9,65.5,73.2,0.003,0.057,0.008,10.0,LOW
N2,NORMAL,0.2,2.32,0.88,0.175,2.5,35.7,88.3,89.3,0.04,0.061,0.01,10.4,LOW
N2,NORMAL,1.08,2.34,0.45,0.065,1.58,33.1,87.4,72.9,0.005,0.094,0.02,9.5,LOW
N4,SUBSIDENCE,10.86,41.31,5.38,1.203,54.56,30.8,83.3,99.1,1.356,1.478,0.525,100.0,CRITICAL
N6,WARNING,3.0,5.57,1.15,0.475,11.12,24.9,82.3,61.8,0.125,0.276,0.1,38.4,MEDIUM
N1,WARNING,2.72,6.52,2.46,0.625,34.02,30.2,65.6,63.0,0.135,0.533,0.094,50.5,HIGH
N3,NORMAL,0.98,0.52,0.7,0.133,4.97,31.3,92.5,87.6,0.035,0.013,0.013,11.1,LOW
N4,WARNING,2.39,5.93,2.33,0.47,26.67,36.0,93.3,91.2,0.07,0.531,0.04,43.6,MEDIUM
N4,NORMAL,0.89,2.37,0.22,0.057,1.37,32.3,75.6,64.1,0.0,0.097,0.001,11.4,LOW
N2,WARNING,1.26,3.94,1.32,0.716,12.34,35.8,90.2,99.7,0.074,0.639,0.115,38.2,MEDIUM
N3,NORMAL,0.98,0.69,0.59,0.104,1.56,25.4,66.5,75.2,0.015,0.021,0.014,8.0,LOW
N1,NORMAL,0.92,2.2,0.54,0.154,-1.82,36.9,65.2,86.7,0.023,0.013,0.012,12.6,LOW
N2,WARNING,3.02,6.59,1.06,0.279,7.83,34.1,75.8,64.7,0.071,0.611,0.118,35.6,MEDIUM
N4,SUBSIDENCE,9.61,31.16,6.03,3.939,58.17,39.0,91.6,68.9,1.282,0.918,0.804,100.0,CRITICAL
N2,NORMAL,1.07,0.87,0.85,0.137,0.46,27.9,93.2,90.3,0.046,0.049,0.006,7.8,LOW
N2,WARNING,2.0,3.9,1.63,0.319,8.33,32.7,67.7,93.8,0.171,0.129,0.023,25.6,MEDIUM
N5,NORMAL,0.22,1.45,0.68,0.057,4.22,36.0,86.3,71.6,0.024,0.032,0.018,8.0,LOW
N2,NORMAL,0.53,1.79,0.19,0.099,3.16,37.6,78.8,62.4,0.033,0.072,0.018,7.0,LOW
N6,NORMAL,1.02,0.47,0.22,0.125,3.22,35.7,84.9,77.6,0.035,0.044,0.018,12.2,LOW
N2,NORMAL,0.61,0.6,0.78,0.159,3.79,35.7,94.5,92.4,0.027,0.084,0.016,9.0,LOW
N6,NORMAL,0.4,2.09,0.38,0.103,3.57,36.6,92.8,92.0,0.016,0.003,0.014,7.6,LOW
N3,NORMAL,1.13,2.09,0.03,0.076,0.35,35.7,83.0,83.6,0.011,0.08,0.01,8.3,LOW
N2,NORMAL,0.52,2.02,0.68,0.074,4.96,27.1,89.9,87.2,0.023,0.032,0.014,10.9,LOW
N1,SUBSIDENCE,10.9,20.17,19.38,2.478,39.44,28.3,81.9,86.1,0.591,1.605,1.21,100.0,CRITICAL
N6,NORMAL,0.95,2.0,0.72,0.054,1.8,27.2,84.2,62.3,0.015,0.078,0.015,12.1,LOW
N6,WARNING,2.97,6.79,2.04,0.64,30.75,29.2,78.4,80.4,0.098,0.346,0.08,51.0,HIGH
N4,NORMAL,0.14,0.33,0.66,0.091,-1.37,25.7,94.8,79.0,0.019,0.048,0.013,6.4,LOW
N3,WARNING,2.77,7.5,1.1,0.523,21.21,33.8,75.9,90.8,0.064,0.585,0.071,44.9,MEDIUM
N2,NORMAL,1.14,2.18,0.48,0.056,4.95,25.8,80.2,66.9,0.033,0.04,0.01,12.2,LOW
N1,NORMAL,0.5,1.33,0.95,0.12,0.6,25.0,84.7,74.0,0.006,0.075,0.009,9.7,LOW
N4,NORMAL,0.54,2.13,0.14,0.074,0.55,33.3,92.0,70.9,0.0,0.085,0.017,7.5,LOW
N3,NORMAL,0.34,0.36,0.59,0.099,3.67,30.4,93.7,81.4,0.024,0.02,0.016,6.6,LOW
N6,NORMAL,0.23,2.16,0.88,0.091,-1.82,28.6,65.2,93.9,0.001,0.035,0.014,6.5,LOW
N1,WARNING,3.43,4.41,1.22,0.346,28.97,25.6,75.2,78.8,0.186,0.369,0.097,40.4,MEDIUM
N2,SUBSIDENCE,9.22,17.7,20.15,2.423,65.39,30.4,66.2,75.1,1.191,1.42,0.383,100.0,CRITICAL
N5,WARNING,2.74,6.97,2.74,0.574,29.99,27.7,82.3,77.0,0.243,0.324,0.152,52.9,HIGH
N5,WARNING,2.06,3.51,2.69,0.596,22.14,36.4,88.0,63.9,0.067,0.747,0.021,41.6,MEDIUM
N3,NORMAL,0.36,1.0,0.91,0.177,-1.39,37.7,94.5,78.9,0.02,0.015,0.006,8.2,LOW
N1,NORMAL,0.3,1.46,0.32,0.169,3.73,33.6,77.8,71.5,0.015,0.002,0.02,10.2,LOW
N4,NORMAL,0.1,0.55,0.01,0.116,2.64,33.1,80.0,95.0,0.038,0.019,0.002,5.6,LOW
N1,NORMAL,0.69,1.22,0.49,0.145,-1.87,37.4,71.8,83.1,0.046,0.071,0.018,9.6,LOW
N6,NORMAL,0.63,1.44,0.05,0.166,4.68,34.2,82.2,66.8,0.034,0.026,0.016,7.7,LOW
N5,NORMAL,0.32,1.56,0.13,0.136,-0.51,25.2,83.3,77.9,0.046,0.09,0.006,5.7,LOW
N3,NORMAL,0.26,1.42,0.99,0.031,-0.15,34.3,69.2,93.2,0.027,0.079,0.0,6.4,LOW
N2,NORMAL,0.86,1.25,0.82,0.137,3.31,35.5,80.8,93.0,0.015,0.062,0.003,11.5,LOW
N1,WARNING,1.69,3.22,3.07,0.213,12.32,37.2,65.6,77.8,0.277,0.193,0.106,33.2,MEDIUM
N5,WARNING,3.01,7.5,3.21,0.686,6.03,32.5,86.9,94.3,0.075,0.616,0.193,50.2,HIGH
N4,NORMAL,0.7,2.38,0.69,0.096,0.95,34.9,80.7,97.8,0.038,0.063,0.016,12.9,LOW
N3,SUBSIDENCE,9.49,15.43,15.13,1.446,76.91,36.5,79.2,82.0,1.485,3.806,1.064,100.0,CRITICAL
N2,SUBSIDENCE,10.98,26.24,10.32,3.5,38.79,35.1,69.1,92.9,1.738,2.058,1.037,100.0,CRITICAL
N1,NORMAL,0.73,0.95,0.85,0.12,3.5,34.6,91.2,76.3,0.05,0.013,0.015,7.2,LOW
N4,NORMAL,1.06,1.67,0.07,0.025,1.37,30.9,65.8,98.9,0.039,0.038,0.017,8.9,LOW
N2,NORMAL,0.64,1.7,0.2,0.068,1.39,32.1,80.0,95.1,0.043,0.01,0.016,10.8,LOW
N6,SUBSIDENCE,4.5,44.66,19.38,1.874,68.87,38.5,76.6,82.8,0.338,2.752,0.935,100.0,CRITICAL
N5,SUBSIDENCE,9.8,30.52,6.81,1.343,45.38,26.4,89.6,70.5,0.627,2.015,1.175,100.0,CRITICAL
N6,NORMAL,0.77,1.47,0.15,0.066,0.07,25.3,93.2,82.5,0.031,0.079,0.02,7.8,LOW
N5,NORMAL,0.49,0.85,0.21,0.109,4.62,26.5,91.0,70.5,0.009,0.044,0.004,7.3,LOW
N4,NORMAL,0.37,2.29,0.39,0.021,3.05,28.9,67.0,94.6,0.026,0.077,0.011,6.7,LOW
N6,NORMAL,0.33,2.43,0.25,0.152,3.52,31.4,84.0,78.8,0.023,0.04,0.014,10.2,LOW
N5,NORMAL,0.71,0.64,0.06,0.077,1.26,33.4,71.2,94.9,0.045,0.041,0.009,5.3,LOW
N3,SUBSIDENCE,7.13,42.44,8.88,2.356,93.36,30.1,80.2,68.1,1.134,3.247,0.601,100.0,CRITICAL
N4,WARNING,1.49,7.14,3.32,0.711,22.6,30.4,81.8,72.5,0.155,0.172,0.216,47.7,MEDIUM
N5,WARNING,2.4,6.8,3.14,0.744,19.87,36.9,75.5,90.6,0.182,0.137,0.11,50.2,HIGH
N1,SUBSIDENCE,11.81,12.69,10.01,2.387,52.8,34.3,89.8,70.1,0.319,2.534,0.921,100.0,CRITICAL
N5,WARNING,1.34,2.99,2.49,0.706,34.47,30.5,89.2,91.0,0.101,0.206,0.101,41.3,MEDIUM
N6,NORMAL,1.11,2.17,0.44,0.023,-0.34,25.8,71.5,70.4,0.031,0.05,0.005,10.9,LOW
N3,WARNING,3.19,6.41,2.66,0.192,29.64,35.4,90.0,95.3,0.188,0.539,0.035,49.5,MEDIUM
N2,NORMAL,0.68,1.11,0.07,0.051,-0.42,31.6,87.9,71.0,0.003,0.015,0.018,4.8,LOW
N2,WARNING,1.51,4.55,3.38,0.349,11.14,27.6,80.6,88.0,0.056,0.537,0.12,33.8,MEDIUM
N5,NORMAL,0.37,1.6,0.26,0.178,3.13,35.2,87.1,91.1,0.03,0.017,0.012,10.9,LOW
N2,WARNING,1.93,4.31,2.62,0.339,8.39,34.5,81.6,89.9,0.165,0.101,0.195,32.4,MEDIUM
N5,NORMAL,0.79,1.8,0.06,0.161,2.51,36.6,94.6,92.3,0.031,0.039,0.001,8.7,LOW
N3,NORMAL,1.11,0.48,0.13,0.161,-1.6,29.5,81.6,95.1,0.005,0.082,0.011,7.5,LOW
N2,NORMAL,0.93,1.79,0.98,0.103,-1.96,27.6,76.4,79.3,0.021,0.01,0.002,10.0,LOW
N6,NORMAL,0.29,0.92,0.28,0.078,-1.24,31.3,87.7,60.3,0.02,0.055,0.002,4.2,LOW
N6,WARNING,1.31,5.07,3.62,0.749,7.8,32.0,94.2,95.5,0.055,0.26,0.128,39.8,MEDIUM
N1,WARNING,2.49,4.49,1.96,0.506,26.64,31.8,77.8,89.9,0.17,0.313,0.161,43.7,MEDIUM
N5,NORMAL,0.41,1.32,0.94,0.136,0.72,28.7,90.8,78.4,0.027,0.041,0.002,7.0,LOW
N2,NORMAL,0.74,0.62,0.36,0.169,0.2,32.2,84.8,85.7,0.013,0.006,0.002,6.1,LOW
N6,NORMAL,0.69,1.33,0.07,0.155,1.59,27.4,92.7,80.0,0.007,0.014,0.01,8.7,LOW
N3,NORMAL,1.18,1.89,0.81,0.082,-1.06,26.7,83.8,94.6,0.034,0.041,0.019,12.8,LOW
N3,NORMAL,0.54,2.39,0.08,0.114,3.44,28.5,71.7,69.0,0.01,0.006,0.002,10.2,LOW
N1,SUBSIDENCE,7.4,11.14,21.92,3.151,37.27,37.3,83.4,92.8,1.338,3.73,0.488,100.0,CRITICAL
N3,NORMAL,0.89,1.82,0.16,0.071,1.66,27.2,71.0,69.9,0.006,0.048,0.009,9.5,LOW
N3,NORMAL,0.77,1.15,0.41,0.049,3.51,34.0,92.0,67.1,0.035,0.043,0.003,7.1,LOW
N2,NORMAL,0.76,1.18,0.09,0.136,-1.5,26.2,76.1,64.2,0.035,0.028,0.011,6.0,LOW
N5,NORMAL,0.61,0.69,0.19,0.037,3.36,33.3,91.3,62.4,0.032,0.016,0.009,4.4,LOW
N4,NORMAL,0.5,1.62,0.02,0.059,3.21,27.5,86.0,96.0,0.018,0.008,0.013,6.2,LOW
N3,WARNING,2.41,5.8,2.54,0.646,12.25,28.5,90.0,69.6,0.15,0.727,0.186,46.2,MEDIUM
N3,NORMAL,0.8,2.4,0.57,0.148,3.15,24.4,82.8,98.2,0.043,0.097,0.0,14.2,LOW
N4,NORMAL,0.63,2.13,0.77,0.1,1.59,26.9,92.2,74.4,0.022,0.025,0.017,8.3,LOW
N3,NORMAL,0.13,0.59,0.89,0.041,3.17,28.7,68.7,82.2,0.009,0.05,0.004,7.1,LOW
N2,NORMAL,0.5,1.04,0.04,0.042,2.95,30.2,71.8,82.0,0.015,0.044,0.015,8.1,LOW
N2,NORMAL,0.98,1.58,0.42,0.04,-0.26,24.1,70.3,97.8,0.047,0.077,0.002,8.1,LOW
N4,SUBSIDENCE,8.43,39.03,12.37,3.602,37.54,29.7,77.5,90.4,0.94,2.197,1.477,100.0,CRITICAL
N6,WARNING,3.23,7.33,2.18,0.721,24.61,31.0,82.6,92.1,0.263,0.748,0.074,54.6,HIGH
N3,NORMAL,0.54,0.68,0.74,0.115,4.29,32.3,82.9,96.4,0.033,0.002,0.019,10.6,LOW
N6,NORMAL,0.83,1.3,0.11,0.174,-1.45,26.5,73.6,99.8,0.009,0.082,0.01,6.1,LOW
N3,NORMAL,0.74,1.12,0.88,0.097,0.16,25.3,82.7,66.4,0.008,0.074,0.012,8.9,LOW
N5,NORMAL,1.18,0.8,0.7,0.125,2.84,26.7,88.1,65.5,0.021,0.007,0.02,8.4,LOW
N3,WARNING,1.85,5.58,2.24,0.726,30.43,31.3,88.0,62.6,0.28,0.548,0.07,51.1,HIGH
N2,WARNING,3.19,5.97,3.17,0.576,30.43,31.7,93.3,61.7,0.072,0.364,0.136,55.5,HIGH
N1,NORMAL,1.05,1.47,0.55,0.071,2.51,27.7,85.7,84.5,0.032,0.019,0.014,9.1,LOW
N1,NORMAL,0.89,0.25,0.13,0.154,0.67,25.2,79.0,97.5,0.042,0.006,0.015,4.5,LOW
N1,NORMAL,0.19,1.01,0.52,0.164,0.33,28.8,70.7,87.7,0.04,0.072,0.006,6.6,LOW
N1,SUBSIDENCE,8.29,13.73,15.16,2.47,41.94,38.5,92.5,61.7,1.731,3.889,0.339,100.0,CRITICAL
N6,WARNING,1.66,6.36,3.8,0.649,13.46,27.4,84.2,79.8,0.058,0.431,0.041,45.1,MEDIUM
N6,NORMAL,0.51,2.34,0.19,0.098,2.01,31.6,88.4,62.4,0.016,0.071,0.017,13.3,LOW
N3,NORMAL,0.27,1.26,0.92,0.105,1.03,25.3,82.3,88.6,0.03,0.012,0.013,7.9,LOW
N6,WARNING,2.15,7.51,1.46,0.277,20.51,33.7,88.5,97.5,0.283,0.373,0.233,44.8,MEDIUM
N3,NORMAL,0.73,1.68,0.58,0.146,-0.09,24.5,88.2,65.3,0.039,0.071,0.012,7.1,LOW
N5,NORMAL,1.16,0.39,0.72,0.078,3.15,37.5,65.1,97.6,0.026,0.063,0.002,11.9,LOW
N3,NORMAL,0.73,0.79,0.64,0.128,3.11,29.3,82.1,67.1,0.001,0.098,0.012,9.1,LOW
N1,WARNING,1.77,2.97,3.64,0.323,27.19,36.0,68.6,63.5,0.119,0.202,0.045,38.0,MEDIUM
N4,NORMAL,0.11,1.04,0.94,0.165,-1.19,35.7,71.5,79.7,0.001,0.075,0.006,4.8,LOW
N4,NORMAL,0.14,2.26,0.18,0.067,1.36,37.4,74.8,73.4,0.014,0.004,0.001,5.3,LOW
N2,SUBSIDENCE,11.34,38.94,16.36,3.022,95.08,27.3,72.3,88.4,0.553,3.258,0.373,100.0,CRITICAL
N2,NORMAL,1.08,1.79,0.42,0.102,2.99,32.6,65.6,82.4,0.031,0.053,0.005,11.6,LOW
N3,NORMAL,1.0,0.61,0.11,0.175,3.9,30.0,89.6,69.6,0.015,0.021,0.007,8.5,LOW
N4,NORMAL,0.89,2.34,0.38,0.024,3.79,35.5,70.4,68.9,0.035,0.015,0.012,13.3,LOW
N1,NORMAL,0.32,2.49,0.23,0.063,-1.66,24.4,88.5,90.0,0.049,0.025,0.015,4.0,LOW
N6,WARNING,1.39,3.17,1.89,0.382,28.5,29.4,65.1,71.6,0.065,0.555,0.073,36.9,MEDIUM
N1,NORMAL,0.29,1.36,0.16,0.154,4.18,27.9,74.4,81.3,0.042,0.098,0.018,4.8,LOW
N1,NORMAL,0.52,2.43,0.34,0.138,2.03,26.8,90.6,96.4,0.048,0.074,0.006,10.3,LOW
N3,NORMAL,1.01,1.9,0.32,0.101,4.41,33.5,84.0,82.4,0.007,0.049,0.007,11.4,LOW
N3,WARNING,1.84,3.38,3.35,0.745,10.07,27.0,80.8,87.0,0.069,0.622,0.099,41.0,MEDIUM
N5,WARNING,1.69,7.97,1.98,0.36,17.69,25.7,72.7,63.4,0.236,0.711,0.095,46.5,MEDIUM
N1,NORMAL,0.79,1.9,0.43,0.172,3.09,31.1,81.5,87.3,0.019,0.01,0.01,11.7,LOW
N1,NORMAL,0.39,0.21,0.81,0.152,4.38,35.9,93.0,60.6,0.048,0.016,0.007,8.9,LOW
N3,WARNING,2.09,3.12,3.37,0.606,27.63,29.1,94.5,61.9,0.148,0.384,0.08,45.4,MEDIUM
N3,NORMAL,0.46,2.02,0.38,0.172,0.33,29.6,73.4,79.2,0.042,0.082,0.0,8.5,LOW
N5,WARNING,2.26,7.48,1.55,0.284,8.24,24.9,69.7,64.1,0.235,0.743,0.105,39.8,MEDIUM
N5,WARNING,2.56,4.05,3.69,0.273,32.9,37.8,89.1,64.1,0.133,0.707,0.238,53.3,HIGH
N2,WARNING,1.33,6.57,3.69,0.275,33.23,24.9,69.3,89.3,0.203,0.187,0.058,44.7,MEDIUM
N4,NORMAL,0.34,1.49,0.72,0.163,2.13,26.9,91.2,63.0,0.028,0.091,0.006,8.0,LOW
N1,NORMAL,0.31,1.15,0.36,0.133,-1.36,32.8,72.2,75.7,0.024,0.081,0.014,8.6,LOW
N1,WARNING,1.62,5.3,2.75,0.54,31.28,32.0,65.7,67.6,0.065,0.372,0.156,46.7,MEDIUM
N5,NORMAL,1.03,1.39,0.41,0.164,-1.48,31.8,84.2,61.2,0.046,0.003,0.011,8.9,LOW
N5,NORMAL,0.68,0.46,0.16,0.054,2.29,25.1,84.9,82.3,0.02,0.009,0.006,3.8,LOW
N2,SUBSIDENCE,6.97,42.32,13.34,3.812,78.43,34.9,94.5,69.9,0.865,2.794,0.44,100.0,CRITICAL
N4,SUBSIDENCE,6.25,23.03,12.7,3.231,45.25,33.0,78.1,88.5,0.754,2.793,0.987,100.0,CRITICAL
N2,NORMAL,0.32,0.85,0.44,0.131,-1.42,37.5,93.8,87.4,0.006,0.078,0.005,6.7,LOW
N4,NORMAL,0.89,1.7,0.18,0.1,3.55,27.7,86.7,86.1,0.039,0.09,0.018,11.6,LOW
N6,NORMAL,1.07,0.62,0.74,0.088,0.76,32.3,72.5,86.3,0.002,0.096,0.014,8.8,LOW
N1,WARNING,3.37,3.4,3.95,0.424,34.35,28.1,75.0,85.9,0.208,0.327,0.106,52.8,HIGH
N2,SUBSIDENCE,3.64,43.8,17.83,3.996,88.82,35.5,90.6,73.0,1.022,1.502,0.895,100.0,CRITICAL
N5,NORMAL,0.66,1.63,0.59,0.028,1.38,37.3,89.8,89.5,0.04,0.08,0.01,7.5,LOW
N2,NORMAL,0.67,1.56,0.22,0.105,1.68,25.5,79.0,87.4,0.01,0.095,0.005,5.9,LOW
N6,SUBSIDENCE,5.16,14.77,8.71,1.794,53.47,35.7,77.4,74.4,1.006,0.868,0.359,100.0,CRITICAL
N2,NORMAL,0.11,0.89,0.82,0.074,4.75,37.8,76.1,64.8,0.019,0.046,0.016,6.9,LOW
N1,NORMAL,0.68,1.56,0.96,0.086,-1.36,29.7,72.6,98.6,0.033,0.002,0.009,8.8,LOW
N6,SUBSIDENCE,6.93,41.1,13.27,3.581,68.85,25.6,92.9,87.5,1.787,3.168,0.445,100.0,CRITICAL
N5,NORMAL,0.22,1.91,0.23,0.149,2.27,37.1,81.9,90.4,0.006,0.007,0.009,7.8,LOW
N5,WARNING,2.28,4.61,3.47,0.444,9.25,29.1,85.1,85.5,0.119,0.493,0.113,39.7,MEDIUM
N3,NORMAL,0.45,1.03,0.75,0.167,0.27,29.3,80.5,81.5,0.015,0.027,0.003,7.4,LOW
N6,NORMAL,0.86,0.32,0.56,0.061,-0.33,32.9,84.3,61.9,0.039,0.015,0.007,6.4,LOW
N3,WARNING,1.37,6.1,3.86,0.749,34.61,28.6,73.3,83.1,0.138,0.269,0.043,48.2,MEDIUM
N3,NORMAL,0.51,0.73,0.61,0.072,0.48,37.5,79.7,82.4,0.03,0.012,0.015,2.9,LOW
N1,SUBSIDENCE,6.77,43.4,6.39,3.557,83.78,29.5,88.4,93.8,1.487,4.317,0.87,100.0,CRITICAL
N2,NORMAL,0.85,2.15,0.73,0.173,1.99,31.0,88.2,66.8,0.019,0.068,0.001,14.4,LOW
N5,NORMAL,0.54,1.01,0.33,0.124,1.48,24.2,71.6,91.0,0.04,0.006,0.009,8.0,LOW
N5,NORMAL,0.22,0.44,0.4,0.144,2.47,30.3,91.9,89.5,0.039,0.005,0.011,8.4,LOW
N2,NORMAL,0.57,1.47,0.42,0.091,2.44,35.2,93.3,76.6,0.011,0.033,0.006,9.0,LOW
N5,NORMAL,0.18,0.42,0.4,0.083,-0.98,25.4,78.4,64.7,0.04,0.05,0.002,4.8,LOW
N2,NORMAL,0.72,1.09,0.92,0.087,2.3,25.7,78.0,75.0,0.041,0.03,0.01,7.6,LOW
N6,NORMAL,0.57,0.45,0.4,0.159,4.56,25.6,75.4,87.4,0.012,0.03,0.0,8.3,LOW
N1,NORMAL,0.42,0.37,0.73,0.095,1.63,31.8,82.6,74.9,0.016,0.061,0.018,5.6,LOW
N1,WARNING,1.39,4.86,3.77,0.568,19.71,27.1,91.7,87.5,0.205,0.491,0.23,44.3,MEDIUM
N1,WARNING,1.49,4.55,2.31,0.227,21.63,31.3,90.4,91.2,0.115,0.421,0.121,36.2,MEDIUM
N2,WARNING,3.21,5.65,2.85,0.425,26.52,34.9,72.4,67.3,0.101,0.433,0.184,49.4,MEDIUM
N2,NORMAL,0.42,2.32,0.13,0.172,4.96,28.1,68.9,92.9,0.039,0.076,0.019,11.2,LOW
N4,NORMAL,0.29,0.3,0.2,0.09,1.47,37.0,71.8,68.4,0.003,0.044,0.012,3.8,LOW
N5,WARNING,2.1,7.91,2.01,0.205,12.97,32.5,81.8,72.9,0.19,0.389,0.198,42.3,MEDIUM
N5,NORMAL,0.71,1.62,0.18,0.138,0.75,24.4,69.8,95.6,0.037,0.018,0.013,9.3,LOW
N4,NORMAL,0.61,1.37,0.91,0.098,2.58,35.2,78.4,66.7,0.011,0.008,0.007,8.2,LOW
N4,WARNING,2.45,3.95,3.84,0.509,34.49,36.1,80.7,95.0,0.061,0.108,0.13,46.9,MEDIUM
N1,WARNING,1.5,6.35,2.98,0.491,17.15,25.5,76.6,80.5,0.212,0.485,0.083,41.2,MEDIUM
N4,NORMAL,0.66,1.18,0.33,0.076,-0.14,37.9,67.7,68.6,0.029,0.085,0.018,5.3,LOW
N2,NORMAL,0.9,1.68,0.13,0.121,0.85,25.3,77.5,60.3,0.048,0.086,0.001,8.4,LOW
N3,WARNING,1.42,7.63,3.38,0.563,29.91,35.9,73.5,90.5,0.113,0.608,0.162,52.7,HIGH
N2,NORMAL,1.04,1.46,0.41,0.172,-0.82,35.0,86.5,76.8,0.002,0.018,0.014,9.3,LOW
N4,WARNING,3.43,4.94,3.94,0.703,17.21,34.7,70.3,72.7,0.09,0.163,0.142,49.5,MEDIUM
N5,WARNING,2.65,5.03,2.81,0.566,16.42,26.1,79.2,83.1,0.246,0.592,0.178,42.3,MEDIUM
N2,WARNING,1.72,6.67,1.36,0.265,17.4,33.1,79.9,62.1,0.084,0.108,0.115,30.9,MEDIUM
N5,NORMAL,0.36,1.41,0.74,0.147,1.64,25.4,78.7,84.4,0.032,0.09,0.001,8.3,LOW
N2,NORMAL,0.11,1.24,0.17,0.123,-0.13,29.5,90.7,92.6,0.045,0.006,0.016,6.2,LOW
N5,WARNING,1.75,2.78,3.09,0.297,32.92,28.4,81.2,86.2,0.067,0.327,0.023,37.5,MEDIUM
N6,WARNING,2.87,7.08,1.33,0.614,13.35,32.8,82.9,83.4,0.085,0.286,0.217,43.1,MEDIUM
N2,WARNING,2.14,4.79,1.44,0.37,20.36,28.8,80.5,88.4,0.202,0.15,0.097,34.9,MEDIUM
N5,NORMAL,0.8,1.51,0.29,0.154,3.5,30.1,92.7,60.9,0.009,0.066,0.018,12.2,LOW
N3,NORMAL,0.67,0.79,0.26,0.16,0.18,25.1,73.6,78.8,0.001,0.054,0.019,7.5,LOW
N1,SUBSIDENCE,10.56,17.95,10.19,2.077,63.47,39.2,76.1,61.8,0.601,4.188,1.241,100.0,CRITICAL
N2,WARNING,1.47,4.47,3.73,0.739,29.66,35.5,80.3,72.7,0.11,0.562,0.157,52.6,HIGH
N3,SUBSIDENCE,3.66,37.42,13.54,2.593,106.78,25.7,68.7,61.8,1.029,1.968,0.675,100.0,CRITICAL
N1,WARNING,1.76,2.86,1.99,0.252,32.54,33.5,89.3,85.6,0.285,0.522,0.205,39.9,MEDIUM
N2,NORMAL,0.57,2.21,0.44,0.083,2.37,30.9,92.3,87.1,0.047,0.044,0.011,7.4,LOW
N3,WARNING,2.17,5.84,1.47,0.375,27.09,35.3,81.2,69.6,0.191,0.32,0.103,42.1,MEDIUM
N3,SUBSIDENCE,6.02,25.31,17.73,4.191,48.93,39.0,74.7,67.1,1.432,3.084,0.914,100.0,CRITICAL
N6,NORMAL,1.07,0.36,0.82,0.114,-0.85,26.1,85.4,65.1,0.011,0.016,0.014,8.8,LOW
N3,WARNING,3.05,7.56,2.68,0.731,16.71,25.8,91.3,91.4,0.111,0.224,0.13,52.0,HIGH
N6,NORMAL,0.72,1.86,0.05,0.053,2.35,33.1,89.1,81.9,0.024,0.06,0.002,10.5,LOW
N4,NORMAL,0.49,0.6,0.27,0.104,-0.21,30.9,69.2,99.8,0.039,0.013,0.01,4.8,LOW
N5,WARNING,3.09,4.63,3.05,0.588,24.53,31.6,65.1,68.9,0.158,0.72,0.197,52.6,HIGH
N1,NORMAL,0.66,2.27,0.63,0.087,-1.66,34.7,89.1,94.6,0.03,0.035,0.011,9.2,LOW
N5,NORMAL,0.8,2.28,0.69,0.145,2.8,25.6,67.8,79.7,0.044,0.022,0.015,12.4,LOW
N5,NORMAL,0.43,1.5,0.68,0.056,2.9,32.9,65.3,78.8,0.05,0.076,0.003,8.6,LOW
N6,NORMAL,0.69,2.44,0.74,0.133,1.73,28.2,69.0,72.6,0.026,0.099,0.0,13.5,LOW
N5,NORMAL,0.61,0.99,0.96,0.129,3.1,24.2,72.8,99.6,0.037,0.09,0.015,9.8,LOW
N3,NORMAL,0.82,0.36,0.47,0.177,4.95,31.1,77.4,95.7,0.022,0.089,0.012,12.6,LOW
N6,SUBSIDENCE,8.78,20.35,12.85,2.282,68.84,37.9,77.5,92.0,0.767,3.142,0.315,100.0,CRITICAL
N5,NORMAL,0.9,1.29,0.2,0.11,4.64,36.5,81.5,87.8,0.009,0.026,0.02,8.1,LOW
N6,NORMAL,0.59,1.13,0.44,0.086,2.73,24.4,86.6,70.5,0.017,0.017,0.014,6.4,LOW
N4,NORMAL,0.31,1.07,0.12,0.082,-1.28,32.1,83.8,60.2,0.024,0.018,0.003,3.4,LOW
N6,WARNING,2.09,2.93,3.22,0.568,6.49,25.8,68.4,93.6,0.285,0.772,0.097,41.2,MEDIUM
N2,NORMAL,0.61,0.22,0.93,0.115,2.83,32.0,85.9,63.4,0.041,0.082,0.002,6.2,LOW
N3,WARNING,1.71,4.68,3.66,0.665,28.46,30.3,85.4,94.0,0.298,0.27,0.128,46.8,MEDIUM
N1,WARNING,2.33,5.2,2.82,0.603,11.04,29.0,86.0,99.1,0.29,0.164,0.025,39.8,MEDIUM
N2,WARNING,3.35,6.29,2.31,0.52,34.06,24.1,76.4,82.7,0.116,0.435,0.179,53.3,HIGH
N2,NORMAL,1.09,2.48,0.56,0.171,-1.31,36.1,66.6,97.4,0.035,0.04,0.015,12.1,LOW
N2,WARNING,1.36,6.64,1.21,0.671,11.15,35.0,87.9,82.8,0.159,0.753,0.202,41.2,MEDIUM
N5,NORMAL,1.15,2.11,0.44,0.139,4.99,36.6,74.8,99.1,0.044,0.0,0.015,12.8,LOW
N6,SUBSIDENCE,6.91,23.58,6.9,1.083,75.24,31.0,91.0,98.2,1.204,2.158,1.008,100.0,CRITICAL
N6,WARNING,2.57,7.13,3.56,0.587,10.76,27.4,70.0,81.1,0.089,0.744,0.081,48.5,MEDIUM
N5,NORMAL,0.84,1.76,0.26,0.035,0.17,26.6,90.2,94.3,0.025,0.061,0.005,8.7,LOW
N3,NORMAL,0.41,1.49,0.44,0.043,4.58,36.0,88.7,83.2,0.0,0.019,0.007,7.6,LOW
N5,NORMAL,0.86,0.98,0.94,0.024,-1.29,32.1,92.1,94.1,0.046,0.095,0.01,8.8,LOW
N5,WARNING,3.18,4.54,3.49,0.22,19.61,25.1,68.6,63.3,0.109,0.125,0.162,41.1,MEDIUM
N5,NORMAL,1.17,0.29,0.27,0.124,3.76,30.6,89.6,87.3,0.03,0.098,0.007,9.5,LOW
N3,NORMAL,0.34,1.35,0.98,0.158,-0.66,30.3,70.4,60.6,0.009,0.083,0.004,9.6,LOW
N3,NORMAL,1.06,1.99,0.47,0.046,3.64,30.1,81.1,90.5,0.018,0.066,0.006,13.5,LOW
N4,WARNING,3.11,4.94,1.7,0.268,15.22,31.9,66.0,95.4,0.25,0.292,0.031,36.7,MEDIUM
N4,WARNING,2.76,3.91,2.41,0.601,32.47,32.4,79.9,71.7,0.269,0.149,0.039,45.5,MEDIUM
N4,WARNING,3.45,6.6,3.06,0.283,13.52,33.8,77.6,87.6,0.201,0.657,0.234,51.0,HIGH
N4,WARNING,1.36,5.8,3.68,0.543,5.23,35.4,71.1,76.4,0.224,0.609,0.144,41.4,MEDIUM
N6,NORMAL,0.99,1.59,0.99,0.031,-0.29,25.9,75.6,62.1,0.01,0.098,0.017,9.9,LOW
N2,NORMAL,0.8,0.96,0.26,0.104,3.57,27.0,78.4,81.5,0.02,0.076,0.009,7.6,LOW
N2,WARNING,2.26,4.01,1.56,0.72,13.92,37.8,89.8,83.3,0.226,0.338,0.243,42.3,MEDIUM
N4,NORMAL,0.7,0.96,0.12,0.033,1.26,33.0,75.5,60.1,0.049,0.025,0.008,5.4,LOW
N4,NORMAL,0.54,2.05,0.94,0.064,4.45,35.8,73.6,90.2,0.043,0.041,0.0,9.7,LOW
N1,NORMAL,0.73,0.71,0.65,0.142,1.32,27.4,88.3,90.0,0.037,0.04,0.02,7.9,LOW
N2,NORMAL,0.68,1.01,0.45,0.121,1.71,31.1,72.8,84.7,0.038,0.036,0.002,9.2,LOW
N1,NORMAL,0.67,1.99,0.58,0.089,-1.16,29.8,80.9,83.6,0.006,0.064,0.018,8.6,LOW
N1,SUBSIDENCE,7.56,10.2,14.6,1.223,76.69,35.9,80.9,69.4,1.463,0.82,0.788,100.0,CRITICAL
N5,NORMAL,0.87,2.0,0.36,0.068,1.82,28.4,78.7,95.6,0.018,0.084,0.016,10.3,LOW
N6,NORMAL,0.26,1.93,0.32,0.039,-1.18,28.2,71.0,79.1,0.014,0.055,0.018,4.0,LOW
N3,NORMAL,0.27,0.82,0.99,0.109,3.49,35.4,65.6,94.4,0.011,0.052,0.01,9.0,LOW
N2,WARNING,1.38,7.54,1.43,0.483,7.98,31.6,78.8,60.9,0.162,0.309,0.117,37.7,MEDIUM
N4,NORMAL,1.05,0.42,0.98,0.156,1.93,26.8,87.0,93.3,0.012,0.009,0.013,11.4,LOW
N4,SUBSIDENCE,11.91,26.66,21.54,1.265,97.72,27.9,78.3,99.5,0.84,2.15,0.586,100.0,CRITICAL
N3,SUBSIDENCE,6.3,25.06,8.11,1.913,39.14,32.7,88.1,81.4,1.734,2.686,1.166,100.0,CRITICAL
N2,NORMAL,0.87,1.78,0.53,0.057,-0.52,31.0,89.0,65.4,0.044,0.012,0.011,6.4,LOW
N4,SUBSIDENCE,9.34,30.42,16.62,2.893,77.19,36.6,68.9,87.2,1.689,2.09,0.481,100.0,CRITICAL
N4,SUBSIDENCE,8.17,8.05,8.32,2.461,59.73,27.6,73.5,85.5,0.94,3.025,1.164,100.0,CRITICAL
N5,WARNING,2.55,6.55,2.92,0.368,19.98,35.8,75.9,76.5,0.271,0.23,0.107,43.4,MEDIUM
N1,WARNING,1.93,7.45,2.99,0.299,27.49,33.7,88.8,97.3,0.06,0.377,0.229,45.7,MEDIUM
N4,NORMAL,0.95,0.4,0.23,0.1,-1.9,31.8,78.6,94.2,0.031,0.066,0.014,5.0,LOW
N6,NORMAL,0.94,1.61,0.05,0.131,1.91,29.9,91.8,64.2,0.035,0.031,0.016,9.9,LOW
N2,NORMAL,0.63,0.67,0.45,0.077,3.62,31.3,86.4,74.3,0.008,0.06,0.008,9.4,LOW
N6,NORMAL,0.5,0.38,0.55,0.087,3.69,27.7,76.8,66.8,0.022,0.097,0.003,7.6,LOW
N3,SUBSIDENCE,11.76,31.72,4.2,2.746,93.59,33.6,72.6,86.6,0.377,2.938,0.718,100.0,CRITICAL
N5,NORMAL,0.84,1.44,0.92,0.166,-1.67,31.3,65.7,87.1,0.014,0.036,0.001,9.7,LOW
N2,WARNING,1.21,2.68,3.5,0.324,7.44,30.9,81.6,90.1,0.15,0.136,0.193,30.6,MEDIUM
N5,WARNING,3.0,3.25,1.84,0.28,6.62,31.1,84.0,90.9,0.184,0.275,0.055,31.0,MEDIUM
N1,SUBSIDENCE,3.65,27.47,8.81,4.171,46.77,36.8,72.3,63.0,0.957,4.389,0.516,100.0,CRITICAL
N4,SUBSIDENCE,3.86,43.1,7.83,1.757,107.52,26.2,90.2,90.5,1.286,2.606,0.794,100.0,CRITICAL
N2,NORMAL,0.2,1.01,0.89,0.058,2.28,35.4,69.1,60.6,0.024,0.082,0.001,8.6,LOW
N3,NORMAL,0.76,0.79,0.71,0.095,2.24,30.9,78.1,86.2,0.034,0.093,0.016,6.8,LOW
N1,NORMAL,0.91,0.6,0.03,0.093,-1.3,24.4,81.6,78.6,0.014,0.058,0.003,3.8,LOW
N1,NORMAL,0.44,1.28,0.68,0.037,-0.21,29.6,68.6,70.1,0.04,0.067,0.005,7.3,LOW
N5,NORMAL,1.03,1.21,0.64,0.046,-0.72,28.6,81.9,79.7,0.047,0.084,0.016,9.0,LOW
N1,NORMAL,1.15,0.75,0.95,0.133,0.9,29.0,70.2,79.7,0.013,0.076,0.016,12.2,LOW
N2,WARNING,2.28,6.49,3.92,0.483,26.95,35.4,75.3,63.2,0.138,0.52,0.047,50.8,HIGH
N5,NORMAL,1.19,2.27,0.2,0.078,4.56,27.4,71.8,81.0,0.04,0.091,0.011,10.8,LOW
N1,NORMAL,1.12,1.65,0.03,0.11,2.26,26.0,87.5,67.9,0.029,0.069,0.006,8.8,LOW
N3,WARNING,1.46,4.48,3.5,0.227,10.87,33.4,90.3,68.2,0.169,0.301,0.186,34.2,MEDIUM
N6,NORMAL,0.81,1.98,0.06,0.026,1.91,29.6,84.3,88.1,0.029,0.039,0.001,7.9,LOW
N2,NORMAL,0.64,1.41,0.67,0.092,-0.16,32.7,79.1,92.8,0.011,0.075,0.01,8.8,LOW
N3,WARNING,2.34,7.93,1.73,0.259,16.21,32.4,82.7,71.7,0.28,0.697,0.077,45.6,MEDIUM
N3,WARNING,1.74,4.65,3.37,0.289,18.37,24.3,85.8,90.2,0.17,0.757,0.09,40.1,MEDIUM
N5,WARNING,2.82,6.35,2.45,0.191,26.9,27.7,90.5,64.2,0.284,0.21,0.036,42.7,MEDIUM
N4,NORMAL,0.89,0.34,0.03,0.163,3.39,24.7,84.4,87.4,0.03,0.017,0.006,9.0,LOW
N5,WARNING,1.95,4.36,2.89,0.719,16.84,36.2,90.4,87.0,0.173,0.589,0.099,46.0,MEDIUM
N2,WARNING,2.43,7.91,3.11,0.547,31.3,30.6,80.5,93.1,0.189,0.27,0.052,54.1,HIGH
N2,NORMAL,0.25,1.77,0.3,0.17,1.29,35.9,69.9,75.9,0.031,0.065,0.002,9.3,LOW
N5,WARNING,2.75,2.8,2.74,0.414,6.92,25.2,81.4,72.2,0.232,0.451,0.09,35.0,MEDIUM
N4,SUBSIDENCE,11.55,29.89,9.13,2.574,75.46,35.6,81.4,69.0,1.39,4.138,1.453,100.0,CRITICAL
N5,NORMAL,0.54,1.32,0.13,0.061,4.89,32.0,72.0,67.7,0.038,0.048,0.005,6.3,LOW
N2,NORMAL,0.2,1.0,0.54,0.045,-0.6,31.9,83.5,87.8,0.02,0.049,0.015,5.4,LOW
N4,SUBSIDENCE,7.33,20.7,18.41,3.608,46.55,31.4,90.3,85.1,1.73,4.241,1.339,100.0,CRITICAL
N2,WARNING,1.67,6.76,2.22,0.347,31.35,31.8,83.5,98.0,0.266,0.705,0.218,46.9,MEDIUM
N4,NORMAL,0.24,2.05,0.53,0.177,2.47,26.1,65.3,81.7,0.008,0.082,0.013,9.9,LOW
N4,WARNING,1.76,7.27,1.75,0.558,15.35,32.1,82.4,94.3,0.138,0.227,0.136,38.4,MEDIUM
N5,NORMAL,0.82,1.9,0.32,0.087,-1.87,35.4,85.3,98.8,0.004,0.039,0.004,9.0,LOW
N5,NORMAL,1.08,2.45,0.37,0.098,0.61,27.5,77.7,84.1,0.048,0.04,0.002,9.3,LOW
N5,NORMAL,0.78,1.95,0.65,0.099,-1.79,36.5,82.9,68.0,0.035,0.009,0.009,7.4,LOW
N4,SUBSIDENCE,10.37,19.12,14.39,2.944,89.83,26.8,78.7,74.9,0.397,3.961,0.392,100.0,CRITICAL
N4,SUBSIDENCE,3.96,14.14,11.91,3.61,44.1,30.5,78.8,76.4,0.457,3.778,0.865,100.0,CRITICAL
N2,NORMAL,0.96,0.22,0.43,0.045,0.16,33.3,88.9,92.6,0.006,0.043,0.013,6.2,LOW
N3,NORMAL,0.76,1.01,0.05,0.026,-1.21,30.5,87.1,80.6,0.049,0.079,0.008,6.4,LOW
N5,NORMAL,0.5,1.0,0.21,0.162,0.9,28.5,87.6,91.6,0.038,0.057,0.015,8.7,LOW
N6,SUBSIDENCE,4.39,11.38,21.74,1.157,86.36,31.4,73.2,86.6,1.422,1.035,1.183,100.0,CRITICAL
N2,SUBSIDENCE,10.58,29.19,19.67,0.827,90.4,29.3,70.0,95.4,0.554,1.858,0.965,100.0,CRITICAL
N2,WARNING,3.29,2.7,2.5,0.296,30.9,24.8,68.8,79.9,0.166,0.435,0.164,41.8,MEDIUM
N1,WARNING,3.42,7.14,3.67,0.258,33.76,34.5,87.1,89.4,0.232,0.328,0.219,54.1,HIGH
N5,WARNING,3.04,7.72,1.41,0.75,31.17,34.9,83.1,71.2,0.16,0.21,0.124,53.7,HIGH
N2,NORMAL,0.55,2.39,0.8,0.04,1.82,34.0,82.3,61.8,0.047,0.003,0.001,10.1,LOW
N1,NORMAL,1.2,1.53,0.49,0.092,2.9,32.6,89.2,92.7,0.023,0.066,0.01,10.5,LOW
N6,NORMAL,1.03,0.67,0.06,0.154,-1.7,36.6,83.8,98.7,0.011,0.053,0.017,6.0,LOW
N6,WARNING,2.88,5.4,1.4,0.424,29.67,26.4,68.0,91.8,0.121,0.505,0.246,43.9,MEDIUM
N5,WARNING,1.26,6.04,2.01,0.593,8.61,30.8,70.3,84.0,0.133,0.112,0.074,35.2,MEDIUM
N4,NORMAL,0.23,1.91,0.92,0.082,1.7,34.3,71.4,87.8,0.024,0.079,0.02,8.4,LOW
N1,SUBSIDENCE,8.73,15.77,8.34,3.002,95.59,35.7,81.3,92.6,1.444,3.044,1.422,100.0,CRITICAL
N4,NORMAL,0.42,0.81,0.97,0.172,4.16,26.8,78.4,78.6,0.011,0.059,0.011,11.2,LOW
N6,NORMAL,0.36,2.4,0.49,0.104,2.19,27.4,83.1,75.2,0.044,0.053,0.011,8.5,LOW
N6,WARNING,2.69,4.15,3.15,0.533,19.23,26.4,67.5,61.6,0.074,0.539,0.218,45.9,MEDIUM
N3,WARNING,1.27,7.13,3.18,0.295,32.51,25.1,75.4,64.1,0.084,0.362,0.124,44.7,MEDIUM
N3,WARNING,3.02,2.76,1.05,0.598,28.43,25.6,79.5,79.6,0.174,0.323,0.074,40.7,MEDIUM
N3,NORMAL,0.6,1.99,0.1,0.127,0.81,27.2,95.0,95.5,0.012,0.068,0.004,6.7,LOW
N3,NORMAL,0.87,0.93,0.54,0.04,0.34,35.3,90.7,67.0,0.003,0.061,0.017,7.9,LOW
N2,WARNING,2.7,7.76,3.35,0.182,31.47,25.6,86.9,60.1,0.226,0.185,0.092,49.6,MEDIUM
N3,NORMAL,0.61,2.5,0.85,0.114,2.86,34.7,70.5,74.9,0.03,0.081,0.018,13.5,LOW
N2,NORMAL,0.96,2.09,0.63,0.134,-0.78,35.2,70.8,74.1,0.019,0.053,0.02,10.7,LOW
N2,WARNING,1.7,3.34,1.36,0.73,32.2,33.1,87.0,91.6,0.171,0.484,0.213,42.2,MEDIUM
N5,NORMAL,0.63,2.44,0.63,0.121,-1.01,36.7,90.7,86.9,0.049,0.007,0.02,9.6,LOW
N2,WARNING,2.6,7.98,3.92,0.643,7.61,25.7,75.4,60.8,0.143,0.706,0.182,50.9,HIGH
N2,WARNING,3.25,6.61,2.31,0.613,33.0,33.9,94.8,66.5,0.12,0.3,0.131,55.2,HIGH
N3,NORMAL,0.48,1.04,0.73,0.162,-0.71,32.9,71.1,77.6,0.036,0.091,0.002,7.9,LOW
N2,NORMAL,0.24,1.77,0.4,0.111,1.66,32.3,82.2,72.6,0.035,0.09,0.006,8.1,LOW
N4,WARNING,2.35,2.72,2.28,0.334,30.92,35.4,75.6,93.9,0.139,0.235,0.142,39.1,MEDIUM
N3,WARNING,1.95,6.55,1.35,0.215,27.13,37.8,70.1,72.0,0.142,0.375,0.152,38.7,MEDIUM
N1,WARNING,2.69,6.36,3.12,0.519,22.65,29.8,71.5,64.2,0.087,0.684,0.022,51.3,HIGH
N3,WARNING,1.93,6.11,2.49,0.678,22.99,26.5,93.7,78.7,0.113,0.461,0.072,46.3,MEDIUM
N2,WARNING,2.7,7.3,1.97,0.63,28.66,27.8,88.3,66.5,0.256,0.233,0.241,50.8,HIGH
N4,SUBSIDENCE,11.36,23.83,16.04,3.683,56.18,32.6,81.4,63.1,0.883,1.96,0.604,100.0,CRITICAL
N3,NORMAL,0.84,1.17,0.89,0.162,3.04,37.6,93.7,64.4,0.043,0.092,0.012,12.3,LOW
N4,NORMAL,0.68,0.46,0.68,0.142,4.19,25.8,79.6,93.3,0.033,0.045,0.003,8.3,LOW
N1,NORMAL,0.93,2.23,0.81,0.053,-0.6,27.7,65.7,82.9,0.023,0.019,0.004,9.4,LOW
N6,NORMAL,0.54,0.75,0.13,0.093,2.21,34.3,72.1,79.4,0.049,0.025,0.001,6.8,LOW
N1,NORMAL,0.99,0.29,0.14,0.036,-0.36,24.6,67.2,82.6,0.009,0.032,0.015,4.6,LOW
N6,NORMAL,0.67,1.29,0.52,0.139,2.03,27.4,91.1,75.2,0.023,0.008,0.019,9.2,LOW
N5,SUBSIDENCE,9.31,24.8,10.37,2.869,75.21,28.2,75.1,98.9,0.649,2.044,0.293,100.0,CRITICAL
N6,NORMAL,0.68,1.81,0.67,0.177,1.89,34.6,68.1,79.2,0.029,0.03,0.013,9.8,LOW
N5,NORMAL,0.56,0.46,0.34,0.106,2.55,29.9,93.2,61.2,0.014,0.048,0.015,5.8,LOW
N3,NORMAL,0.39,0.51,0.54,0.048,3.19,32.8,70.9,89.5,0.046,0.021,0.018,3.8,LOW
N5,NORMAL,0.2,1.79,0.86,0.172,-1.62,34.8,87.3,88.7,0.003,0.093,0.016,10.5,LOW
N4,NORMAL,0.77,2.07,0.03,0.138,2.08,35.1,93.7,70.7,0.045,0.094,0.005,10.3,LOW
N5,NORMAL,1.04,1.55,0.39,0.152,4.09,29.8,67.1,71.8,0.014,0.079,0.001,10.7,LOW
N4,NORMAL,1.15,1.89,0.76,0.042,2.05,27.9,92.0,66.8,0.019,0.073,0.003,9.9,LOW
N6,WARNING,2.65,4.23,1.25,0.307,31.08,31.3,73.4,73.8,0.278,0.394,0.163,39.0,MEDIUM
N6,SUBSIDENCE,7.98,33.73,10.3,3.161,107.07,26.5,88.0,85.0,0.337,1.406,1.395,100.0,CRITICAL
N6,SUBSIDENCE,3.91,8.03,13.04,1.155,100.42,37.2,86.6,88.7,1.021,1.667,0.46,100.0,CRITICAL
N5,WARNING,1.4,5.93,3.61,0.617,8.54,37.2,89.7,87.2,0.287,0.149,0.148,40.1,MEDIUM
N6,NORMAL,1.04,1.75,0.05,0.076,0.99,27.2,84.7,95.1,0.027,0.023,0.018,7.7,LOW
N5,SUBSIDENCE,9.73,13.03,21.13,1.067,50.01,28.8,94.4,65.6,0.509,3.268,1.259,100.0,CRITICAL
N5,SUBSIDENCE,6.18,26.14,18.56,2.049,48.49,25.8,73.3,89.6,0.997,2.563,0.27,100.0,CRITICAL
N2,NORMAL,0.5,0.69,0.11,0.065,1.37,34.3,79.0,77.8,0.005,0.001,0.003,4.9,LOW
N2,WARNING,1.25,6.41,1.61,0.232,30.26,37.5,83.7,62.7,0.171,0.624,0.209,40.9,MEDIUM
N5,NORMAL,0.71,1.37,0.06,0.069,0.89,35.9,71.9,60.2,0.008,0.001,0.015,5.2,LOW
N4,WARNING,3.25,3.24,2.21,0.389,9.93,37.6,70.7,93.9,0.2,0.743,0.138,40.5,MEDIUM
N3,SUBSIDENCE,5.68,17.27,6.12,3.73,89.38,38.5,83.1,76.3,0.812,2.093,1.306,100.0,CRITICAL
N1,NORMAL,0.16,0.49,0.14,0.064,-0.2,31.1,65.5,62.7,0.027,0.094,0.017,3.0,LOW
N2,SUBSIDENCE,10.81,18.49,9.73,1.232,51.73,30.4,78.5,67.3,0.671,2.325,1.029,100.0,CRITICAL
N5,WARNING,1.33,4.42,1.19,0.351,30.13,33.0,94.6,72.0,0.142,0.235,0.227,33.2,MEDIUM
N1,SUBSIDENCE,5.2,19.02,18.62,1.273,53.08,39.2,84.9,74.5,1.352,3.531,1.449,100.0,CRITICAL
N2,NORMAL,0.6,1.21,0.39,0.074,-0.82,32.6,70.8,95.1,0.018,0.097,0.018,8.9,LOW
N3,WARNING,1.92,5.5,3.74,0.371,32.4,29.2,81.6,73.9,0.109,0.75,0.102,48.1,MEDIUM
N4,NORMAL,0.59,1.35,0.49,0.174,-0.03,25.0,79.4,82.0,0.014,0.084,0.008,7.7,LOW
N5,NORMAL,0.78,0.74,0.97,0.138,3.04,35.4,66.0,90.2,0.044,0.003,0.012,12.1,LOW
N3,NORMAL,1.19,1.56,0.42,0.093,2.76,29.8,87.4,85.8,0.028,0.079,0.008,11.3,LOW
N2,SUBSIDENCE,10.11,40.83,8.74,1.837,74.52,33.5,86.4,80.9,1.696,3.888,0.836,100.0,CRITICAL
N5,WARNING,1.43,4.44,1.14,0.562,15.11,29.3,71.6,68.6,0.235,0.401,0.03,35.7,MEDIUM
N1,SUBSIDENCE,6.71,44.2,21.28,3.522,53.41,37.2,81.9,74.9,1.446,0.857,0.32,100.0,CRITICAL
N6,SUBSIDENCE,9.79,12.23,9.16,3.26,50.54,37.9,78.1,84.0,1.201,2.456,0.503,100.0,CRITICAL
N4,NORMAL,0.38,1.0,0.05,0.097,0.41,30.4,70.9,98.9,0.016,0.089,0.014,4.4,LOW
N2,NORMAL,0.18,0.51,0.27,0.173,-0.05,32.5,76.5,99.4,0.025,0.076,0.019,5.6,LOW
N4,NORMAL,0.13,2.11,0.28,0.151,-0.86,32.4,87.8,96.4,0.017,0.006,0.004,8.9,LOW
N5,NORMAL,0.23,0.52,0.94,0.143,1.78,29.2,84.5,84.0,0.024,0.016,0.008,9.4,LOW
N6,NORMAL,0.17,2.15,0.94,0.145,-0.75,34.9,67.3,88.7,0.009,0.073,0.009,8.7,LOW
N3,NORMAL,0.57,0.27,0.55,0.132,1.7,36.9,92.2,68.0,0.006,0.082,0.006,4.6,LOW
N4,NORMAL,0.62,0.52,0.68,0.156,2.54,32.6,93.6,87.8,0.013,0.008,0.001,7.7,LOW
N1,NORMAL,0.9,0.96,0.59,0.071,4.31,33.8,72.7,79.4,0.007,0.063,0.015,5.3,LOW
N2,NORMAL,0.83,2.34,0.5,0.068,0.71,26.2,90.3,67.3,0.027,0.098,0.013,11.1,LOW
N1,NORMAL,0.14,0.43,0.79,0.164,-0.12,24.9,66.7,77.6,0.025,0.06,0.008,5.7,LOW
N4,SUBSIDENCE,10.28,11.13,7.7,1.681,76.93,32.3,74.8,68.5,0.365,3.982,0.838,100.0,CRITICAL
N6,WARNING,2.04,7.52,1.28,0.215,8.43,29.9,80.2,60.1,0.244,0.134,0.097,31.3,MEDIUM
N3,SUBSIDENCE,7.64,15.21,5.76,2.59,90.81,35.4,85.9,76.5,1.702,4.177,0.749,100.0,CRITICAL
N3,NORMAL,0.21,1.08,0.99,0.109,0.39,32.9,82.5,98.3,0.037,0.069,0.012,6.2,LOW
N1,NORMAL,0.66,1.56,0.47,0.116,4.24,29.6,89.6,69.3,0.017,0.05,0.009,10.5,LOW
N5,WARNING,2.35,7.59,1.48,0.183,12.96,28.5,88.1,90.1,0.281,0.161,0.052,32.7,MEDIUM
N5,NORMAL,0.2,2.35,0.24,0.065,0.7,31.9,90.7,63.1,0.032,0.052,0.019,8.0,LOW
N6,NORMAL,1.04,0.65,0.36,0.071,0.36,28.1,89.1,81.6,0.046,0.044,0.005,8.6,LOW
N3,NORMAL,0.59,2.33,0.93,0.141,1.63,35.9,82.5,84.7,0.006,0.071,0.016,12.6,LOW
N1,NORMAL,0.88,2.21,0.05,0.11,0.58,25.7,67.7,73.9,0.042,0.013,0.018,7.6,LOW
N1,NORMAL,1.19,1.66,0.03,0.06,-0.96,32.6,71.5,93.2,0.0,0.051,0.008,7.2,LOW
N1,NORMAL,0.52,1.31,0.73,0.047,-0.16,30.8,87.5,80.3,0.008,0.077,0.002,6.7,LOW
N4,WARNING,2.37,2.85,3.35,0.524,25.03,33.3,92.0,85.5,0.241,0.492,0.137,43.4,MEDIUM
N6,NORMAL,0.97,1.3,0.59,0.049,1.42,32.1,73.6,93.7,0.007,0.047,0.001,6.8,LOW
N5,NORMAL,0.51,2.31,0.47,0.156,0.08,33.2,73.7,79.4,0.023,0.063,0.005,10.6,LOW
N5,WARNING,1.25,2.93,1.68,0.64,24.81,29.1,90.1,77.1,0.273,0.733,0.106,39.6,MEDIUM
N4,NORMAL,1.04,1.36,0.42,0.065,-1.11,26.4,76.7,82.2,0.026,0.033,0.005,10.0,LOW
N2,NORMAL,1.02,2.09,0.86,0.112,1.92,25.2,91.4,74.9,0.045,0.029,0.003,12.7,LOW
N4,SUBSIDENCE,7.74,37.71,10.72,3.744,59.13,27.2,68.3,86.0,1.399,3.269,0.502,100.0,CRITICAL
N6,NORMAL,0.11,1.72,0.78,0.068,3.22,30.8,94.4,96.3,0.008,0.096,0.005,9.7,LOW
N1,NORMAL,0.83,1.05,0.7,0.094,-1.24,33.3,65.9,67.9,0.04,0.087,0.008,8.3,LOW
N4,NORMAL,0.73,0.83,0.94,0.154,2.59,28.3,82.9,77.4,0.05,0.024,0.018,12.2,LOW
N1,NORMAL,0.59,1.95,0.35,0.101,-0.52,27.7,73.8,88.0,0.038,0.055,0.005,8.3,LOW
N6,NORMAL,0.75,2.09,0.57,0.069,4.74,34.1,77.4,78.7,0.044,0.028,0.018,12.0,LOW
N6,WARNING,2.23,6.88,1.53,0.213,19.95,33.4,93.8,89.3,0.123,0.495,0.245,41.2,MEDIUM
N3,NORMAL,0.18,2.25,0.2,0.158,3.24,32.5,67.5,95.6,0.042,0.025,0.016,8.5,LOW
N1,NORMAL,1.06,1.52,0.45,0.084,2.22,28.3,85.0,85.9,0.042,0.057,0.003,9.6,LOW
N5,NORMAL,0.67,0.75,0.27,0.097,0.76,31.0,77.8,87.2,0.016,0.083,0.01,7.3,LOW
N4,NORMAL,0.29,2.37,0.1,0.134,2.93,29.1,77.7,92.1,0.006,0.099,0.001,9.3,LOW
N6,WARNING,1.27,5.56,1.61,0.506,24.39,35.9,92.8,77.5,0.059,0.147,0.04,37.2,MEDIUM
N1,NORMAL,1.06,1.3,0.4,0.105,3.53,36.8,68.7,88.2,0.011,0.03,0.017,11.0,LOW
N2,NORMAL,0.11,0.77,0.07,0.102,0.4,28.1,66.4,94.1,0.007,0.0,0.008,4.2,LOW
N3,NORMAL,0.55,1.98,0.42,0.031,0.76,33.2,94.9,96.6,0.044,0.001,0.018,5.1,LOW
N2,NORMAL,1.06,0.29,0.28,0.08,2.9,26.2,78.7,83.1,0.032,0.017,0.015,8.8,LOW
N6,NORMAL,1.06,1.65,0.95,0.179,1.56,31.0,76.0,71.4,0.003,0.003,0.017,12.2,LOW
N2,WARNING,1.85,2.9,1.91,0.548,16.56,25.6,78.5,61.7,0.287,0.568,0.219,38.9,MEDIUM
N2,NORMAL,1.08,0.54,0.81,0.168,1.09,33.0,65.0,91.4,0.019,0.06,0.015,10.1,LOW
N3,NORMAL,0.26,1.23,0.28,0.168,1.51,27.3,77.4,99.4,0.026,0.008,0.018,3.2,LOW
N3,NORMAL,0.23,1.85,0.26,0.087,0.93,35.9,92.3,72.5,0.047,0.001,0.007,8.9,LOW
N3,WARNING,1.76,5.04,3.24,0.268,28.53,32.8,83.7,90.2,0.178,0.199,0.175,42.5,MEDIUM
N3,NORMAL,0.3,1.8,0.89,0.105,1.4,36.0,80.0,93.6,0.04,0.015,0.007,11.6,LOW
N2,WARNING,1.78,4.64,3.47,0.273,31.84,30.4,87.3,82.2,0.127,0.781,0.21,51.5,HIGH
N5,WARNING,3.16,5.35,3.96,0.256,25.29,29.1,66.4,77.1,0.111,0.234,0.114,42.5,MEDIUM
N5,SUBSIDENCE,11.59,25.27,9.43,4.024,72.93,29.0,74.7,75.8,0.731,3.697,0.53,100.0,CRITICAL
N3,NORMAL,0.74,1.39,0.74,0.135,-1.68,36.5,74.7,98.5,0.007,0.022,0.012,8.0,LOW
N4,NORMAL,0.29,2.33,0.8,0.082,-0.56,32.0,88.0,81.1,0.02,0.021,0.011,8.5,LOW
N1,WARNING,1.99,7.51,1.23,0.641,17.29,25.7,78.8,74.0,0.095,0.184,0.071,38.8,MEDIUM
N6,SUBSIDENCE,6.53,13.8,15.88,2.847,108.67,26.5,84.4,76.3,0.551,3.886,0.292,100.0,CRITICAL
N4,SUBSIDENCE,5.46,8.1,15.94,2.271,47.81,32.6,73.3,70.9,1.758,2.098,0.629,100.0,CRITICAL
N6,NORMAL,1.16,0.8,0.61,0.026,-0.92,28.6,86.0,85.0,0.001,0.053,0.01,5.0,LOW
N4,NORMAL,0.76,0.97,0.33,0.16,1.81,26.6,73.5,85.2,0.014,0.054,0.005,9.6,LOW
N4,NORMAL,0.67,0.58,0.91,0.1,3.56,30.4,92.1,88.7,0.017,0.096,0.015,7.6,LOW
N5,WARNING,2.19,7.86,1.9,0.326,31.84,26.5,74.4,65.0,0.227,0.342,0.073,47.3,MEDIUM
N1,NORMAL,0.26,1.99,0.06,0.09,0.83,25.2,87.0,65.9,0.048,0.047,0.003,5.4,LOW
N4,NORMAL,1.13,1.49,0.4,0.129,-0.61,30.0,87.8,96.7,0.019,0.003,0.018,10.6,LOW
N3,WARNING,2.7,4.57,2.86,0.385,22.02,30.9,70.7,95.7,0.158,0.205,0.199,44.2,MEDIUM
N6,NORMAL,1.04,1.49,0.97,0.168,4.28,35.6,91.1,90.1,0.007,0.029,0.008,12.8,LOW
N5,SUBSIDENCE,7.52,13.99,4.63,3.163,109.56,28.1,89.9,85.0,0.818,2.904,1.263,100.0,CRITICAL
N6,NORMAL,0.73,1.95,0.24,0.118,-0.32,34.0,80.4,87.8,0.009,0.062,0.005,7.8,LOW
N3,NORMAL,1.08,0.52,0.07,0.084,3.02,25.1,82.4,73.8,0.044,0.003,0.016,8.2,LOW
N3,NORMAL,0.12,0.42,0.35,0.173,-0.92,27.7,83.5,77.4,0.014,0.099,0.01,5.9,LOW
N4,WARNING,3.17,2.54,3.99,0.218,21.11,36.0,77.9,72.0,0.224,0.485,0.089,43.1,MEDIUM
N3,NORMAL,0.95,0.54,0.21,0.06,1.04,37.6,89.2,65.4,0.001,0.099,0.012,7.6,LOW
N1,NORMAL,0.33,0.28,0.83,0.115,-0.49,27.7,74.4,86.7,0.049,0.074,0.014,7.8,LOW
N3,SUBSIDENCE,8.55,31.95,19.82,1.303,43.73,38.2,81.8,82.7,1.147,2.651,0.754,100.0,CRITICAL
N4,NORMAL,0.5,0.99,0.99,0.12,3.78,28.8,81.9,66.2,0.022,0.019,0.006,9.9,LOW
N6,NORMAL,0.53,0.43,0.5,0.172,0.37,30.7,76.9,95.7,0.002,0.061,0.013,6.9,LOW
N3,NORMAL,1.13,1.75,0.5,0.031,0.11,36.1,92.4,89.7,0.014,0.006,0.017,8.9,LOW
N5,NORMAL,0.88,1.3,0.86,0.102,-1.79,30.2,79.9,64.3,0.029,0.039,0.01,11.2,LOW
N5,WARNING,1.23,4.37,1.76,0.323,33.11,34.9,94.5,78.6,0.255,0.109,0.022,34.6,MEDIUM
N5,NORMAL,0.58,0.83,0.67,0.095,-0.83,34.8,86.0,73.1,0.024,0.038,0.018,8.7,LOW
N6,NORMAL,0.25,2.19,0.34,0.115,2.14,30.5,70.2,93.4,0.046,0.017,0.015,7.8,LOW
N2,NORMAL,1.0,0.29,0.71,0.045,2.27,32.4,68.0,89.8,0.032,0.067,0.002,7.4,LOW
N5,WARNING,1.35,6.67,3.65,0.35,28.35,28.0,70.8,96.6,0.154,0.658,0.178,48.3,MEDIUM
N5,NORMAL,1.02,1.72,0.35,0.102,1.91,34.1,79.8,90.4,0.004,0.097,0.002,9.8,LOW
N2,NORMAL,0.39,1.11,0.53,0.039,3.96,32.3,85.7,94.7,0.05,0.042,0.008,7.6,LOW
N6,NORMAL,0.51,1.96,0.24,0.129,1.27,30.8,91.9,87.0,0.033,0.038,0.006,7.4,LOW
N5,NORMAL,0.77,1.86,0.73,0.067,-0.37,33.7,65.2,64.4,0.025,0.015,0.009,5.4,LOW
N4,NORMAL,1.16,2.33,0.42,0.114,-0.91,29.7,74.3,87.3,0.017,0.079,0.017,11.5,LOW
N6,NORMAL,0.89,2.46,0.7,0.058,-1.58,30.2,73.6,97.0,0.013,0.023,0.002,8.9,LOW
N5,WARNING,2.13,7.32,1.92,0.654,18.64,28.3,85.5,81.2,0.058,0.441,0.072,42.9,MEDIUM
N5,NORMAL,1.08,2.35,0.69,0.158,-0.63,33.3,90.2,71.9,0.004,0.033,0.007,11.2,LOW
N2,SUBSIDENCE,7.11,11.88,11.43,1.49,63.68,30.2,94.1,87.2,0.7,3.792,0.255,100.0,CRITICAL
N4,SUBSIDENCE,10.06,39.82,10.51,0.978,65.8,37.1,66.1,73.4,1.279,2.172,0.81,100.0,CRITICAL
N6,NORMAL,0.64,0.89,0.45,0.084,4.47,24.6,74.0,61.1,0.025,0.048,0.005,9.1,LOW
N3,NORMAL,1.01,0.67,0.91,0.162,2.65,31.1,93.5,92.7,0.043,0.088,0.016,12.9,LOW
N1,NORMAL,0.24,1.17,0.54,0.105,0.66,31.0,88.6,87.7,0.027,0.009,0.013,6.7,LOW
N4,WARNING,1.46,4.43,3.21,0.372,22.01,30.7,87.2,73.2,0.29,0.156,0.064,39.3,MEDIUM
N3,NORMAL,0.23,0.93,0.64,0.147,4.84,37.0,81.0,87.6,0.038,0.049,0.006,9.2,LOW
N4,NORMAL,0.62,0.76,0.55,0.154,0.68,37.6,76.6,79.9,0.033,0.004,0.019,5.9,LOW
N3,NORMAL,0.28,0.65,0.6,0.12,0.39,26.1,81.5,62.3,0.019,0.051,0.019,5.5,LOW
N3,WARNING,2.25,4.68,1.49,0.273,18.5,28.2,81.0,89.8,0.082,0.306,0.036,32.0,MEDIUM
N4,WARNING,3.11,4.36,3.82,0.317,7.42,36.6,88.3,93.3,0.281,0.478,0.101,41.9,MEDIUM
N2,NORMAL,0.42,2.21,0.65,0.138,0.19,33.3,79.9,88.0,0.012,0.041,0.012,7.5,LOW
N4,WARNING,2.83,6.16,1.75,0.434,27.97,26.4,71.7,78.4,0.272,0.451,0.247,48.0,MEDIUM
N4,NORMAL,0.66,1.18,0.43,0.098,0.24,35.4,75.9,76.2,0.007,0.096,0.016,9.2,LOW
N3,NORMAL,1.13,2.44,0.94,0.123,-0.3,28.4,71.0,70.6,0.03,0.059,0.018,10.3,LOW
N1,SUBSIDENCE,5.57,31.99,18.62,2.02,48.23,33.2,72.7,96.7,0.815,2.822,1.081,100.0,CRITICAL
N3,NORMAL,0.58,1.26,0.97,0.159,3.64,26.9,94.7,66.9,0.009,0.084,0.009,14.3,LOW
N5,NORMAL,1.11,0.2,0.44,0.025,4.39,34.9,87.4,61.3,0.006,0.067,0.013,11.0,LOW
N4,NORMAL,0.53,0.94,0.97,0.144,2.96,27.2,85.9,80.3,0.022,0.089,0.0,9.9,LOW
N6,SUBSIDENCE,8.04,23.4,7.0,1.323,57.09,38.1,68.6,70.9,1.002,3.849,0.809,100.0,CRITICAL
N4,WARNING,1.36,5.31,1.27,0.634,6.19,32.2,76.6,67.9,0.169,0.394,0.067,35.7,MEDIUM
N2,WARNING,3.1,6.13,1.04,0.466,13.14,25.2,92.9,65.8,0.279,0.608,0.161,42.3,MEDIUM
N6,WARNING,2.24,6.25,2.48,0.683,30.06,34.1,87.1,73.8,0.084,0.532,0.032,52.1,HIGH
N3,NORMAL,0.97,1.7,0.5,0.093,-1.24,32.3,73.7,69.9,0.027,0.016,0.013,8.6,LOW
N2,NORMAL,0.62,1.38,0.8,0.069,0.82,31.8,75.8,84.1,0.017,0.039,0.011,10.8,LOW
N4,NORMAL,0.78,1.41,0.45,0.032,1.79,32.2,72.1,66.5,0.036,0.022,0.016,6.7,LOW
N3,NORMAL,0.37,1.95,0.25,0.129,1.82,31.5,67.0,66.4,0.027,0.085,0.017,9.6,LOW
N3,NORMAL,1.14,0.51,0.84,0.106,-1.2,29.4,83.2,85.1,0.046,0.093,0.012,11.2,LOW
N5,SUBSIDENCE,8.79,35.14,5.21,1.104,56.21,33.1,70.6,74.2,0.825,3.161,0.465,100.0,CRITICAL
N5,NORMAL,1.13,2.26,0.95,0.115,1.51,30.5,85.3,89.1,0.042,0.008,0.02,10.6,LOW
N1,NORMAL,0.79,2.25,0.29,0.105,1.01,30.9,81.1,79.7,0.035,0.04,0.018,11.1,LOW
N5,NORMAL,0.78,1.37,0.94,0.041,-1.91,37.5,70.5,87.8,0.026,0.076,0.013,9.3,LOW
N6,NORMAL,1.0,2.3,0.53,0.078,4.69,27.9,83.4,81.6,0.04,0.047,0.013,11.0,LOW
N3,SUBSIDENCE,3.83,40.03,12.82,2.405,56.26,26.9,75.0,99.1,0.595,1.878,1.062,100.0,CRITICAL
N5,NORMAL,0.4,2.42,0.1,0.147,1.08,28.9,83.1,69.2,0.01,0.079,0.0,8.6,LOW
N1,NORMAL,0.47,0.41,0.85,0.088,-0.98,31.0,92.2,67.4,0.01,0.028,0.005,4.6,LOW
N4,WARNING,2.24,6.15,1.55,0.268,9.66,36.6,93.6,75.9,0.27,0.598,0.097,36.0,MEDIUM
N6,NORMAL,0.66,1.02,0.23,0.145,2.54,30.7,67.2,65.0,0.018,0.001,0.015,5.3,LOW
N5,NORMAL,0.79,1.46,0.24,0.042,4.19,27.5,84.7,79.6,0.007,0.009,0.012,9.1,LOW
N3,NORMAL,0.33,0.36,0.07,0.114,3.31,36.1,83.9,87.8,0.034,0.059,0.004,4.6,LOW
N4,NORMAL,0.35,0.8,0.91,0.096,1.88,36.6,86.9,81.8,0.006,0.039,0.018,8.4,LOW
N3,SUBSIDENCE,11.41,40.26,19.23,3.792,68.99,33.8,67.1,65.5,1.088,2.369,1.175,100.0,CRITICAL
N4,WARNING,1.64,6.19,1.33,0.488,30.23,35.6,93.1,75.6,0.287,0.4,0.143,43.1,MEDIUM
N6,NORMAL,0.49,1.24,0.25,0.158,0.23,32.5,82.6,71.8,0.022,0.032,0.002,6.9,LOW
N3,WARNING,1.27,7.65,2.07,0.487,9.31,36.0,73.7,94.9,0.113,0.405,0.149,36.5,MEDIUM
N5,NORMAL,0.6,1.2,0.4,0.162,-0.24,31.0,95.0,84.3,0.043,0.009,0.019,9.2,LOW
N5,NORMAL,0.23,0.34,0.19,0.087,3.23,28.2,75.7,72.0,0.0,0.026,0.012,2.3,LOW
N1,NORMAL,1.15,0.35,0.91,0.072,-0.27,31.7,79.3,99.1,0.044,0.029,0.02,9.1,LOW
N4,NORMAL,0.35,2.29,0.59,0.141,2.07,29.6,75.4,88.5,0.031,0.015,0.003,9.2,LOW
N1,NORMAL,0.9,1.5,0.4,0.128,2.81,29.2,77.6,93.9,0.04,0.081,0.001,11.6,LOW
N2,WARNING,2.35,5.19,2.66,0.253,21.96,37.4,67.4,90.9,0.188,0.628,0.166,43.3,MEDIUM
N5,SUBSIDENCE,9.89,17.97,16.57,3.025,57.4,39.2,71.7,65.4,1.386,4.243,0.632,100.0,CRITICAL
N4,NORMAL,0.18,0.69,0.34,0.137,-1.5,24.6,71.8,69.2,0.025,0.052,0.005,4.6,LOW
N6,NORMAL,0.86,0.74,0.34,0.028,2.37,33.5,74.8,88.4,0.024,0.034,0.014,7.0,LOW
N1,NORMAL,0.48,0.71,0.72,0.136,4.06,26.4,93.2,72.3,0.025,0.023,0.017,9.9,LOW
N6,NORMAL,0.12,0.63,0.41,0.029,0.87,27.2,77.6,90.4,0.01,0.002,0.006,4.2,LOW
N6,NORMAL,0.66,1.97,0.34,0.022,4.46,32.2,91.5,94.7,0.016,0.053,0.009,7.6,LOW
N6,NORMAL,1.18,1.42,0.92,0.097,-1.69,25.1,75.8,99.3,0.007,0.033,0.015,10.3,LOW
N1,WARNING,3.01,5.65,1.19,0.188,8.16,24.7,67.7,77.1,0.132,0.524,0.065,33.1,MEDIUM
N2,NORMAL,0.95,2.09,0.29,0.126,0.75,31.0,65.8,76.7,0.049,0.04,0.008,12.9,LOW
N1,NORMAL,1.01,1.61,0.97,0.072,-0.87,31.1,87.6,84.0,0.038,0.004,0.003,6.5,LOW
N3,NORMAL,1.19,1.71,0.72,0.179,2.15,36.8,90.6,72.3,0.036,0.03,0.011,14.5,LOW
N5,NORMAL,0.49,2.15,0.28,0.162,3.42,26.0,78.7,94.5,0.008,0.072,0.017,10.0,LOW
N1,NORMAL,0.32,1.23,0.61,0.036,-0.52,24.4,92.8,94.9,0.023,0.037,0.006,3.7,LOW
N1,WARNING,2.1,3.5,1.21,0.25,23.06,33.7,80.5,74.9,0.233,0.209,0.046,30.2,MEDIUM
N2,NORMAL,0.9,1.25,0.47,0.023,0.21,26.5,67.7,61.9,0.0,0.092,0.006,7.6,LOW
N3,WARNING,3.24,3.43,2.85,0.551,14.53,25.0,74.0,78.5,0.258,0.25,0.036,40.3,MEDIUM
N1,NORMAL,0.79,1.88,0.18,0.129,-0.72,33.2,92.1,63.2,0.05,0.096,0.002,9.7,LOW
N5,NORMAL,0.24,1.0,0.1,0.162,4.13,30.2,91.4,85.5,0.047,0.02,0.001,6.5,LOW
N5,NORMAL,1.2,2.28,0.39,0.026,-1.96,36.2,82.0,63.9,0.032,0.092,0.009,10.0,LOW
N1,WARNING,3.04,5.21,1.15,0.644,27.73,30.1,70.0,66.4,0.164,0.114,0.1,41.7,MEDIUM
N6,NORMAL,0.28,1.05,0.82,0.141,-1.93,36.4,70.5,79.1,0.0,0.008,0.009,2.7,LOW
N6,WARNING,1.29,2.61,1.02,0.6,5.71,24.8,72.7,85.6,0.118,0.552,0.162,27.0,MEDIUM
N3,NORMAL,0.53,1.27,0.21,0.026,0.42,29.5,82.5,88.2,0.034,0.077,0.012,8.5,LOW
N5,WARNING,2.94,3.02,3.41,0.216,31.11,30.0,90.4,71.8,0.148,0.483,0.087,46.0,MEDIUM
N6,NORMAL,0.72,1.69,0.15,0.144,4.99,37.3,77.3,99.2,0.008,0.077,0.003,11.0,LOW
N5,WARNING,1.36,6.85,2.42,0.345,27.44,37.2,84.3,78.0,0.209,0.732,0.077,47.0,MEDIUM
N3,NORMAL,0.16,1.96,0.86,0.15,3.15,34.2,89.6,71.6,0.048,0.085,0.019,11.4,LOW
N3,SUBSIDENCE,9.19,15.6,5.25,2.748,93.72,34.4,67.4,63.7,0.424,1.471,0.366,100.0,CRITICAL
N6,NORMAL,0.39,0.82,0.56,0.025,2.31,28.6,89.8,99.6,0.021,0.018,0.013,5.3,LOW
N1,NORMAL,0.96,1.91,0.36,0.106,-1.63,31.5,85.4,74.7,0.036,0.068,0.005,10.1,LOW
N4,NORMAL,0.9,2.03,0.22,0.068,0.81,29.3,65.5,73.0,0.012,0.078,0.011,8.3,LOW
N2,WARNING,3.12,6.59,1.2,0.637,10.37,34.8,86.3,69.8,0.297,0.708,0.23,48.7,MEDIUM
N4,NORMAL,0.75,1.8,0.29,0.084,4.63,28.8,83.4,65.9,0.02,0.032,0.002,11.5,LOW
N4,WARNING,2.59,6.58,3.3,0.741,18.04,36.1,94.5,96.3,0.058,0.698,0.039,50.5,HIGH
N5,NORMAL,1.16,0.25,0.01,0.054,3.59,34.2,72.5,77.6,0.004,0.075,0.0,4.1,LOW
N3,NORMAL,1.17,1.47,0.07,0.16,0.27,30.1,88.2,64.7,0.029,0.071,0.016,8.9,LOW
N5,NORMAL,0.68,0.25,0.41,0.078,4.85,31.5,75.5,85.6,0.02,0.091,0.009,5.1,LOW
N6,SUBSIDENCE,9.78,37.27,16.49,1.888,59.79,28.2,69.8,82.1,0.822,0.94,1.429,100.0,CRITICAL
N2,WARNING,1.31,7.11,3.63,0.407,34.14,27.5,78.3,84.5,0.131,0.282,0.248,49.5,MEDIUM
N6,SUBSIDENCE,6.24,22.22,16.97,3.244,95.27,38.1,87.0,63.5,1.191,1.664,0.666,100.0,CRITICAL
N1,NORMAL,0.93,0.96,0.02,0.097,4.18,28.9,65.5,62.0,0.022,0.099,0.004,4.3,LOW
N2,WARNING,2.01,5.41,1.71,0.275,17.62,35.3,71.5,98.0,0.093,0.542,0.24,37.8,MEDIUM
N5,WARNING,2.93,3.35,2.74,0.731,7.9,28.2,85.8,79.1,0.118,0.362,0.047,45.3,MEDIUM
N5,NORMAL,0.56,1.19,0.76,0.179,2.12,29.9,93.1,89.7,0.038,0.037,0.017,9.6,LOW
N6,WARNING,2.83,4.1,3.39,0.24,21.14,27.6,90.5,90.7,0.234,0.719,0.151,45.0,MEDIUM
N5,SUBSIDENCE,4.81,40.28,21.28,2.605,37.88,31.1,94.8,96.7,1.673,1.254,1.041,100.0,CRITICAL
N5,SUBSIDENCE,10.17,15.37,16.59,2.724,45.15,31.5,89.2,77.1,1.492,1.12,0.852,100.0,CRITICAL
N4,WARNING,2.8,5.13,2.75,0.317,11.07,37.2,72.6,72.9,0.227,0.186,0.06,36.6,MEDIUM
N1,NORMAL,0.8,1.21,0.56,0.043,2.71,35.4,70.2,75.1,0.008,0.075,0.01,6.5,LOW
N4,NORMAL,1.03,2.04,0.97,0.056,1.77,36.7,85.3,97.5,0.001,0.097,0.004,13.3,LOW
N5,SUBSIDENCE,5.61,20.77,6.96,2.207,106.06,33.7,86.7,76.3,1.157,2.34,0.656,100.0,CRITICAL
N3,NORMAL,0.35,1.55,0.37,0.179,1.09,24.9,90.6,83.6,0.022,0.084,0.005,8.7,LOW
N4,WARNING,1.8,4.39,2.28,0.568,19.05,33.1,78.5,73.4,0.149,0.646,0.037,42.1,MEDIUM
N5,WARNING,3.33,6.78,1.66,0.552,29.67,32.6,66.2,83.4,0.297,0.589,0.179,52.0,HIGH
N5,WARNING,3.05,4.67,2.76,0.708,10.16,35.8,78.1,62.8,0.12,0.177,0.135,41.4,MEDIUM
N1,SUBSIDENCE,5.74,40.92,14.04,3.904,97.58,36.0,75.0,71.6,0.921,3.144,1.081,100.0,CRITICAL
N6,NORMAL,0.85,2.08,0.41,0.071,3.78,37.5,87.5,68.9,0.034,0.034,0.011,9.2,LOW
N2,NORMAL,0.42,0.81,0.85,0.123,4.58,27.7,85.4,88.9,0.005,0.005,0.014,7.7,LOW
N4,NORMAL,0.43,2.39,0.77,0.079,0.88,32.7,69.0,99.7,0.036,0.03,0.006,8.9,LOW
N4,NORMAL,0.42,1.08,0.22,0.123,-1.58,27.5,80.4,87.8,0.046,0.03,0.019,7.5,LOW
N4,NORMAL,0.77,1.38,0.79,0.095,0.33,27.9,87.9,90.5,0.036,0.094,0.012,12.2,LOW
N5,NORMAL,0.39,1.08,0.14,0.033,3.65,25.0,94.5,74.7,0.019,0.028,0.005,6.0,LOW
N1,WARNING,1.58,7.25,3.17,0.558,13.92,28.8,68.3,96.0,0.154,0.689,0.167,47.3,MEDIUM
N5,SUBSIDENCE,11.62,34.6,16.45,2.605,107.86,39.0,93.3,82.3,1.341,1.084,0.365,100.0,CRITICAL
N5,NORMAL,0.34,1.54,0.76,0.021,3.76,33.7,71.3,84.3,0.023,0.046,0.009,9.3,LOW
N6,NORMAL,0.15,2.07,0.82,0.07,-1.26,28.9,90.2,61.0,0.037,0.047,0.018,6.9,LOW
N3,SUBSIDENCE,10.07,33.1,13.47,3.891,105.65,29.3,69.9,82.3,1.695,3.012,0.899,100.0,CRITICAL
N1,NORMAL,0.26,0.6,0.36,0.05,1.51,31.3,79.2,69.8,0.033,0.07,0.011,7.7,LOW
N4,NORMAL,0.82,1.71,0.26,0.132,4.01,25.3,74.1,68.5,0.03,0.012,0.007,10.1,LOW
N2,NORMAL,0.71,1.17,0.72,0.078,-0.92,24.6,71.3,71.9,0.012,0.055,0.009,8.4,LOW
N4,NORMAL,0.9,1.88,0.7,0.151,4.12,29.0,84.9,84.1,0.004,0.049,0.003,11.2,LOW
N5,NORMAL,0.24,1.94,0.79,0.042,2.31,34.7,75.1,98.2,0.047,0.009,0.003,7.6,LOW
N1,SUBSIDENCE,8.81,25.88,10.08,1.575,83.75,36.2,72.8,97.7,1.188,2.124,1.397,100.0,CRITICAL
N1,NORMAL,0.93,2.26,0.14,0.025,1.45,24.3,80.9,67.1,0.022,0.087,0.003,10.3,LOW
N1,NORMAL,0.15,0.25,0.14,0.08,4.19,30.4,91.5,89.0,0.038,0.053,0.009,4.3,LOW
N3,NORMAL,0.29,2.36,0.77,0.025,1.52,33.1,89.5,99.1,0.033,0.006,0.007,7.9,LOW
N4,NORMAL,0.23,1.65,0.89,0.135,2.43,25.6,93.1,99.5,0.011,0.082,0.011,11.4,LOW
N3,WARNING,2.44,6.77,2.75,0.421,17.27,27.5,72.6,74.2,0.291,0.358,0.133,47.8,MEDIUM
N6,WARNING,3.33,4.68,2.66,0.491,22.49,36.0,81.4,97.0,0.255,0.731,0.068,49.0,MEDIUM
N2,WARNING,3.31,4.64,2.96,0.677,16.54,35.3,74.3,95.8,0.061,0.352,0.104,45.6,MEDIUM
N6,NORMAL,0.7,1.55,0.81,0.042,-1.87,27.4,90.7,95.3,0.003,0.003,0.014,4.2,LOW
N5,SUBSIDENCE,6.53,15.21,12.98,3.565,86.37,30.2,81.1,92.7,0.339,0.826,0.392,100.0,CRITICAL
N3,WARNING,1.53,3.34,3.59,0.707,21.54,36.7,90.5,60.5,0.246,0.34,0.238,46.6,MEDIUM
N3,WARNING,2.4,2.65,3.03,0.285,24.18,24.1,88.8,66.6,0.074,0.63,0.187,39.6,MEDIUM
N6,NORMAL,0.22,1.35,0.59,0.036,0.13,27.6,84.8,89.1,0.02,0.094,0.005,6.6,LOW
N5,NORMAL,0.11,0.51,0.36,0.121,-1.06,30.0,88.6,83.0,0.018,0.008,0.011,5.1,LOW
N1,NORMAL,0.83,1.74,0.59,0.023,3.82,33.2,75.9,62.9,0.046,0.053,0.002,8.3,LOW
N5,WARNING,3.16,6.41,3.41,0.634,15.73,31.3,84.5,74.3,0.171,0.264,0.194,50.1,HIGH
N4,NORMAL,0.85,1.74,0.77,0.045,2.37,26.9,93.1,94.7,0.044,0.009,0.019,10.2,LOW
N6,NORMAL,0.95,0.68,0.22,0.061,3.67,30.4,90.2,82.5,0.009,0.058,0.016,8.4,LOW
N5,SUBSIDENCE,8.56,33.04,19.23,0.766,64.44,33.5,90.7,63.9,1.744,1.165,0.542,100.0,CRITICAL
N1,SUBSIDENCE,3.53,33.42,14.75,1.685,106.82,38.4,73.3,90.0,1.139,3.255,0.723,100.0,CRITICAL
N5,SUBSIDENCE,4.49,27.9,14.4,1.4,59.28,31.8,81.7,73.8,0.568,3.927,1.071,100.0,CRITICAL
N3,NORMAL,0.57,1.62,0.21,0.041,4.61,31.8,84.0,66.5,0.012,0.05,0.015,5.4,LOW
N2,WARNING,2.11,6.3,1.63,0.456,22.68,37.5,65.4,74.7,0.247,0.251,0.245,42.7,MEDIUM
N3,NORMAL,0.17,0.93,0.61,0.117,-1.32,28.3,65.1,85.9,0.034,0.085,0.013,7.1,LOW
N2,NORMAL,0.85,1.83,0.04,0.103,0.89,36.6,81.7,99.2,0.038,0.072,0.019,11.5,LOW
N5,NORMAL,0.27,0.22,0.11,0.077,3.29,35.1,70.6,80.6,0.019,0.078,0.015,6.1,LOW
N4,NORMAL,0.88,0.85,0.84,0.145,-1.16,26.6,83.7,62.6,0.011,0.024,0.018,8.9,LOW
N5,NORMAL,0.71,0.52,0.58,0.079,2.24,35.8,71.7,66.0,0.02,0.085,0.015,7.7,LOW
N1,WARNING,2.48,7.3,1.33,0.313,27.38,29.8,86.2,94.1,0.166,0.522,0.156,44.2,MEDIUM
N5,NORMAL,1.1,0.31,0.55,0.026,4.31,26.3,92.2,97.5,0.021,0.09,0.004,6.6,LOW
N2,WARNING,2.96,3.72,1.52,0.606,24.04,34.2,73.0,78.5,0.268,0.294,0.088,44.4,MEDIUM
N3,NORMAL,0.67,1.74,0.34,0.157,0.82,32.7,79.7,94.8,0.002,0.007,0.019,10.5,LOW
N4,NORMAL,0.89,0.62,0.01,0.177,2.4,34.1,85.1,87.1,0.024,0.094,0.007,6.5,LOW
N5,NORMAL,0.84,0.22,0.82,0.168,1.15,34.3,87.2,89.4,0.028,0.032,0.016,10.7,LOW
N5,NORMAL,0.34,0.46,0.31,0.112,0.8,25.5,93.7,91.2,0.012,0.002,0.002,5.1,LOW
N3,NORMAL,0.24,1.27,0.65,0.174,-0.12,27.9,68.8,70.6,0.013,0.057,0.017,9.0,LOW
N4,NORMAL,0.59,1.03,0.86,0.171,0.65,35.6,77.6,65.7,0.041,0.007,0.011,11.9,LOW
N6,NORMAL,0.41,1.33,0.84,0.14,-1.41,24.9,89.7,96.3,0.027,0.087,0.012,6.5,LOW
N5,NORMAL,0.53,0.91,0.54,0.177,3.86,31.8,92.5,86.1,0.041,0.019,0.018,7.8,LOW
N5,NORMAL,1.02,0.58,0.71,0.061,-0.82,25.2,72.3,69.4,0.029,0.06,0.01,7.4,LOW
N6,SUBSIDENCE,6.17,31.24,11.88,4.091,36.19,26.0,91.5,80.3,0.624,2.922,1.349,100.0,CRITICAL
N2,NORMAL,0.96,2.38,0.22,0.114,4.19,33.9,80.7,62.3,0.042,0.052,0.019,10.6,LOW
N2,WARNING,2.32,4.82,1.92,0.717,32.77,35.7,68.3,79.6,0.134,0.405,0.193,50.2,HIGH
N1,WARNING,3.3,6.16,2.63,0.589,24.84,24.4,75.0,68.1,0.286,0.739,0.111,55.5,HIGH
N3,SUBSIDENCE,4.62,40.85,16.78,0.862,103.98,26.6,83.7,63.3,1.655,4.313,1.287,100.0,CRITICAL
N4,WARNING,2.84,3.58,3.81,0.712,22.84,32.1,70.3,99.4,0.238,0.701,0.11,53.2,HIGH
N5,NORMAL,1.12,1.31,0.55,0.09,-1.99,27.3,87.8,80.2,0.011,0.01,0.006,7.2,LOW
N5,WARNING,3.08,6.0,2.97,0.679,30.42,32.4,90.9,60.5,0.066,0.505,0.115,54.3,HIGH
N1,SUBSIDENCE,3.59,10.31,19.75,1.97,62.84,38.2,72.0,95.8,0.818,1.655,0.299,100.0,CRITICAL
N5,NORMAL,1.15,1.53,0.37,0.143,-1.82,25.8,93.7,92.4,0.046,0.041,0.006,10.9,LOW
N3,NORMAL,0.9,2.34,0.96,0.063,3.51,37.2,74.5,83.2,0.038,0.056,0.003,13.4,LOW
N1,NORMAL,0.12,1.19,0.62,0.081,1.34,37.6,79.1,87.4,0.01,0.035,0.014,6.9,LOW
N3,WARNING,3.45,6.76,1.03,0.713,31.0,33.6,72.1,88.6,0.118,0.227,0.227,51.2,HIGH
N1,WARNING,2.58,4.2,2.67,0.481,20.29,30.0,68.8,90.0,0.179,0.1,0.082,39.5,MEDIUM
N5,NORMAL,1.03,2.08,0.46,0.131,-1.46,32.0,70.3,88.3,0.01,0.005,0.019,7.9,LOW
N1,NORMAL,0.64,1.2,0.91,0.133,2.83,26.2,78.6,82.8,0.005,0.009,0.013,14.1,LOW
N2,NORMAL,0.53,0.4,0.74,0.162,-0.87,32.3,84.5,81.0,0.043,0.079,0.011,7.6,LOW
N4,NORMAL,1.03,1.29,0.55,0.026,-0.74,32.9,92.6,92.6,0.045,0.012,0.018,8.9,LOW
N5,SUBSIDENCE,10.85,27.4,18.86,2.339,38.31,36.9,67.3,77.7,1.277,3.495,0.377,100.0,CRITICAL
N6,NORMAL,0.64,0.28,0.07,0.092,0.18,26.2,85.2,98.0,0.041,0.041,0.002,5.0,LOW
N4,NORMAL,1.06,0.5,0.02,0.024,1.88,38.0,93.9,65.1,0.024,0.001,0.001,5.4,LOW
N5,NORMAL,0.28,2.27,0.51,0.173,1.64,35.6,75.1,84.5,0.029,0.022,0.018,8.8,LOW
N4,WARNING,1.99,5.05,3.56,0.417,30.22,28.3,65.1,63.4,0.29,0.391,0.222,47.3,MEDIUM
N2,NORMAL,0.91,0.43,0.94,0.159,1.6,30.9,74.4,96.4,0.029,0.069,0.015,12.9,LOW
N4,WARNING,1.31,4.46,3.0,0.688,7.23,28.4,86.3,67.2,0.215,0.441,0.178,39.1,MEDIUM
N1,NORMAL,0.95,1.92,0.95,0.048,3.05,28.0,72.4,90.7,0.016,0.028,0.008,9.5,LOW
N4,NORMAL,0.87,0.45,0.56,0.073,4.8,28.4,65.2,79.5,0.021,0.004,0.007,10.4,LOW
N5,NORMAL,1.1,2.05,0.68,0.075,-0.38,32.0,89.4,64.0,0.017,0.012,0.002,9.6,LOW
N6,NORMAL,0.47,0.48,0.31,0.153,-1.76,30.6,77.0,85.5,0.032,0.006,0.009,5.4,LOW
N6,NORMAL,1.17,0.81,0.61,0.077,5.0,34.3,94.8,90.8,0.048,0.009,0.019,9.8,LOW
N3,SUBSIDENCE,4.6,35.77,17.08,1.325,91.49,31.3,93.6,85.1,1.312,4.479,1.023,100.0,CRITICAL
N4,WARNING,2.0,2.62,3.27,0.248,32.71,32.3,71.4,81.7,0.29,0.265,0.046,40.8,MEDIUM
N6,SUBSIDENCE,7.02,37.3,22.0,2.326,86.38,32.4,70.3,67.1,0.813,3.991,0.296,100.0,CRITICAL
N4,NORMAL,0.69,0.91,0.46,0.069,1.19,26.3,65.3,60.7,0.014,0.08,0.011,6.7,LOW
N6,SUBSIDENCE,7.08,19.62,8.72,2.899,95.99,31.7,76.9,85.5,0.395,1.207,0.711,100.0,CRITICAL
N4,NORMAL,0.2,1.34,0.81,0.169,1.92,26.7,85.3,97.2,0.007,0.073,0.016,10.0,LOW
N5,NORMAL,0.89,1.16,0.44,0.033,1.68,30.1,66.6,91.0,0.04,0.098,0.008,10.5,LOW
N4,NORMAL,0.89,1.13,0.71,0.12,3.38,25.3,73.4,94.4,0.016,0.065,0.013,8.9,LOW
N5,NORMAL,0.27,1.07,0.23,0.042,-1.05,32.0,84.1,91.1,0.017,0.08,0.019,5.4,LOW
N5,WARNING,2.72,7.17,3.65,0.538,20.99,30.0,92.0,98.9,0.148,0.423,0.099,54.5,HIGH
N3,NORMAL,0.5,0.71,0.08,0.154,4.09,29.3,71.0,64.6,0.023,0.054,0.015,8.4,LOW
N6,NORMAL,0.36,1.68,0.35,0.159,-1.39,35.3,94.5,64.8,0.021,0.026,0.018,8.2,LOW
N1,WARNING,3.0,3.19,1.47,0.202,18.94,37.7,84.7,76.4,0.081,0.344,0.084,33.0,MEDIUM
N5,NORMAL,1.07,0.35,0.33,0.102,-1.62,36.9,67.9,95.5,0.007,0.09,0.004,7.8,LOW
N6,NORMAL,0.6,1.52,0.28,0.064,1.44,27.6,90.5,93.5,0.018,0.008,0.007,5.6,LOW
N2,NORMAL,0.26,1.88,0.45,0.159,-0.08,35.8,74.9,61.2,0.004,0.08,0.017,7.2,LOW
N4,WARNING,1.52,7.56,2.09,0.682,34.42,29.4,86.2,68.3,0.149,0.644,0.059,50.7,HIGH
N2,WARNING,1.94,5.6,3.07,0.383,16.3,31.4,71.3,79.5,0.077,0.789,0.161,43.1,MEDIUM
N4,NORMAL,0.59,0.79,0.45,0.053,2.97,34.3,92.2,74.3,0.045,0.0,0.011,6.8,LOW
N3,NORMAL,1.1,2.1,0.53,0.061,2.57,31.0,70.7,87.8,0.013,0.035,0.009,13.0,LOW
N5,NORMAL,1.19,0.76,0.55,0.093,0.15,31.1,79.3,82.2,0.021,0.073,0.008,10.6,LOW
N1,WARNING,1.87,5.3,1.4,0.603,8.33,35.6,84.4,63.9,0.246,0.678,0.024,36.8,MEDIUM
N5,NORMAL,1.2,1.62,0.4,0.162,-1.71,25.3,85.4,78.6,0.036,0.014,0.011,8.5,LOW
N4,NORMAL,0.11,0.36,0.7,0.084,2.71,36.0,92.6,92.9,0.019,0.036,0.017,4.9,LOW
N1,NORMAL,0.24,0.35,0.06,0.177,1.51,25.3,75.4,67.5,0.006,0.054,0.014,4.2,LOW
N5,NORMAL,1.17,0.93,0.69,0.167,4.04,26.9,86.5,93.4,0.02,0.031,0.016,13.3,LOW
N1,NORMAL,1.03,0.22,0.5,0.077,4.85,35.8,74.6,93.1,0.027,0.043,0.005,11.0,LOW
N4,WARNING,3.25,2.82,2.53,0.42,16.79,36.2,81.7,73.9,0.143,0.472,0.05,37.9,MEDIUM
N3,NORMAL,0.37,1.62,0.79,0.091,4.89,32.4,82.4,64.2,0.027,0.098,0.019,10.7,LOW
N3,NORMAL,1.12,2.05,0.5,0.069,3.87,35.3,87.6,71.7,0.015,0.054,0.004,10.8,LOW
N5,WARNING,1.47,3.47,2.85,0.266,14.6,29.6,68.6,80.4,0.26,0.157,0.154,30.0,MEDIUM
N2,WARNING,2.39,4.58,1.17,0.298,17.14,29.6,84.9,82.4,0.119,0.212,0.132,31.8,MEDIUM
N4,NORMAL,0.29,1.78,0.47,0.038,-1.87,34.7,91.3,71.7,0.031,0.062,0.016,5.8,LOW
N5,NORMAL,0.55,0.34,0.41,0.055,3.64,32.4,72.1,86.8,0.033,0.078,0.012,5.0,LOW
N5,NORMAL,0.26,0.83,0.18,0.172,4.29,36.5,73.8,75.4,0.044,0.096,0.012,7.2,LOW
N3,SUBSIDENCE,7.47,11.31,18.84,1.161,94.97,31.6,69.2,64.8,1.683,2.901,0.457,100.0,CRITICAL
N1,NORMAL,0.93,1.1,0.0,0.028,3.72,28.4,83.5,86.6,0.031,0.084,0.005,7.7,LOW
N4,SUBSIDENCE,3.73,41.57,18.38,1.205,35.77,30.0,80.4,87.0,1.454,4.141,0.653,100.0,CRITICAL
N1,WARNING,2.69,6.64,1.34,0.476,20.19,36.3,87.4,88.8,0.287,0.743,0.193,46.4,MEDIUM
N6,NORMAL,0.34,1.62,0.92,0.14,2.23,24.9,72.2,75.6,0.013,0.068,0.007,7.8,LOW
N6,NORMAL,1.2,1.95,0.28,0.142,0.5,26.0,89.8,96.9,0.03,0.076,0.015,11.8,LOW
N4,NORMAL,0.36,0.96,0.94,0.177,1.17,28.6,67.7,80.5,0.002,0.093,0.001,10.1,LOW
N2,NORMAL,0.14,0.72,0.46,0.032,1.36,33.7,92.9,83.0,0.013,0.027,0.019,1.2,LOW
N6,NORMAL,1.1,2.13,1.0,0.1,2.87,36.8,68.0,80.6,0.008,0.094,0.008,12.3,LOW
N3,WARNING,1.2,4.79,1.25,0.436,21.67,24.9,92.4,78.1,0.263,0.307,0.15,37.7,MEDIUM
N2,SUBSIDENCE,5.65,25.14,12.67,3.314,108.09,37.9,82.0,63.2,0.579,1.002,1.07,100.0,CRITICAL
N5,NORMAL,0.56,1.71,0.33,0.155,-0.43,24.1,72.3,90.1,0.018,0.092,0.011,6.8,LOW
N6,WARNING,1.32,7.96,3.69,0.308,31.87,26.8,82.8,76.6,0.225,0.398,0.065,47.0,MEDIUM
N3,NORMAL,0.75,0.96,0.23,0.154,4.44,31.5,81.5,85.6,0.035,0.016,0.002,9.7,LOW
N5,NORMAL,1.1,1.69,0.92,0.039,2.96,31.7,93.3,89.9,0.046,0.046,0.019,12.0,LOW
N2,NORMAL,0.6,0.28,0.66,0.061,0.02,37.8,87.5,74.3,0.001,0.056,0.006,8.3,LOW
N4,WARNING,1.88,6.43,1.76,0.435,9.81,37.0,68.0,77.5,0.114,0.169,0.118,32.5,MEDIUM
N5,SUBSIDENCE,6.04,21.43,17.89,2.251,83.78,31.1,85.9,87.8,1.758,3.081,0.672,100.0,CRITICAL
N1,WARNING,2.05,6.48,2.65,0.739,32.24,32.0,80.6,90.5,0.256,0.124,0.107,52.5,HIGH
N4,NORMAL,1.1,2.01,0.22,0.098,0.76,30.8,87.0,62.0,0.038,0.09,0.006,9.2,LOW
N4,NORMAL,1.16,2.04,0.54,0.145,3.85,36.0,68.7,96.3,0.025,0.044,0.017,9.9,LOW
N2,NORMAL,0.4,1.73,0.71,0.065,0.13,27.1,75.5,70.7,0.035,0.018,0.017,7.7,LOW
N2,NORMAL,0.37,2.45,0.25,0.113,3.22,32.2,84.2,85.2,0.002,0.088,0.003,8.0,LOW
N3,WARNING,2.89,7.62,3.78,0.51,16.1,28.1,69.6,94.4,0.13,0.721,0.216,55.6,HIGH
N3,WARNING,2.6,4.22,2.83,0.218,10.7,37.7,77.4,88.3,0.186,0.477,0.077,35.8,MEDIUM
N1,WARNING,1.79,4.83,3.49,0.664,9.06,34.6,81.9,86.0,0.139,0.242,0.225,42.3,MEDIUM
N4,NORMAL,1.11,0.9,0.01,0.024,-1.67,29.9,86.4,91.7,0.006,0.057,0.02,6.7,LOW
N1,NORMAL,0.98,1.22,0.55,0.073,2.82,28.8,77.2,88.4,0.019,0.031,0.013,9.6,LOW
N1,NORMAL,1.04,1.2,0.52,0.139,-0.43,33.0,76.8,84.2,0.021,0.081,0.018,14.1,LOW
N2,NORMAL,0.3,0.27,0.07,0.037,-0.42,38.0,79.9,90.3,0.023,0.023,0.012,2.9,LOW
N1,NORMAL,0.42,2.41,0.25,0.115,4.88,25.1,72.3,98.3,0.04,0.099,0.008,13.1,LOW
N1,WARNING,2.05,3.19,2.78,0.465,6.87,25.7,90.9,85.0,0.163,0.543,0.074,34.0,MEDIUM
N5,WARNING,1.56,5.96,3.21,0.521,8.48,24.8,89.2,60.6,0.081,0.132,0.074,36.6,MEDIUM
N3,NORMAL,0.74,2.06,0.89,0.086,2.35,33.6,67.0,67.9,0.048,0.067,0.018,13.2,LOW
N3,NORMAL,1.13,2.14,0.42,0.046,-0.9,36.6,66.0,85.2,0.045,0.017,0.008,9.2,LOW
N4,NORMAL,0.49,0.45,0.57,0.098,-1.31,32.4,68.3,94.1,0.013,0.074,0.015,6.3,LOW
N3,NORMAL,0.29,1.86,0.04,0.073,1.35,37.8,88.4,93.6,0.001,0.017,0.006,7.6,LOW
N6,WARNING,2.74,4.11,3.13,0.564,23.3,28.4,67.3,92.1,0.125,0.284,0.097,45.4,MEDIUM
N4,NORMAL,0.51,1.83,0.28,0.116,-1.76,28.9,92.9,63.0,0.005,0.036,0.005,4.6,LOW
N5,NORMAL,0.61,0.66,0.36,0.128,4.81,26.5,91.3,84.3,0.035,0.088,0.003,8.8,LOW
N3,NORMAL,0.97,0.71,0.35,0.033,4.27,28.8,78.9,85.5,0.048,0.086,0.009,9.6,LOW
N5,SUBSIDENCE,7.17,23.6,11.76,3.319,94.01,30.3,77.6,88.1,1.606,1.699,0.447,100.0,CRITICAL
N3,NORMAL,0.93,2.46,0.38,0.084,1.79,33.1,78.9,90.4,0.041,0.066,0.011,10.1,LOW
N3,NORMAL,0.18,1.37,0.81,0.068,3.9,36.1,65.9,83.7,0.039,0.058,0.005,6.7,LOW
N5,NORMAL,0.96,1.32,0.1,0.153,4.36,32.0,68.9,77.5,0.028,0.079,0.012,9.2,LOW
N1,WARNING,2.76,5.0,2.85,0.69,15.99,25.5,74.6,80.5,0.257,0.12,0.216,47.4,MEDIUM
N1,SUBSIDENCE,9.03,43.27,9.53,1.044,69.41,34.5,82.3,69.8,0.818,3.02,1.403,100.0,CRITICAL
N1,NORMAL,0.39,1.2,0.89,0.113,1.46,37.0,82.5,67.8,0.027,0.083,0.014,8.9,LOW
N6,SUBSIDENCE,3.66,19.73,5.13,2.154,49.09,34.6,78.0,95.7,0.907,2.277,0.595,100.0,CRITICAL
N1,SUBSIDENCE,4.15,23.19,17.97,2.456,107.46,29.0,85.2,79.5,0.562,1.969,0.395,100.0,CRITICAL
N3,SUBSIDENCE,4.88,25.56,19.25,2.267,35.99,37.9,94.5,99.2,0.382,2.421,0.992,100.0,CRITICAL
N2,WARNING,2.48,2.7,1.64,0.428,31.39,28.0,74.5,75.5,0.055,0.457,0.17,38.2,MEDIUM
N5,WARNING,1.83,4.9,1.47,0.294,6.11,31.4,78.5,83.4,0.153,0.595,0.136,33.1,MEDIUM
N2,NORMAL,0.35,0.68,0.94,0.092,3.79,33.5,77.9,98.9,0.046,0.061,0.006,10.4,LOW
N6,WARNING,3.07,6.98,2.77,0.185,29.95,27.1,90.2,69.5,0.056,0.186,0.213,49.3,MEDIUM
N2,NORMAL,0.95,1.45,0.67,0.154,4.89,29.2,75.0,87.2,0.004,0.069,0.019,12.6,LOW
N4,WARNING,2.12,3.68,1.48,0.29,26.13,31.4,83.6,83.2,0.28,0.664,0.123,37.8,MEDIUM
N1,NORMAL,1.17,2.24,0.04,0.154,-1.2,24.1,76.5,60.9,0.035,0.029,0.015,14.4,LOW
N6,WARNING,3.39,2.58,1.47,0.487,24.38,27.4,72.3,91.3,0.232,0.273,0.089,42.9,MEDIUM
N3,WARNING,3.38,5.78,1.47,0.217,12.18,24.1,78.2,84.9,0.094,0.505,0.181,41.2,MEDIUM
N1,NORMAL,0.31,2.27,0.55,0.075,-1.87,29.3,92.6,87.4,0.024,0.034,0.019,6.7,LOW
N1,WARNING,1.37,7.63,1.51,0.435,32.69,31.1,81.4,99.9,0.257,0.441,0.068,46.0,MEDIUM
N2,NORMAL,1.01,2.18,0.99,0.104,2.1,32.2,72.1,91.3,0.023,0.013,0.011,12.2,LOW
N4,WARNING,1.49,5.26,2.99,0.211,29.12,32.7,81.7,66.0,0.126,0.602,0.045,41.0,MEDIUM
N1,NORMAL,0.79,1.79,0.5,0.113,4.21,26.4,72.4,67.1,0.035,0.091,0.011,9.7,LOW
N5,NORMAL,0.47,1.3,0.26,0.096,0.55,30.9,94.6,82.3,0.028,0.043,0.009,8.1,LOW
N5,SUBSIDENCE,9.65,23.42,9.87,3.912,90.68,29.0,80.1,95.0,1.174,2.045,0.572,100.0,CRITICAL
N1,NORMAL,1.07,1.91,0.54,0.058,1.35,30.0,87.6,93.7,0.035,0.06,0.01,12.1,LOW
N2,WARNING,2.86,7.66,3.34,0.437,23.5,28.2,65.4,87.8,0.176,0.482,0.226,52.3,HIGH
N2,NORMAL,0.3,0.55,0.99,0.063,-0.57,32.9,68.1,85.4,0.01,0.041,0.008,4.9,LOW
N3,NORMAL,0.6,0.68,0.78,0.096,3.02,26.8,71.7,86.5,0.046,0.035,0.018,9.8,LOW
N6,NORMAL,0.21,1.25,0.21,0.111,3.65,28.8,66.3,83.7,0.002,0.041,0.015,8.1,LOW
N6,NORMAL,0.23,1.05,0.99,0.084,3.9,37.3,83.2,92.5,0.043,0.026,0.012,9.2,LOW
N6,NORMAL,0.61,1.85,0.02,0.146,2.7,31.3,68.3,93.8,0.018,0.042,0.007,7.9,LOW
N4,NORMAL,0.63,0.3,0.55,0.169,-1.39,32.5,78.7,99.7,0.006,0.039,0.015,8.3,LOW
N2,NORMAL,0.3,2.09,0.12,0.049,0.07,30.9,83.9,76.9,0.044,0.044,0.008,8.4,LOW
N3,NORMAL,1.16,0.51,0.48,0.086,2.85,35.6,89.3,62.9,0.048,0.029,0.019,10.2,LOW
N5,SUBSIDENCE,11.49,39.04,16.32,1.191,66.5,29.3,66.5,80.5,1.56,2.419,0.796,100.0,CRITICAL
N6,SUBSIDENCE,10.08,13.4,20.09,2.666,95.92,35.6,66.1,83.2,1.301,1.299,1.383,100.0,CRITICAL
N5,NORMAL,0.63,2.18,0.12,0.115,0.17,29.5,78.4,89.4,0.012,0.002,0.007,9.9,LOW
N5,WARNING,2.13,3.57,2.19,0.22,34.16,37.1,70.4,76.0,0.067,0.241,0.118,37.1,MEDIUM
N1,NORMAL,1.19,1.58,0.61,0.176,1.54,27.0,79.4,82.1,0.0,0.003,0.014,10.8,LOW
N4,WARNING,2.73,2.96,3.28,0.704,12.67,31.6,84.8,95.2,0.145,0.621,0.077,45.1,MEDIUM
N3,WARNING,1.99,5.21,1.55,0.355,7.85,33.9,78.8,62.0,0.099,0.342,0.118,31.3,MEDIUM
N4,SUBSIDENCE,9.92,27.71,20.91,2.942,75.04,31.2,70.1,93.8,0.742,1.675,0.538,100.0,CRITICAL
N1,NORMAL,0.99,1.88,0.05,0.032,2.45,25.9,71.9,80.7,0.037,0.003,0.006,8.3,LOW
N3,WARNING,1.45,3.76,2.69,0.47,30.73,35.1,82.9,90.8,0.088,0.359,0.233,41.0,MEDIUM
N3,NORMAL,0.59,2.29,0.6,0.131,2.56,32.5,88.5,60.0,0.034,0.064,0.001,11.1,LOW
N2,SUBSIDENCE,11.08,43.23,6.31,2.596,43.29,30.6,87.4,83.0,0.725,3.1,0.629,100.0,CRITICAL
N4,NORMAL,0.67,0.95,0.7,0.088,4.29,30.8,73.4,66.2,0.03,0.054,0.016,8.5,LOW
N4,WARNING,2.49,4.84,2.19,0.379,25.15,32.6,77.1,90.8,0.18,0.476,0.091,42.2,MEDIUM
N2,WARNING,2.42,4.09,1.44,0.579,16.13,34.4,78.8,95.6,0.066,0.74,0.109,41.4,MEDIUM
N5,WARNING,1.27,3.93,2.64,0.364,27.28,35.7,74.5,65.6,0.222,0.118,0.158,38.6,MEDIUM
N1,NORMAL,0.91,2.27,0.66,0.155,4.99,34.4,92.0,80.8,0.025,0.094,0.007,11.6,LOW
N4,SUBSIDENCE,8.82,43.91,8.52,1.978,92.92,33.4,83.8,63.3,0.811,2.653,0.313,100.0,CRITICAL
N2,NORMAL,0.37,1.2,0.78,0.023,0.32,34.6,65.1,90.3,0.0,0.052,0.01,4.7,LOW
N3,WARNING,3.25,4.25,2.0,0.181,17.87,29.1,85.2,70.0,0.203,0.186,0.171,36.2,MEDIUM
N6,NORMAL,0.95,1.46,0.53,0.098,3.89,31.2,67.1,83.2,0.028,0.016,0.013,9.6,LOW
N2,NORMAL,0.19,1.87,0.65,0.099,3.24,37.8,66.7,64.2,0.014,0.045,0.0,9.1,LOW
N6,NORMAL,0.64,1.06,0.53,0.154,-0.89,35.4,76.4,66.9,0.032,0.002,0.016,8.2,LOW
N5,NORMAL,0.99,2.29,0.08,0.113,4.57,25.4,76.3,75.8,0.032,0.082,0.005,9.4,LOW
N1,NORMAL,0.96,1.13,0.24,0.162,3.48,30.9,80.9,70.2,0.033,0.021,0.004,7.8,LOW
N6,NORMAL,0.24,1.04,0.43,0.028,1.95,33.6,79.6,93.4,0.0,0.015,0.003,4.3,LOW
N5,NORMAL,0.39,0.68,0.8,0.091,-0.08,24.5,72.4,78.7,0.021,0.043,0.011,7.1,LOW
N6,WARNING,2.45,3.37,1.58,0.595,28.57,32.2,82.8,73.8,0.069,0.793,0.12,44.4,MEDIUM
N3,SUBSIDENCE,8.13,29.59,17.69,3.033,68.5,32.2,94.0,63.9,0.587,0.893,1.065,100.0,CRITICAL
N3,NORMAL,0.18,0.62,0.38,0.048,1.25,29.1,88.8,69.7,0.017,0.1,0.019,5.8,LOW
N3,NORMAL,0.16,0.29,0.03,0.138,0.4,28.0,74.2,79.0,0.041,0.087,0.006,2.0,LOW
N3,NORMAL,0.12,0.22,0.74,0.149,-0.57,29.9,89.7,97.9,0.03,0.022,0.015,6.3,LOW
N2,NORMAL,0.71,2.27,0.03,0.094,1.52,31.7,67.5,98.0,0.021,0.031,0.014,9.7,LOW
N3,WARNING,3.24,4.44,1.74,0.538,6.3,37.6,86.6,97.4,0.174,0.571,0.114,42.9,MEDIUM
N3,WARNING,3.29,3.22,3.01,0.52,6.64,35.4,82.6,78.7,0.129,0.474,0.146,41.4,MEDIUM
N2,NORMAL,0.93,1.51,0.88,0.165,2.23,34.2,83.6,90.5,0.028,0.07,0.015,15.3,LOW
N3,NORMAL,0.26,2.09,0.31,0.162,-1.08,25.6,81.6,77.9,0.0,0.002,0.004,10.0,LOW
N5,NORMAL,0.77,0.64,0.75,0.118,-0.45,31.9,94.4,65.3,0.02,0.072,0.014,8.0,LOW
N5,WARNING,2.32,5.93,3.98,0.489,18.27,34.5,70.0,66.7,0.281,0.454,0.236,50.5,HIGH
N4,SUBSIDENCE,6.2,10.5,13.77,3.716,65.0,30.5,65.7,69.3,1.272,4.431,0.492,100.0,CRITICAL
N5,NORMAL,0.96,1.71,0.78,0.088,3.15,31.6,93.7,97.3,0.03,0.033,0.008,13.0,LOW
N1,NORMAL,1.19,0.24,0.72,0.163,3.17,34.0,88.4,93.7,0.021,0.072,0.009,13.4,LOW
N1,SUBSIDENCE,9.69,13.92,20.85,1.486,61.82,39.0,70.7,78.0,0.944,3.436,1.127,100.0,CRITICAL
N1,SUBSIDENCE,5.23,32.88,7.83,3.744,108.71,30.5,70.7,88.8,0.775,3.536,0.916,100.0,CRITICAL
N2,NORMAL,0.27,0.85,0.92,0.101,3.98,25.4,93.8,73.0,0.038,0.038,0.004,7.9,LOW
N5,NORMAL,0.84,1.88,0.2,0.131,-1.93,37.8,73.6,84.4,0.021,0.035,0.019,8.2,LOW
N1,NORMAL,0.92,0.64,0.69,0.061,-0.82,29.7,77.4,90.8,0.043,0.05,0.006,6.7,LOW
N4,NORMAL,1.08,1.29,0.32,0.136,4.34,36.1,80.4,94.5,0.006,0.08,0.011,8.3,LOW
N2,NORMAL,0.71,0.53,0.0,0.119,2.14,35.3,93.1,80.3,0.011,0.085,0.017,6.5,LOW
N4,NORMAL,0.87,2.28,0.46,0.119,1.59,32.8,73.4,94.3,0.049,0.044,0.006,11.6,LOW
N5,NORMAL,1.08,0.99,0.36,0.034,-0.21,25.1,69.9,75.1,0.003,0.076,0.004,5.0,LOW
N3,NORMAL,0.56,2.27,0.28,0.135,4.26,24.8,79.5,76.2,0.043,0.02,0.006,11.1,LOW
N4,WARNING,2.45,5.02,3.21,0.562,17.86,25.3,74.1,99.5,0.059,0.341,0.095,42.9,MEDIUM
N3,NORMAL,1.0,2.04,0.84,0.158,0.28,35.2,65.5,98.0,0.016,0.034,0.016,12.5,LOW
N2,NORMAL,0.41,1.64,0.64,0.038,2.87,35.3,84.1,67.7,0.027,0.061,0.009,10.8,LOW
N4,NORMAL,0.93,1.36,0.04,0.083,0.81,24.8,91.4,77.8,0.04,0.023,0.009,5.7,LOW
N4,NORMAL,1.04,1.76,0.32,0.134,1.28,33.6,78.9,70.4,0.017,0.067,0.015,7.5,LOW
N6,SUBSIDENCE,10.39,20.83,15.03,1.148,90.52,38.1,88.9,98.5,1.729,2.462,0.935,100.0,CRITICAL
N2,NORMAL,0.39,1.28,0.46,0.096,4.39,31.5,77.5,81.6,0.01,0.089,0.011,7.9,LOW
N2,NORMAL,0.98,1.33,0.78,0.087,-0.72,34.8,76.2,83.2,0.021,0.072,0.017,10.3,LOW
N1,WARNING,2.03,6.37,2.31,0.616,5.38,29.5,88.7,63.8,0.135,0.715,0.094,40.9,MEDIUM
N5,NORMAL,0.44,1.98,0.96,0.145,-0.79,27.4,75.2,96.1,0.042,0.048,0.016,11.2,LOW
N4,SUBSIDENCE,11.24,18.55,5.5,3.955,57.53,26.6,94.5,71.8,0.48,2.088,0.602,100.0,CRITICAL
N4,NORMAL,0.4,1.17,0.41,0.089,4.35,33.8,69.7,73.2,0.003,0.094,0.013,7.9,LOW
N2,NORMAL,0.16,1.7,0.34,0.108,3.27,36.1,72.9,74.5,0.028,0.007,0.001,8.0,LOW
N2,NORMAL,0.34,1.81,0.39,0.093,2.72,30.2,70.8,68.9,0.031,0.077,0.015,8.4,LOW
N5,NORMAL,0.88,0.8,0.44,0.037,-1.14,32.0,87.3,61.3,0.012,0.008,0.005,7.3,LOW
N2,WARNING,2.58,4.5,1.68,0.198,14.78,29.8,90.3,66.0,0.247,0.471,0.198,38.7,MEDIUM
N3,WARNING,3.09,5.12,3.24,0.317,19.58,35.3,69.9,79.0,0.233,0.439,0.125,47.1,MEDIUM
N3,NORMAL,1.0,2.14,0.12,0.156,-1.91,24.1,86.9,77.3,0.043,0.026,0.012,10.4,LOW
N6,NORMAL,1.03,1.48,0.83,0.118,3.22,36.2,91.4,75.4,0.037,0.025,0.012,11.6,LOW
N3,WARNING,1.95,6.1,3.34,0.2,7.8,35.5,87.7,92.4,0.245,0.406,0.174,37.2,MEDIUM
N3,SUBSIDENCE,7.87,13.84,12.52,4.073,57.91,36.1,73.2,70.7,0.929,3.632,0.345,100.0,CRITICAL
N5,NORMAL,0.74,0.79,0.64,0.165,0.83,30.0,94.7,65.1,0.047,0.094,0.004,6.1,LOW
N4,NORMAL,0.62,1.19,0.81,0.046,-0.45,31.4,86.2,75.2,0.009,0.017,0.005,3.5,LOW
N3,NORMAL,0.59,2.02,0.53,0.114,1.63,36.3,77.0,76.6,0.039,0.018,0.02,9.7,LOW
N6,SUBSIDENCE,10.72,24.49,13.15,3.324,64.1,31.9,66.4,72.3,0.981,0.937,0.416,100.0,CRITICAL
N2,NORMAL,0.58,0.43,0.07,0.023,1.4,24.3,66.8,96.7,0.007,0.069,0.01,4.3,LOW
N3,NORMAL,0.24,1.94,0.25,0.071,-1.83,36.7,81.4,98.1,0.028,0.047,0.015,4.7,LOW
N6,WARNING,1.54,4.4,3.49,0.495,21.41,25.3,70.7,63.8,0.165,0.113,0.038,40.3,MEDIUM
N5,NORMAL,0.22,1.66,0.12,0.094,-1.56,36.3,87.8,96.8,0.013,0.092,0.001,4.7,LOW
N2,NORMAL,0.97,2.1,0.11,0.154,1.34,33.0,86.8,75.5,0.018,0.015,0.0,9.5,LOW
N6,NORMAL,0.28,0.53,0.17,0.029,0.52,35.4,73.6,84.1,0.031,0.045,0.003,3.0,LOW
N3,NORMAL,0.37,1.57,0.13,0.125,2.01,36.6,68.8,88.1,0.026,0.022,0.011,9.7,LOW
N4,NORMAL,0.23,0.98,0.68,0.11,2.75,30.9,75.2,71.2,0.048,0.097,0.018,6.0,LOW
N2,NORMAL,0.73,1.24,0.99,0.106,0.3,33.3,68.7,90.2,0.032,0.004,0.002,11.3,LOW
N2,NORMAL,0.17,1.57,0.68,0.145,4.2,35.6,91.7,89.9,0.016,0.072,0.002,7.7,LOW
N4,NORMAL,0.41,0.34,0.42,0.063,1.71,36.1,89.4,68.4,0.02,0.014,0.017,3.0,LOW
N2,WARNING,2.19,3.44,3.0,0.639,22.45,27.5,74.4,81.3,0.187,0.6,0.046,44.2,MEDIUM
N3,WARNING,3.44,7.25,1.74,0.313,18.07,26.7,91.6,93.2,0.294,0.207,0.24,45.0,MEDIUM
N2,NORMAL,1.07,2.25,0.22,0.145,2.77,34.2,73.1,92.8,0.044,0.049,0.008,12.4,LOW
N3,NORMAL,0.41,0.3,0.55,0.154,2.83,29.3,66.7,61.7,0.049,0.014,0.007,5.5,LOW
N4,NORMAL,0.13,1.14,0.84,0.134,1.13,29.4,76.1,70.4,0.013,0.002,0.004,6.0,LOW
N1,NORMAL,1.2,1.23,0.27,0.085,-0.04,30.9,79.7,66.3,0.018,0.013,0.0,9.9,LOW
N4,NORMAL,1.02,0.64,0.77,0.05,-0.03,27.7,79.5,89.4,0.013,0.023,0.019,7.5,LOW
N3,WARNING,1.93,2.56,3.29,0.342,31.2,36.2,88.8,81.2,0.173,0.537,0.239,42.3,MEDIUM
N5,NORMAL,0.29,2.13,0.09,0.162,3.36,34.2,94.3,94.3,0.04,0.038,0.002,10.9,LOW
N4,NORMAL,1.03,1.65,0.12,0.158,-0.45,25.0,72.6,92.7,0.013,0.076,0.014,8.4,LOW
N5,NORMAL,1.14,0.81,0.76,0.101,0.66,32.3,84.3,80.7,0.045,0.055,0.014,8.0,LOW
N5,WARNING,2.43,7.19,1.91,0.6,13.06,33.6,87.7,91.9,0.068,0.732,0.114,43.3,MEDIUM
N3,NORMAL,0.35,1.71,0.76,0.039,-1.01,33.0,79.9,64.3,0.018,0.03,0.016,6.9,LOW
N3,WARNING,1.46,5.34,3.65,0.622,31.45,37.2,79.3,94.4,0.191,0.255,0.027,49.0,MEDIUM
N1,NORMAL,0.91,2.11,0.21,0.129,3.06,24.1,78.6,90.2,0.028,0.084,0.02,9.0,LOW
N6,SUBSIDENCE,9.67,25.31,19.16,3.079,76.13,38.2,85.9,94.4,0.709,2.159,1.486,100.0,CRITICAL
N2,SUBSIDENCE,4.66,17.9,19.93,2.374,79.32,27.1,94.7,98.9,1.625,2.295,0.852,100.0,CRITICAL
N4,NORMAL,0.43,2.16,0.74,0.043,-1.83,30.9,94.9,71.5,0.001,0.007,0.013,6.7,LOW
N3,NORMAL,0.9,1.09,0.1,0.16,0.8,24.4,94.0,65.0,0.046,0.094,0.016,9.5,LOW
N4,NORMAL,1.12,1.6,0.38,0.135,1.55,29.1,75.6,78.9,0.04,0.051,0.007,10.5,LOW
N6,NORMAL,0.22,1.72,0.34,0.11,1.69,27.4,66.0,77.0,0.043,0.086,0.02,9.8,LOW
N6,WARNING,3.26,5.8,2.12,0.62,26.37,31.8,81.6,68.3,0.228,0.46,0.142,52.6,HIGH
N5,WARNING,1.77,4.56,3.57,0.444,32.79,26.1,72.1,86.5,0.248,0.703,0.051,50.5,HIGH
N2,WARNING,2.3,3.43,3.24,0.475,26.93,26.2,78.0,63.4,0.277,0.74,0.089,47.0,MEDIUM
N1,WARNING,1.3,7.88,3.92,0.381,29.62,31.7,89.6,99.2,0.106,0.392,0.187,53.7,HIGH
N4,NORMAL,0.11,2.33,0.41,0.085,-2.0,26.3,71.5,72.1,0.042,0.076,0.018,5.1,LOW
N2,NORMAL,0.68,0.99,0.3,0.049,-0.89,35.5,86.0,93.2,0.024,0.045,0.016,6.3,LOW
N1,WARNING,1.45,5.02,1.86,0.324,26.38,33.0,69.3,90.7,0.258,0.18,0.049,37.1,MEDIUM
N4,NORMAL,1.01,1.4,0.91,0.023,-0.42,24.0,84.0,61.1,0.039,0.096,0.019,9.8,LOW
N2,WARNING,2.81,6.72,3.57,0.482,30.5,31.1,80.1,91.0,0.281,0.473,0.141,57.7,HIGH
N3,NORMAL,0.17,1.24,0.52,0.054,1.79,37.3,77.4,85.2,0.023,0.074,0.007,5.1,LOW
N4,NORMAL,0.34,1.78,0.51,0.075,0.44,27.9,93.8,72.1,0.019,0.044,0.005,7.6,LOW
N2,SUBSIDENCE,8.83,20.78,18.6,3.151,59.62,33.6,89.2,62.0,1.375,3.6,0.423,100.0,CRITICAL
N6,NORMAL,0.66,2.13,0.95,0.125,0.29,34.2,66.1,84.1,0.03,0.003,0.009,11.4,LOW
N1,SUBSIDENCE,8.5,15.02,14.25,2.163,70.91,36.6,67.3,71.1,0.788,3.798,0.707,100.0,CRITICAL
N2,SUBSIDENCE,6.92,22.97,11.94,3.001,78.05,37.5,89.3,67.8,1.082,3.899,0.495,100.0,CRITICAL
N3,WARNING,2.64,3.73,3.83,0.461,11.11,27.4,87.1,97.2,0.209,0.595,0.159,43.5,MEDIUM
N4,WARNING,3.39,6.24,3.52,0.738,6.3,36.8,94.5,96.2,0.169,0.304,0.129,45.9,MEDIUM
N4,NORMAL,0.32,2.05,0.82,0.113,3.0,27.6,93.0,73.2,0.045,0.099,0.001,10.4,LOW
N4,SUBSIDENCE,4.41,19.59,13.33,2.082,94.12,37.9,90.9,82.7,1.217,2.409,1.497,100.0,CRITICAL
N3,NORMAL,0.96,0.97,0.33,0.163,2.18,29.6,65.8,87.2,0.017,0.085,0.009,6.7,LOW
N1,NORMAL,0.69,0.92,0.14,0.049,-0.43,30.5,79.2,92.9,0.043,0.048,0.014,5.9,LOW
N4,WARNING,2.97,3.78,2.88,0.568,17.14,33.7,89.3,75.8,0.067,0.36,0.102,40.2,MEDIUM
N1,NORMAL,0.81,1.68,0.65,0.109,2.4,24.2,80.6,76.5,0.043,0.092,0.002,13.3,LOW
N2,NORMAL,0.6,1.25,0.9,0.122,1.1,24.2,79.3,98.4,0.023,0.084,0.004,8.0,LOW
N6,NORMAL,1.0,1.14,0.18,0.111,4.16,37.5,81.6,82.2,0.036,0.054,0.015,11.0,LOW
N6,NORMAL,0.63,1.5,0.64,0.053,1.98,37.4,94.1,81.1,0.001,0.094,0.001,10.6,LOW
N1,SUBSIDENCE,6.33,14.84,6.92,1.571,70.72,33.4,65.6,65.3,1.414,2.275,1.226,100.0,CRITICAL
N1,NORMAL,0.73,0.57,0.61,0.091,2.83,35.2,65.6,75.7,0.015,0.082,0.008,6.2,LOW
N6,SUBSIDENCE,5.37,24.42,21.04,1.298,41.6,35.1,68.5,67.9,0.388,1.256,0.327,100.0,CRITICAL
N4,WARNING,2.68,4.95,1.16,0.733,23.0,24.8,67.1,91.1,0.203,0.697,0.229,49.7,MEDIUM
N5,WARNING,2.8,3.69,1.96,0.528,28.67,28.6,68.0,99.4,0.201,0.654,0.073,47.3,MEDIUM
N5,NORMAL,0.99,1.85,0.19,0.132,4.04,34.7,79.5,76.2,0.041,0.075,0.008,9.9,LOW
N3,WARNING,3.42,3.31,3.59,0.364,20.49,26.6,87.6,77.8,0.141,0.452,0.208,45.5,MEDIUM
N6,NORMAL,1.13,1.46,0.04,0.166,4.47,36.8,75.9,60.9,0.009,0.097,0.009,8.7,LOW
N6,WARNING,3.03,7.37,1.49,0.496,29.95,34.1,92.6,76.7,0.165,0.652,0.167,50.0,HIGH
N3,NORMAL,0.95,1.84,0.44,0.081,4.17,27.9,91.2,74.9,0.01,0.032,0.019,12.5,LOW
N5,SUBSIDENCE,8.19,22.74,7.98,3.134,107.5,26.0,81.6,84.9,1.639,4.446,1.114,100.0,CRITICAL
N2,SUBSIDENCE,4.52,38.65,17.14,2.297,56.9,35.2,93.5,68.1,0.633,4.368,1.253,100.0,CRITICAL
N4,NORMAL,1.04,1.54,0.93,0.126,3.19,33.7,77.3,94.4,0.011,0.034,0.006,11.6,LOW
N4,NORMAL,0.33,2.03,0.81,0.12,-0.96,34.3,75.2,60.7,0.016,0.04,0.009,10.6,LOW
N2,WARNING,3.19,4.88,1.85,0.647,31.37,34.0,66.7,75.6,0.233,0.348,0.073,51.1,HIGH
N2,NORMAL,0.93,1.55,0.73,0.112,-0.32,37.5,71.1,60.6,0.024,0.077,0.005,8.4,LOW
N5,SUBSIDENCE,10.11,42.35,8.44,1.285,51.79,25.6,69.7,69.7,1.242,2.942,1.027,100.0,CRITICAL
N3,NORMAL,0.87,1.6,0.62,0.111,3.21,32.5,88.9,97.7,0.047,0.067,0.015,11.1,LOW
N2,NORMAL,0.77,0.62,0.77,0.124,4.54,37.5,88.5,94.6,0.014,0.097,0.011,11.3,LOW
N3,SUBSIDENCE,6.25,16.12,15.23,2.041,108.94,33.0,65.1,69.8,1.043,1.209,0.874,100.0,CRITICAL
N1,WARNING,1.2,5.59,1.88,0.279,30.16,34.8,69.0,94.9,0.058,0.584,0.152,37.5,MEDIUM
N4,WARNING,1.94,2.55,2.97,0.67,15.61,34.5,93.2,76.8,0.182,0.389,0.03,38.2,MEDIUM
N5,NORMAL,0.26,1.36,0.9,0.117,-0.51,36.8,88.8,97.0,0.028,0.033,0.0,5.2,LOW
N4,WARNING,2.77,4.97,2.48,0.297,16.59,27.6,93.3,85.9,0.091,0.431,0.169,40.2,MEDIUM
N5,NORMAL,0.34,0.58,0.17,0.176,-0.34,32.6,67.4,66.4,0.008,0.016,0.007,2.7,LOW
N1,WARNING,3.45,5.9,1.42,0.494,12.23,32.6,69.1,80.7,0.293,0.372,0.053,45.3,MEDIUM
N4,WARNING,3.16,4.4,2.43,0.242,24.39,26.1,90.2,85.2,0.078,0.329,0.213,39.8,MEDIUM
N1,NORMAL,0.26,0.59,0.66,0.137,2.59,31.4,82.8,87.5,0.036,0.036,0.0,4.9,LOW
N5,NORMAL,0.35,0.59,0.83,0.155,4.91,30.7,66.1,83.0,0.017,0.006,0.01,10.4,LOW
N2,NORMAL,0.39,0.47,0.6,0.065,1.93,33.1,91.0,89.6,0.001,0.037,0.017,6.1,LOW
N4,WARNING,2.86,7.29,1.06,0.419,33.81,37.1,91.2,87.1,0.094,0.558,0.202,48.0,MEDIUM
N1,NORMAL,0.88,0.99,0.22,0.173,4.83,30.5,90.3,77.2,0.021,0.041,0.009,10.3,LOW
N6,WARNING,3.23,6.32,3.9,0.564,17.37,24.6,84.2,60.7,0.279,0.261,0.242,55.4,HIGH
N4,NORMAL,0.32,1.27,0.16,0.178,3.41,27.7,87.7,83.4,0.043,0.098,0.013,9.2,LOW
N4,WARNING,1.82,4.52,2.82,0.405,12.05,33.7,76.3,97.8,0.157,0.264,0.221,38.5,MEDIUM
N4,WARNING,2.09,5.66,2.54,0.249,17.71,28.2,67.7,88.8,0.069,0.219,0.201,34.9,MEDIUM
N3,NORMAL,0.98,1.53,0.92,0.156,1.87,37.7,89.0,75.0,0.037,0.033,0.013,12.5,LOW
N1,NORMAL,1.13,2.1,0.04,0.139,4.83,25.5,85.2,69.1,0.016,0.028,0.013,10.9,LOW
N1,NORMAL,0.6,2.25,0.8,0.037,3.33,30.6,75.2,83.4,0.021,0.099,0.006,10.9,LOW
N4,WARNING,1.81,7.52,2.85,0.717,25.42,37.9,91.3,93.9,0.096,0.111,0.114,47.6,MEDIUM
N2,WARNING,2.51,3.02,1.05,0.658,10.32,34.4,70.8,72.9,0.069,0.597,0.02,32.5,MEDIUM
N4,NORMAL,0.29,1.99,0.48,0.047,-1.73,31.0,78.0,91.8,0.049,0.071,0.014,7.1,LOW
N3,WARNING,3.1,2.84,3.58,0.614,19.59,25.9,81.5,98.8,0.169,0.684,0.203,50.9,HIGH
N5,NORMAL,0.91,2.44,0.78,0.104,2.23,37.0,74.3,93.2,0.035,0.073,0.015,11.6,LOW
N3,NORMAL,0.73,2.24,0.63,0.17,0.97,33.7,86.7,61.2,0.005,0.064,0.015,13.0,LOW
N2,SUBSIDENCE,11.7,17.77,11.45,2.194,103.01,30.0,79.8,64.6,1.416,3.095,0.4,100.0,CRITICAL
N4,NORMAL,0.73,0.69,0.82,0.153,2.19,35.0,88.7,79.4,0.018,0.004,0.013,11.2,LOW
N1,NORMAL,0.25,0.35,0.06,0.06,-1.01,33.7,75.5,91.0,0.008,0.07,0.004,2.7,LOW
N6,NORMAL,0.27,0.25,0.09,0.175,1.77,25.6,77.7,92.9,0.03,0.097,0.016,6.7,LOW
N4,NORMAL,0.83,0.7,0.81,0.109,3.52,36.1,79.0,61.2,0.031,0.046,0.015,9.2,LOW
N2,NORMAL,0.75,0.41,0.32,0.108,0.42,29.4,73.7,85.1,0.014,0.002,0.005,6.1,LOW
N1,NORMAL,0.83,1.99,0.19,0.119,1.01,33.0,81.8,85.3,0.016,0.048,0.01,8.9,LOW
N3,WARNING,3.46,6.96,1.88,0.484,11.88,25.9,65.2,75.1,0.18,0.598,0.035,44.0,MEDIUM
N5,NORMAL,0.94,1.23,0.57,0.114,-1.37,29.9,87.5,61.8,0.009,0.092,0.009,9.4,LOW
N5,NORMAL,1.02,1.74,0.14,0.03,-1.98,28.0,81.9,64.5,0.015,0.032,0.004,6.9,LOW
N4,NORMAL,0.32,1.49,0.7,0.169,1.57,36.4,88.4,89.4,0.006,0.059,0.02,11.3,LOW
N3,NORMAL,0.93,0.41,0.52,0.13,-1.49,25.7,77.7,81.7,0.046,0.013,0.002,5.9,LOW
N6,WARNING,1.42,6.82,1.6,0.499,19.73,31.5,94.6,73.3,0.276,0.725,0.075,40.0,MEDIUM
N6,SUBSIDENCE,4.13,34.57,13.06,3.992,78.14,33.9,90.4,83.9,1.067,4.185,0.725,100.0,CRITICAL
N2,NORMAL,0.43,1.48,0.43,0.178,-1.64,30.0,92.3,81.6,0.038,0.002,0.012,6.3,LOW
N5,SUBSIDENCE,10.53,32.87,12.05,1.915,43.78,33.4,94.3,88.2,0.32,0.805,0.532,100.0,CRITICAL
N3,NORMAL,0.18,1.68,0.49,0.122,2.36,33.8,76.6,64.9,0.007,0.092,0.011,5.5,LOW
N4,NORMAL,0.86,2.37,0.58,0.052,2.36,34.3,80.3,76.7,0.021,0.04,0.018,9.6,LOW
N1,NORMAL,0.37,0.99,0.54,0.028,0.5,24.2,73.8,70.4,0.025,0.061,0.015,6.4,LOW
N4,NORMAL,0.67,1.27,0.08,0.142,2.81,32.5,66.5,98.4,0.041,0.011,0.01,6.6,LOW
N4,NORMAL,0.97,0.76,0.63,0.043,4.11,30.7,84.6,69.8,0.005,0.09,0.017,8.0,LOW
N3,WARNING,2.08,3.7,2.58,0.362,15.55,35.3,90.5,69.8,0.161,0.711,0.146,36.6,MEDIUM
N5,NORMAL,0.96,1.69,0.51,0.034,2.01,30.7,78.2,79.6,0.008,0.082,0.019,11.6,LOW
N3,SUBSIDENCE,4.07,16.77,20.93,1.941,79.35,38.0,76.7,96.9,1.274,4.045,0.548,100.0,CRITICAL
N1,NORMAL,0.55,0.44,0.05,0.175,-1.15,29.9,79.3,64.0,0.027,0.053,0.008,3.4,LOW
N3,NORMAL,0.97,1.07,0.24,0.071,2.28,29.9,90.9,98.0,0.039,0.015,0.012,4.3,LOW
N2,WARNING,2.76,5.74,3.34,0.463,6.66,27.0,71.9,89.3,0.225,0.506,0.055,42.1,MEDIUM
N4,NORMAL,0.67,0.31,0.84,0.123,3.13,34.6,80.4,79.4,0.047,0.026,0.012,10.2,LOW
N5,NORMAL,1.12,0.76,0.65,0.175,-0.46,32.8,77.1,90.8,0.023,0.098,0.001,11.6,LOW
N6,WARNING,1.94,4.55,2.55,0.377,12.79,36.6,71.2,86.9,0.139,0.736,0.099,38.3,MEDIUM
N1,SUBSIDENCE,9.83,12.12,13.79,0.795,104.62,37.9,87.1,65.3,1.086,0.936,1.104,100.0,CRITICAL
N6,WARNING,2.44,6.53,3.4,0.189,13.51,33.8,94.6,77.0,0.271,0.281,0.129,41.4,MEDIUM
N4,WARNING,2.36,5.57,1.7,0.39,18.03,31.2,93.7,98.9,0.055,0.105,0.072,34.8,MEDIUM
N3,WARNING,2.69,7.05,3.7,0.658,21.31,30.0,84.3,87.8,0.226,0.103,0.169,53.0,HIGH
N6,SUBSIDENCE,4.33,40.36,7.16,0.786,67.23,28.6,72.9,71.3,0.434,4.337,0.605,100.0,CRITICAL
N2,NORMAL,0.17,1.44,0.02,0.139,3.37,25.7,94.4,93.8,0.02,0.097,0.016,9.4,LOW
N3,NORMAL,0.87,1.7,0.6,0.178,1.35,28.4,65.9,62.9,0.008,0.029,0.008,9.0,LOW
N4,NORMAL,0.11,1.76,0.66,0.031,0.21,35.5,91.5,68.2,0.014,0.045,0.007,4.2,LOW
N6,NORMAL,0.23,2.13,0.5,0.072,-1.64,30.2,82.9,66.9,0.03,0.021,0.001,6.2,LOW
N1,WARNING,2.7,3.54,1.06,0.265,22.61,37.3,80.7,69.8,0.209,0.705,0.034,37.2,MEDIUM
N6,WARNING,2.04,2.81,1.33,0.683,8.18,29.7,68.6,61.8,0.064,0.519,0.108,34.4,MEDIUM
N6,NORMAL,1.05,1.1,0.11,0.052,-1.28,32.7,85.3,88.5,0.024,0.08,0.008,6.7,LOW
N5,NORMAL,0.77,1.47,0.48,0.096,0.33,28.2,78.4,92.1,0.025,0.048,0.006,8.0,LOW
N6,WARNING,1.77,7.15,3.17,0.329,5.41,29.3,66.9,92.4,0.069,0.718,0.206,43.1,MEDIUM
N4,NORMAL,0.38,2.39,0.52,0.134,1.23,29.8,70.5,88.8,0.001,0.006,0.02,6.7,LOW
N1,WARNING,3.23,3.97,2.71,0.32,29.68,32.9,70.3,79.0,0.072,0.361,0.107,47.3,MEDIUM
N4,NORMAL,0.71,2.25,0.53,0.041,-1.29,34.5,72.5,93.3,0.046,0.098,0.003,9.3,LOW
N2,NORMAL,0.21,1.21,0.6,0.156,4.0,33.2,91.7,72.8,0.009,0.097,0.013,6.0,LOW
N3,NORMAL,0.56,2.47,0.02,0.159,3.9,32.8,78.4,64.1,0.013,0.082,0.007,9.8,LOW
N6,NORMAL,1.08,1.45,0.48,0.161,0.3,35.1,80.4,66.3,0.029,0.088,0.007,7.1,LOW
N5,WARNING,1.29,6.5,1.79,0.645,10.67,34.7,92.5,82.5,0.192,0.165,0.189,36.6,MEDIUM
N1,SUBSIDENCE,4.4,38.63,9.65,3.854,108.34,38.1,82.6,95.5,0.499,1.107,1.372,100.0,CRITICAL
N5,WARNING,3.34,5.55,3.06,0.53,10.24,27.0,92.3,91.4,0.159,0.577,0.16,50.8,HIGH
N5,NORMAL,0.18,0.99,1.0,0.082,2.64,31.1,89.8,60.3,0.005,0.031,0.018,7.3,LOW
N5,NORMAL,0.83,0.89,0.86,0.171,2.81,35.6,78.8,73.3,0.007,0.047,0.009,10.3,LOW
N6,WARNING,2.61,6.06,3.43,0.693,31.7,28.3,87.7,80.2,0.207,0.467,0.204,55.0,HIGH
N1,WARNING,1.48,6.64,2.95,0.227,18.51,26.7,66.0,91.8,0.172,0.557,0.176,44.7,MEDIUM
N1,NORMAL,1.18,2.36,0.5,0.105,4.51,30.7,88.6,91.3,0.027,0.028,0.014,13.3,LOW
N5,NORMAL,1.13,0.52,0.52,0.146,1.04,29.7,70.4,93.0,0.031,0.082,0.009,8.1,LOW
N3,WARNING,3.03,6.59,2.18,0.512,8.72,25.5,89.9,98.8,0.13,0.405,0.03,40.5,MEDIUM
N6,NORMAL,0.45,0.45,0.94,0.166,2.58,36.9,87.3,97.4,0.017,0.011,0.019,6.7,LOW
N6,NORMAL,0.25,0.45,0.19,0.054,3.79,30.4,70.3,94.1,0.046,0.022,0.009,5.1,LOW
N4,NORMAL,0.67,1.5,0.26,0.109,3.55,32.9,71.1,69.9,0.015,0.011,0.012,7.2,LOW
N6,NORMAL,0.27,2.32,0.21,0.022,3.88,30.3,71.7,77.0,0.04,0.046,0.016,7.0,LOW
N5,SUBSIDENCE,7.64,8.33,6.04,3.768,64.43,28.5,89.8,71.2,0.797,4.087,0.443,100.0,CRITICAL
N2,SUBSIDENCE,8.88,35.36,8.01,1.624,73.72,30.4,74.9,92.3,1.488,2.851,0.334,100.0,CRITICAL
N5,NORMAL,0.42,2.27,0.33,0.051,1.78,37.2,71.8,66.5,0.019,0.065,0.018,8.2,LOW
N1,NORMAL,1.13,2.07,0.26,0.149,3.19,30.7,83.3,67.7,0.013,0.091,0.006,10.9,LOW
N6,NORMAL,0.77,1.82,0.1,0.081,2.28,32.5,67.9,71.8,0.046,0.089,0.003,8.9,LOW
N6,NORMAL,0.76,0.39,0.89,0.153,1.31,26.0,74.2,74.6,0.025,0.088,0.001,8.9,LOW
N4,NORMAL,1.19,0.54,0.3,0.152,3.49,37.8,72.5,93.8,0.033,0.033,0.002,9.0,LOW
N2,WARNING,3.26,4.92,3.55,0.339,31.7,36.8,82.1,90.4,0.209,0.236,0.201,52.3,HIGH
N6,NORMAL,0.97,2.01,0.45,0.138,1.84,29.8,72.2,69.7,0.021,0.017,0.018,12.3,LOW
N4,NORMAL,0.37,0.21,0.44,0.163,-1.82,35.0,87.1,73.6,0.048,0.018,0.014,2.7,LOW
N4,NORMAL,0.87,1.29,0.15,0.052,-1.82,25.9,75.6,67.3,0.017,0.073,0.019,2.4,LOW
N2,NORMAL,0.94,2.32,0.11,0.165,-0.1,25.0,78.4,86.3,0.011,0.006,0.002,11.3,LOW
N5,NORMAL,0.3,0.7,0.17,0.149,-1.04,31.7,67.8,68.9,0.004,0.004,0.001,4.2,LOW
N5,NORMAL,1.02,2.43,0.86,0.174,2.69,37.6,86.3,98.3,0.049,0.05,0.016,14.1,LOW
N5,SUBSIDENCE,5.66,19.11,11.15,2.353,102.31,28.9,84.0,80.1,1.632,3.234,0.54,100.0,CRITICAL
N3,NORMAL,0.38,0.59,0.72,0.15,-0.17,37.5,68.9,94.2,0.021,0.071,0.009,5.8,LOW
N5,NORMAL,0.44,1.78,0.25,0.175,-1.65,35.8,93.5,62.7,0.026,0.091,0.009,8.1,LOW
N2,SUBSIDENCE,7.65,33.4,18.98,1.313,77.51,29.3,88.1,93.7,0.544,3.595,0.606,100.0,CRITICAL
N3,SUBSIDENCE,6.42,26.54,16.48,3.321,92.76,38.8,86.0,75.0,0.886,2.784,0.387,100.0,CRITICAL
N5,NORMAL,0.53,0.41,0.46,0.128,4.67,31.1,66.0,95.6,0.032,0.065,0.016,8.2,LOW
N3,WARNING,2.13,7.92,2.22,0.561,18.8,30.3,69.3,100.0,0.108,0.752,0.164,48.6,MEDIUM
N2,NORMAL,1.08,1.17,0.17,0.025,-0.94,30.1,79.2,60.7,0.027,0.082,0.007,5.9,LOW
N5,NORMAL,0.29,1.35,0.28,0.104,-1.24,31.4,76.7,87.3,0.04,0.078,0.013,6.7,LOW
N1,NORMAL,0.96,2.06,0.35,0.051,0.39,35.1,85.2,61.0,0.0,0.042,0.005,8.0,LOW
N6,WARNING,1.53,5.48,2.85,0.618,34.05,34.3,93.0,76.9,0.225,0.481,0.115,47.3,MEDIUM
N2,WARNING,2.54,3.64,3.57,0.587,15.64,26.6,90.0,83.3,0.269,0.78,0.086,48.1,MEDIUM
N4,NORMAL,1.07,1.0,0.58,0.112,-0.68,28.2,84.5,93.3,0.05,0.066,0.013,5.3,LOW
N4,NORMAL,0.99,2.32,0.15,0.049,2.97,32.3,87.5,65.5,0.04,0.067,0.003,11.8,LOW
N2,WARNING,1.33,3.9,1.27,0.265,11.1,28.1,74.3,98.7,0.183,0.209,0.159,25.5,MEDIUM
N4,NORMAL,0.99,1.18,0.45,0.038,3.91,26.6,84.0,60.1,0.0,0.014,0.011,9.1,LOW
N2,NORMAL,0.21,1.96,0.58,0.023,-0.56,31.6,67.6,86.3,0.012,0.085,0.012,7.7,LOW
N1,WARNING,1.56,5.37,2.78,0.66,29.19,28.6,67.0,88.8,0.098,0.741,0.021,49.4,MEDIUM
N2,WARNING,2.35,3.46,1.26,0.309,32.62,25.9,85.7,77.0,0.219,0.27,0.226,42.1,MEDIUM
N5,WARNING,1.82,3.94,2.5,0.711,27.27,26.7,94.3,81.4,0.216,0.713,0.151,47.8,MEDIUM
N5,SUBSIDENCE,6.18,36.79,12.35,0.793,59.0,28.1,82.2,99.5,0.986,2.179,0.94,100.0,CRITICAL
N3,NORMAL,0.93,1.77,0.2,0.113,3.74,33.4,89.1,85.2,0.012,0.009,0.013,9.6,LOW
N4,WARNING,3.15,3.96,1.11,0.598,16.58,35.6,76.7,95.4,0.102,0.136,0.194,37.9,MEDIUM
N6,WARNING,2.16,7.73,3.95,0.646,12.69,35.5,92.8,99.4,0.142,0.473,0.096,50.5,HIGH
N4,NORMAL,0.47,0.82,0.16,0.028,-0.76,35.5,83.6,82.5,0.014,0.039,0.002,2.6,LOW
N2,NORMAL,0.7,0.87,0.94,0.057,2.68,27.7,94.6,85.0,0.013,0.099,0.018,10.1,LOW
N6,NORMAL,0.9,0.85,0.22,0.157,-0.07,32.3,75.6,99.0,0.046,0.037,0.0,7.2,LOW
N6,NORMAL,0.53,0.92,0.57,0.137,4.77,24.1,79.7,92.3,0.003,0.042,0.013,10.6,LOW
N4,WARNING,1.32,4.37,2.2,0.588,13.87,30.6,66.4,63.1,0.112,0.181,0.249,35.8,MEDIUM
N6,WARNING,1.49,3.66,3.22,0.498,28.3,30.0,66.6,80.5,0.055,0.286,0.113,40.9,MEDIUM
N6,NORMAL,0.42,0.64,0.67,0.033,4.07,29.6,93.9,99.5,0.045,0.033,0.02,8.1,LOW
N5,NORMAL,1.01,0.49,0.58,0.137,-1.46,31.2,74.7,80.3,0.045,0.085,0.019,7.8,LOW
N1,SUBSIDENCE,9.7,23.4,10.33,1.016,68.54,25.6,79.5,90.9,0.889,3.254,0.798,100.0,CRITICAL
N2,NORMAL,1.14,0.64,0.42,0.156,-1.7,30.9,93.2,61.0,0.017,0.059,0.007,10.3,LOW
N4,NORMAL,0.19,0.65,0.38,0.095,-1.74,27.6,65.8,76.0,0.044,0.076,0.005,6.5,LOW
N5,NORMAL,0.38,1.62,0.55,0.173,3.57,28.5,81.7,79.8,0.004,0.07,0.002,9.4,LOW
N3,NORMAL,0.86,2.06,0.83,0.029,2.49,38.0,66.3,63.5,0.048,0.076,0.01,10.1,LOW
N6,NORMAL,0.94,1.46,0.12,0.08,-1.55,28.5,72.0,74.5,0.026,0.01,0.0,3.6,LOW
N6,NORMAL,0.49,1.65,0.68,0.04,1.42,24.3,68.0,67.1,0.044,0.015,0.019,8.6,LOW
N4,NORMAL,0.62,0.89,0.42,0.171,0.39,36.6,73.5,81.9,0.042,0.007,0.016,6.0,LOW
N1,NORMAL,0.31,0.41,0.77,0.121,3.27,24.9,73.5,71.9,0.022,0.025,0.009,7.6,LOW
N1,NORMAL,0.89,0.32,0.25,0.064,1.86,29.9,80.8,61.5,0.012,0.013,0.005,5.8,LOW
N4,NORMAL,0.44,1.96,0.6,0.093,1.17,36.2,79.1,86.8,0.018,0.034,0.008,8.1,LOW
N4,WARNING,3.06,4.88,3.52,0.746,20.12,32.6,91.6,86.0,0.151,0.664,0.169,53.4,HIGH
N5,WARNING,2.68,3.64,3.06,0.7,22.29,30.2,65.1,66.2,0.276,0.338,0.03,46.9,MEDIUM
N4,NORMAL,0.31,1.43,0.95,0.023,-0.34,25.3,84.3,68.1,0.048,0.088,0.017,5.2,LOW
N3,NORMAL,0.82,1.18,0.64,0.089,4.35,34.3,70.6,64.9,0.001,0.019,0.017,11.2,LOW
N5,WARNING,1.92,5.15,1.14,0.662,20.63,36.2,69.5,73.4,0.28,0.328,0.031,39.5,MEDIUM
N6,NORMAL,0.61,1.33,0.02,0.104,-1.46,35.4,80.3,68.1,0.016,0.098,0.006,5.6,LOW
N6,NORMAL,0.89,1.48,0.53,0.025,0.34,24.5,69.9,99.4,0.037,0.08,0.016,6.8,LOW
N6,WARNING,1.56,3.67,3.41,0.404,8.49,31.0,65.5,64.7,0.081,0.159,0.062,32.5,MEDIUM
N6,SUBSIDENCE,11.21,40.43,19.0,3.187,84.61,39.2,84.0,98.6,0.713,2.039,0.545,100.0,CRITICAL
N2,WARNING,1.83,5.92,3.28,0.234,25.01,30.2,92.6,69.6,0.092,0.33,0.185,39.0,MEDIUM
N3,NORMAL,0.27,0.98,0.85,0.156,0.59,36.1,91.2,65.7,0.04,0.008,0.0,8.7,LOW
N5,WARNING,1.88,7.18,1.25,0.672,22.24,26.6,72.1,83.2,0.214,0.516,0.154,48.8,MEDIUM
N5,NORMAL,0.54,1.44,0.25,0.094,-1.0,31.0,81.5,80.4,0.002,0.095,0.014,6.4,LOW
N6,WARNING,3.27,6.76,1.98,0.304,7.0,28.4,69.0,96.9,0.087,0.443,0.067,36.2,MEDIUM
N1,NORMAL,0.14,1.01,0.26,0.021,4.5,32.5,78.8,83.8,0.016,0.05,0.012,4.4,LOW
N5,NORMAL,0.93,2.39,0.66,0.094,1.11,28.7,94.8,90.7,0.035,0.063,0.008,9.6,LOW
N3,WARNING,1.68,4.11,3.68,0.557,14.32,31.2,88.0,82.6,0.141,0.365,0.063,41.1,MEDIUM
N4,NORMAL,0.82,1.57,0.06,0.05,0.45,25.1,94.2,91.1,0.044,0.035,0.007,6.6,LOW
N3,NORMAL,0.94,1.08,0.08,0.062,3.97,34.0,78.6,97.3,0.009,0.089,0.011,8.4,LOW
N6,SUBSIDENCE,5.54,29.18,5.24,2.407,107.95,38.5,73.9,80.1,0.432,2.675,1.003,100.0,CRITICAL
N6,NORMAL,1.19,1.97,0.81,0.145,1.61,24.3,67.9,71.5,0.022,0.025,0.009,12.9,LOW
N2,NORMAL,0.47,1.83,0.17,0.147,3.61,29.9,67.7,86.2,0.029,0.049,0.009,7.3,LOW
N5,NORMAL,0.74,0.24,0.2,0.09,4.31,29.8,82.1,69.3,0.05,0.075,0.015,6.9,LOW
N5,WARNING,2.9,2.83,2.25,0.654,34.4,31.8,94.0,93.6,0.224,0.238,0.151,47.2,MEDIUM
N5,WARNING,1.31,3.71,3.53,0.734,13.84,35.6,87.2,62.1,0.223,0.315,0.029,39.0,MEDIUM
N6,NORMAL,0.26,2.5,0.65,0.148,0.72,28.7,85.2,91.0,0.026,0.062,0.016,11.2,LOW
N5,WARNING,3.05,5.25,2.42,0.24,19.93,37.6,72.0,67.0,0.225,0.744,0.049,45.5,MEDIUM
N1,NORMAL,0.23,2.48,0.56,0.063,0.22,24.9,90.0,96.6,0.048,0.09,0.007,6.8,LOW
N1,WARNING,3.13,7.52,2.73,0.659,33.32,34.1,89.1,69.2,0.272,0.511,0.192,59.3,HIGH
N4,NORMAL,0.1,1.37,0.77,0.04,1.73,35.9,83.3,96.8,0.016,0.084,0.002,7.7,LOW
N5,NORMAL,1.13,2.06,0.53,0.043,-0.42,30.1,79.3,89.7,0.021,0.073,0.011,10.3,LOW
N2,SUBSIDENCE,3.79,24.38,14.31,2.781,81.4,37.5,87.8,61.2,0.38,2.864,0.938,100.0,CRITICAL
N4,NORMAL,0.71,1.79,0.58,0.128,-1.18,24.4,78.1,99.7,0.008,0.058,0.016,7.5,LOW
N6,NORMAL,0.94,1.24,0.1,0.077,-0.92,36.6,83.2,60.3,0.046,0.069,0.017,6.2,LOW
N5,NORMAL,0.71,2.05,0.31,0.168,4.98,31.9,69.8,70.8,0.027,0.053,0.013,9.5,LOW
N1,SUBSIDENCE,5.22,10.67,6.53,4.105,76.62,28.6,93.3,69.0,0.489,3.438,0.846,100.0,CRITICAL
N2,NORMAL,0.21,0.67,0.91,0.157,4.26,33.3,94.8,88.6,0.046,0.008,0.014,7.3,LOW
N4,NORMAL,0.97,1.84,0.62,0.108,4.78,31.1,87.4,76.0,0.047,0.044,0.006,15.8,LOW
N2,NORMAL,0.69,0.89,0.43,0.173,-0.5,25.2,87.6,60.7,0.049,0.022,0.006,9.7,LOW
N5,NORMAL,0.97,1.53,0.75,0.145,-1.13,25.0,78.7,71.4,0.001,0.017,0.008,10.9,LOW
N3,NORMAL,0.5,2.36,0.72,0.125,2.57,25.1,73.7,64.2,0.028,0.051,0.018,12.9,LOW
N2,WARNING,1.23,2.58,1.07,0.569,8.34,35.4,83.7,73.3,0.101,0.393,0.082,29.0,MEDIUM
N2,SUBSIDENCE,6.2,33.3,7.07,1.718,61.51,39.4,92.4,80.9,0.982,1.505,0.447,100.0,CRITICAL
N6,NORMAL,0.94,1.75,0.08,0.103,-0.71,34.9,90.3,96.3,0.029,0.006,0.003,8.7,LOW
N1,NORMAL,1.09,2.29,0.09,0.126,2.91,32.0,91.2,71.6,0.013,0.099,0.006,10.9,LOW
N5,NORMAL,0.77,1.86,0.63,0.085,4.61,33.2,68.3,71.1,0.031,0.022,0.016,9.0,LOW
N2,NORMAL,0.27,0.37,0.23,0.065,1.27,33.1,93.4,65.7,0.048,0.094,0.015,5.7,LOW
N5,SUBSIDENCE,6.31,28.47,18.65,2.902,95.67,30.4,78.1,91.7,0.53,1.513,1.176,100.0,CRITICAL
N1,NORMAL,0.18,0.59,0.3,0.161,0.83,34.9,85.9,62.2,0.013,0.068,0.001,4.9,LOW
N6,NORMAL,0.65,1.13,0.16,0.045,-0.88,37.4,66.2,86.6,0.03,0.017,0.001,5.6,LOW
N5,WARNING,3.35,2.71,3.9,0.466,28.55,24.9,76.8,98.8,0.206,0.532,0.201,51.2,HIGH
N1,NORMAL,0.16,0.8,0.67,0.036,1.76,31.0,86.4,65.8,0.036,0.076,0.011,5.9,LOW
N1,WARNING,2.77,7.56,3.05,0.207,20.18,27.9,82.7,98.7,0.232,0.13,0.195,47.4,MEDIUM
N4,NORMAL,1.19,1.66,0.49,0.048,-0.54,27.1,81.1,83.7,0.021,0.07,0.015,10.8,LOW
N6,WARNING,3.25,7.32,3.45,0.474,6.95,35.9,76.4,97.5,0.134,0.535,0.167,44.7,MEDIUM
N6,SUBSIDENCE,4.89,9.85,7.18,2.345,96.72,26.0,66.2,79.6,0.531,2.828,1.221,100.0,CRITICAL
N5,WARNING,1.62,4.98,1.13,0.737,24.63,35.7,69.8,90.7,0.222,0.457,0.21,43.3,MEDIUM
N3,SUBSIDENCE,8.32,36.21,20.54,1.906,77.82,35.6,90.4,90.1,1.481,4.451,1.016,100.0,CRITICAL
N4,NORMAL,1.14,0.73,0.91,0.053,1.96,26.0,86.2,84.3,0.026,0.083,0.008,6.1,LOW
N6,NORMAL,1.01,1.94,0.89,0.154,2.8,34.2,66.8,90.3,0.023,0.002,0.006,12.3,LOW
N1,WARNING,2.39,7.27,2.98,0.635,10.15,36.7,88.2,74.6,0.093,0.248,0.097,44.8,MEDIUM
N6,NORMAL,1.11,1.99,0.66,0.09,2.56,36.4,82.8,92.3,0.03,0.078,0.005,11.2,LOW
N3,NORMAL,0.48,1.1,0.94,0.12,0.22,27.5,90.8,66.5,0.004,0.043,0.017,7.2,LOW
N2,NORMAL,0.24,1.59,0.8,0.145,1.81,26.9,92.9,87.1,0.032,0.026,0.011,7.4,LOW
N2,NORMAL,0.72,0.77,0.41,0.145,-0.32,36.4,77.4,91.3,0.006,0.031,0.016,4.5,LOW
N6,NORMAL,0.47,1.37,0.02,0.134,3.03,34.8,89.7,88.8,0.005,0.036,0.01,8.5,LOW
N6,NORMAL,0.34,1.02,0.25,0.122,2.53,35.2,90.0,91.9,0.001,0.073,0.005,6.6,LOW
N4,WARNING,2.14,4.42,2.31,0.481,12.5,38.0,79.5,97.9,0.283,0.453,0.037,41.0,MEDIUM
N6,NORMAL,0.53,0.72,0.74,0.089,4.17,35.6,71.2,79.6,0.023,0.034,0.019,9.3,LOW
N3,NORMAL,0.22,0.45,0.85,0.169,3.17,25.8,88.5,95.6,0.049,0.005,0.007,6.6,LOW
N6,NORMAL,0.59,2.11,0.85,0.042,0.64,33.3,91.3,76.5,0.009,0.067,0.008,7.4,LOW
N5,NORMAL,1.17,1.14,0.21,0.105,0.79,37.1,78.2,62.6,0.006,0.002,0.015,10.4,LOW
N3,SUBSIDENCE,9.8,40.08,9.83,1.516,60.28,26.5,73.4,69.1,1.662,2.346,1.068,100.0,CRITICAL
N4,NORMAL,0.17,0.48,0.42,0.109,0.18,24.5,72.7,96.9,0.021,0.076,0.005,6.3,LOW
N5,NORMAL,0.12,0.5,0.07,0.08,2.53,32.9,84.9,63.6,0.046,0.079,0.005,4.4,LOW
N5,WARNING,2.18,4.21,1.47,0.213,5.81,28.1,70.0,70.5,0.265,0.331,0.133,29.0,MEDIUM
N2,NORMAL,0.29,1.94,0.91,0.09,3.76,35.5,93.1,89.8,0.021,0.045,0.01,12.5,LOW
N3,NORMAL,1.08,1.68,0.84,0.109,3.41,26.2,84.6,79.3,0.035,0.075,0.005,12.6,LOW
N5,NORMAL,0.94,0.54,0.95,0.133,-1.84,36.6,90.1,60.4,0.029,0.031,0.005,6.7,LOW
N4,SUBSIDENCE,5.04,34.62,19.27,3.226,74.4,33.7,66.3,98.6,1.777,3.75,0.835,100.0,CRITICAL
N2,NORMAL,0.5,1.72,0.67,0.029,-0.14,32.1,72.0,98.0,0.033,0.091,0.016,5.5,LOW
N5,NORMAL,0.54,0.54,0.02,0.172,3.45,27.4,78.9,84.4,0.011,0.014,0.019,6.5,LOW
N3,NORMAL,0.17,0.99,0.94,0.132,0.57,32.2,76.0,80.3,0.04,0.084,0.003,8.8,LOW
N2,NORMAL,0.62,1.36,0.52,0.031,-0.76,27.3,75.9,73.4,0.028,0.094,0.015,7.8,LOW
N3,NORMAL,0.95,2.44,0.36,0.022,4.56,33.0,72.0,60.5,0.038,0.083,0.004,9.8,LOW
N3,NORMAL,0.27,2.32,0.22,0.114,4.78,28.5,75.9,61.1,0.004,0.081,0.012,9.8,LOW
N3,NORMAL,0.38,1.17,0.72,0.064,2.06,32.1,86.6,73.4,0.037,0.07,0.012,8.9,LOW
N2,SUBSIDENCE,7.33,43.75,16.03,2.544,78.37,32.8,70.3,77.9,0.457,2.99,1.296,100.0,CRITICAL
N5,WARNING,1.84,4.48,1.68,0.37,29.65,37.7,77.2,99.2,0.239,0.443,0.2,42.3,MEDIUM
N6,NORMAL,0.37,2.4,0.86,0.052,0.45,31.5,73.8,72.0,0.035,0.019,0.012,8.0,LOW
N1,WARNING,2.39,4.15,1.54,0.621,22.45,32.8,79.4,74.9,0.159,0.227,0.157,38.8,MEDIUM
N5,NORMAL,1.05,1.82,0.36,0.115,-0.36,33.0,89.3,91.2,0.001,0.087,0.016,11.0,LOW
N2,NORMAL,1.05,2.25,0.82,0.156,1.51,36.0,67.0,73.9,0.035,0.033,0.017,11.7,LOW
N1,WARNING,1.59,3.25,2.24,0.537,15.31,30.6,77.0,87.2,0.127,0.166,0.108,35.4,MEDIUM
N1,WARNING,1.86,6.44,3.65,0.517,16.66,27.5,69.5,62.0,0.095,0.753,0.193,48.8,MEDIUM
N1,WARNING,1.64,6.53,2.89,0.731,14.66,30.5,90.1,88.1,0.247,0.184,0.149,44.9,MEDIUM
N6,NORMAL,0.31,2.46,0.82,0.077,3.78,32.1,68.2,66.6,0.048,0.089,0.011,12.0,LOW
N4,SUBSIDENCE,11.85,36.48,4.46,2.639,60.9,29.0,93.1,61.6,0.767,2.859,0.65,100.0,CRITICAL
N2,NORMAL,0.58,1.38,0.44,0.125,-1.82,30.5,78.3,67.5,0.044,0.05,0.011,7.3,LOW
N6,SUBSIDENCE,7.79,23.59,12.43,0.798,44.82,27.9,85.9,71.6,1.445,2.351,1.179,100.0,CRITICAL
N6,SUBSIDENCE,9.49,11.21,10.01,1.162,82.22,25.8,89.6,97.5,0.889,1.075,0.908,100.0,CRITICAL
N4,NORMAL,0.99,2.39,0.9,0.163,-0.28,37.2,91.9,95.7,0.012,0.081,0.01,14.9,LOW
N1,WARNING,1.95,3.23,3.03,0.431,33.02,31.4,90.4,80.5,0.263,0.75,0.151,49.9,MEDIUM
N4,NORMAL,1.09,0.28,0.36,0.154,-0.53,28.5,87.0,87.1,0.02,0.001,0.006,8.2,LOW
N4,NORMAL,0.59,1.88,0.43,0.09,2.52,33.4,81.8,72.3,0.036,0.085,0.015,7.4,LOW
N6,NORMAL,0.39,2.14,0.72,0.126,-0.19,27.0,76.8,77.1,0.048,0.008,0.017,10.6,LOW
N2,NORMAL,0.83,1.46,0.19,0.025,3.02,35.5,88.9,93.0,0.025,0.036,0.006,8.8,LOW
N3,SUBSIDENCE,5.36,39.52,21.74,2.817,38.54,28.1,83.2,81.6,1.353,2.791,1.14,100.0,CRITICAL
N4,WARNING,2.59,6.5,2.63,0.363,14.27,28.9,83.6,72.5,0.224,0.565,0.117,45.9,MEDIUM
N4,NORMAL,1.16,1.57,0.59,0.042,2.27,30.7,89.3,64.0,0.015,0.045,0.011,10.1,LOW
N1,WARNING,1.58,3.36,3.45,0.247,34.14,26.1,84.7,76.0,0.292,0.794,0.245,45.4,MEDIUM
N1,SUBSIDENCE,9.72,23.02,10.9,3.869,72.09,30.4,72.6,95.4,1.41,3.205,1.072,100.0,CRITICAL
N6,NORMAL,0.13,0.6,0.13,0.172,-1.96,31.8,93.8,78.6,0.0,0.023,0.006,5.0,LOW
N1,SUBSIDENCE,5.95,38.23,10.94,1.239,94.59,26.9,72.7,75.7,0.304,1.559,1.044,100.0,CRITICAL
N5,NORMAL,0.54,2.44,0.68,0.026,-0.45,36.0,93.3,84.6,0.031,0.071,0.008,6.1,LOW
N4,WARNING,2.49,6.63,3.35,0.303,19.51,37.2,82.2,71.5,0.162,0.759,0.046,47.5,MEDIUM
N1,NORMAL,1.06,0.32,0.32,0.14,3.79,30.1,67.9,63.9,0.008,0.094,0.001,8.5,LOW
N2,NORMAL,1.11,2.28,0.62,0.175,1.44,31.2,88.3,73.4,0.039,0.01,0.008,10.3,LOW
N5,NORMAL,1.18,1.89,0.53,0.073,2.49,29.6,89.5,70.3,0.034,0.068,0.012,10.6,LOW
N6,WARNING,2.64,5.09,3.68,0.517,30.67,36.4,91.2,67.8,0.288,0.189,0.148,52.4,HIGH
N3,NORMAL,0.63,0.71,0.9,0.021,-0.47,27.4,75.9,67.0,0.02,0.022,0.019,4.5,LOW
N4,NORMAL,1.12,1.15,0.26,0.059,2.1,29.4,92.4,77.8,0.049,0.097,0.02,9.6,LOW
N4,NORMAL,0.66,1.4,0.06,0.048,4.2,35.6,71.1,95.2,0.045,0.02,0.006,7.0,LOW
N2,SUBSIDENCE,10.5,37.88,20.05,3.81,103.79,34.0,93.3,98.7,1.619,3.046,0.447,100.0,CRITICAL
N3,NORMAL,0.9,1.8,0.94,0.067,-0.94,27.1,70.8,79.4,0.015,0.095,0.004,11.2,LOW
N3,NORMAL,0.98,1.08,0.1,0.138,2.27,34.3,69.8,76.7,0.024,0.096,0.009,7.8,LOW
N6,NORMAL,0.33,1.0,0.48,0.048,3.62,26.5,84.3,60.9,0.019,0.09,0.013,10.1,LOW
N6,NORMAL,0.99,2.44,0.68,0.168,0.06,35.2,79.9,79.6,0.021,0.042,0.002,10.0,LOW
N5,WARNING,2.74,3.44,3.43,0.389,7.39,27.4,94.9,81.5,0.098,0.277,0.061,36.9,MEDIUM
N4,WARNING,2.59,3.41,1.13,0.357,28.09,25.5,78.2,100.0,0.19,0.108,0.201,36.3,MEDIUM
N1,NORMAL,0.23,2.07,0.8,0.091,4.92,29.2,73.9,84.2,0.015,0.032,0.003,11.4,LOW
N6,NORMAL,0.14,0.91,0.0,0.021,3.74,33.8,72.7,72.4,0.037,0.074,0.007,3.7,LOW
N2,WARNING,2.49,6.35,1.8,0.567,33.87,29.0,80.9,97.8,0.173,0.385,0.073,48.4,MEDIUM
N2,NORMAL,0.39,0.73,0.96,0.117,3.15,26.0,83.7,98.1,0.041,0.008,0.01,9.9,LOW
N2,WARNING,1.33,4.01,4.0,0.183,9.19,34.9,88.2,93.4,0.07,0.635,0.193,34.5,MEDIUM
N6,WARNING,2.98,5.16,3.24,0.521,16.0,24.3,74.5,76.2,0.259,0.652,0.06,48.6,MEDIUM
N6,WARNING,1.6,7.2,1.1,0.456,6.66,33.7,90.3,81.8,0.184,0.425,0.199,37.1,MEDIUM
N2,NORMAL,1.0,1.85,0.78,0.116,3.04,26.4,83.9,70.5,0.02,0.008,0.008,10.7,LOW
N6,NORMAL,1.15,0.82,0.1,0.161,0.9,31.5,74.8,71.7,0.018,0.089,0.013,6.2,LOW
N1,SUBSIDENCE,8.43,26.55,8.97,1.385,96.35,39.4,78.8,81.4,1.332,4.475,0.895,100.0,CRITICAL
N1,NORMAL,0.33,0.54,0.94,0.177,1.83,26.5,74.0,60.2,0.014,0.095,0.016,8.1,LOW
N5,WARNING,2.54,5.4,1.49,0.373,33.18,36.9,66.2,70.5,0.212,0.704,0.213,47.0,MEDIUM
N4,NORMAL,0.56,1.67,0.61,0.059,-0.65,37.5,68.4,88.2,0.022,0.025,0.019,8.3,LOW
N1,WARNING,1.72,6.45,3.3,0.207,25.86,31.9,80.5,95.4,0.274,0.251,0.047,41.2,MEDIUM
N5,NORMAL,0.6,1.15,0.71,0.032,-1.6,33.2,87.6,69.2,0.025,0.009,0.019,7.2,LOW
N3,NORMAL,0.64,0.51,0.2,0.111,-0.04,34.6,68.5,83.0,0.046,0.1,0.0,7.2,LOW
N4,NORMAL,0.35,2.42,0.88,0.115,-0.77,34.1,77.5,60.3,0.039,0.052,0.012,9.7,LOW
N1,WARNING,2.04,4.77,2.1,0.654,14.97,27.0,72.1,83.5,0.154,0.143,0.185,41.8,MEDIUM
N3,WARNING,3.46,4.76,1.98,0.201,28.62,24.4,79.9,96.2,0.115,0.638,0.085,43.1,MEDIUM
N5,NORMAL,0.33,0.55,0.18,0.13,0.57,31.6,69.0,80.3,0.013,0.034,0.006,4.6,LOW
N1,NORMAL,0.44,2.35,0.42,0.036,4.54,36.1,75.7,66.4,0.047,0.018,0.016,7.3,LOW
N1,WARNING,3.04,2.66,2.86,0.375,22.88,33.0,71.7,71.0,0.247,0.68,0.25,49.5,MEDIUM
N6,NORMAL,0.58,2.15,0.37,0.13,-1.68,35.1,69.2,76.1,0.022,0.017,0.019,9.3,LOW
N3,NORMAL,0.19,1.92,0.19,0.149,-1.48,26.3,74.7,79.8,0.029,0.061,0.007,5.8,LOW
N1,NORMAL,1.17,1.23,0.19,0.024,-1.94,26.4,75.5,87.5,0.021,0.03,0.002,7.2,LOW
N2,NORMAL,0.77,0.38,0.14,0.165,-1.5,28.1,86.8,63.8,0.01,0.032,0.005,8.2,LOW
N6,NORMAL,0.49,1.61,0.05,0.027,1.49,24.1,87.0,66.6,0.045,0.044,0.008,6.6,LOW
N6,NORMAL,0.87,1.0,0.04,0.072,2.62,27.3,94.0,69.1,0.038,0.064,0.014,5.5,LOW
N1,NORMAL,0.29,0.77,0.97,0.03,3.41,34.2,66.5,73.4,0.005,0.077,0.006,8.2,LOW
N6,NORMAL,0.61,0.25,0.18,0.047,1.37,27.1,72.0,97.9,0.007,0.098,0.018,3.8,LOW
N4,NORMAL,0.43,1.17,0.7,0.075,4.32,25.6,88.7,82.9,0.029,0.057,0.011,9.5,LOW
N3,NORMAL,0.16,2.16,0.73,0.066,0.0,37.2,78.4,81.5,0.025,0.001,0.016,6.3,LOW
N4,NORMAL,0.99,0.84,0.49,0.038,2.91,29.2,92.7,96.0,0.04,0.007,0.018,8.8,LOW
N5,WARNING,3.02,7.07,1.87,0.389,12.2,31.7,85.9,65.4,0.139,0.493,0.219,43.8,MEDIUM
N4,NORMAL,1.13,1.54,0.78,0.18,4.02,34.2,84.1,71.5,0.025,0.087,0.013,10.9,LOW
N2,NORMAL,0.47,1.48,0.87,0.092,1.78,31.9,94.3,80.3,0.018,0.002,0.013,8.3,LOW
N6,NORMAL,0.69,0.85,0.1,0.133,3.66,27.7,72.6,99.8,0.043,0.04,0.014,8.4,LOW
N6,NORMAL,1.03,0.79,0.43,0.11,-1.91,37.7,86.1,98.7,0.048,0.011,0.016,9.2,LOW
N2,NORMAL,0.12,1.02,0.48,0.145,2.58,35.5,88.1,92.7,0.037,0.014,0.017,5.6,LOW
N6,NORMAL,0.33,0.52,0.9,0.173,0.97,28.4,70.7,60.9,0.022,0.074,0.01,8.3,LOW
N4,SUBSIDENCE,8.5,13.26,19.45,4.141,69.33,27.4,84.4,72.6,0.473,2.957,0.967,100.0,CRITICAL
N5,NORMAL,1.03,1.55,0.43,0.174,1.44,25.2,77.7,95.8,0.044,0.026,0.009,8.5,LOW
N1,SUBSIDENCE,10.55,44.1,17.5,1.687,47.06,31.3,90.8,89.1,0.569,3.247,0.728,100.0,CRITICAL
N2,NORMAL,0.33,0.59,0.82,0.173,-0.7,34.5,92.2,85.8,0.048,0.043,0.018,6.0,LOW
N4,NORMAL,0.27,0.34,0.63,0.029,-0.35,36.8,93.1,99.3,0.01,0.043,0.012,3.5,LOW
N4,NORMAL,0.94,2.32,0.79,0.166,-1.27,31.2,81.9,88.1,0.048,0.023,0.011,12.6,LOW
N4,NORMAL,0.69,1.78,0.53,0.022,2.39,30.6,91.2,73.3,0.028,0.059,0.0,9.3,LOW
N1,NORMAL,0.59,0.48,0.45,0.083,4.18,31.4,91.6,67.6,0.002,0.095,0.012,10.3,LOW
N3,WARNING,1.68,7.31,3.79,0.658,6.24,26.2,92.6,73.4,0.213,0.416,0.206,46.2,MEDIUM
N6,NORMAL,0.46,0.61,0.01,0.07,-0.96,24.1,75.5,60.2,0.037,0.076,0.017,5.5,LOW
N6,SUBSIDENCE,7.82,41.63,11.34,3.764,106.07,33.6,75.4,74.7,0.657,0.838,1.174,100.0,CRITICAL
N5,WARNING,1.39,7.29,1.73,0.235,28.39,29.3,66.6,70.1,0.171,0.634,0.227,44.5,MEDIUM
N3,NORMAL,0.16,0.54,0.85,0.171,2.74,24.7,86.0,61.5,0.037,0.073,0.002,8.6,LOW
N6,NORMAL,0.99,1.56,0.11,0.125,2.24,29.3,85.9,90.1,0.019,0.082,0.006,7.1,LOW
N5,NORMAL,0.4,0.24,0.18,0.062,4.34,32.7,88.4,74.0,0.045,0.066,0.014,5.0,LOW
N5,NORMAL,0.7,1.74,0.47,0.144,4.53,33.7,73.5,72.9,0.033,0.007,0.012,9.3,LOW
N4,NORMAL,0.75,1.83,0.87,0.142,-1.06,27.7,68.7,63.8,0.017,0.015,0.015,10.4,LOW
N2,NORMAL,0.23,0.77,0.78,0.058,-0.03,24.0,67.5,89.6,0.044,0.044,0.01,6.0,LOW
N4,NORMAL,0.47,0.54,0.43,0.027,2.97,32.2,87.9,62.8,0.004,0.005,0.008,6.4,LOW
N1,NORMAL,0.47,0.82,0.74,0.079,2.39,27.3,66.8,66.9,0.024,0.057,0.007,9.9,LOW
N6,SUBSIDENCE,4.97,42.59,20.87,1.633,42.92,32.5,81.2,78.3,0.723,3.747,1.338,100.0,CRITICAL
N5,WARNING,1.62,2.77,2.86,0.635,27.48,25.6,77.9,73.9,0.275,0.67,0.086,44.2,MEDIUM
N2,SUBSIDENCE,9.69,10.52,20.97,4.052,41.63,35.2,86.3,69.3,0.951,4.127,0.484,100.0,CRITICAL
N6,NORMAL,0.11,1.73,0.62,0.124,-0.9,34.9,76.6,74.1,0.03,0.054,0.009,8.4,LOW
N5,NORMAL,0.7,2.37,0.34,0.091,-0.14,26.0,72.9,68.3,0.034,0.036,0.014,6.8,LOW
N5,NORMAL,0.96,0.41,0.25,0.101,-1.39,24.1,66.5,68.8,0.001,0.069,0.012,8.8,LOW
N4,NORMAL,1.1,1.7,0.81,0.142,4.88,31.0,73.2,80.2,0.048,0.007,0.0,14.3,LOW
N2,NORMAL,0.2,2.29,0.77,0.108,1.26,30.8,85.4,90.6,0.023,0.062,0.011,9.4,LOW
N2,WARNING,2.68,4.65,2.24,0.236,17.44,35.8,82.0,86.8,0.246,0.147,0.06,38.3,MEDIUM
N6,WARNING,1.94,5.19,3.28,0.679,34.23,34.5,77.5,77.5,0.263,0.147,0.099,50.2,HIGH
N5,NORMAL,0.97,2.12,0.79,0.077,-0.4,24.8,89.0,62.5,0.018,0.07,0.007,8.0,LOW
N2,NORMAL,1.2,2.18,0.96,0.153,-1.29,28.3,79.0,78.0,0.021,0.091,0.002,14.6,LOW
N2,NORMAL,1.14,1.11,0.24,0.091,0.77,30.5,82.8,99.2,0.031,0.099,0.011,10.2,LOW
N6,NORMAL,0.79,0.48,0.91,0.115,-0.89,25.0,87.9,73.5,0.012,0.012,0.019,8.4,LOW
N4,NORMAL,0.19,1.2,0.0,0.151,1.79,32.3,89.4,88.8,0.023,0.083,0.01,7.1,LOW
N3,NORMAL,0.82,1.82,0.26,0.039,2.36,34.1,86.3,96.1,0.011,0.005,0.005,6.9,LOW
N1,NORMAL,0.84,1.21,0.26,0.141,0.88,28.8,92.4,75.9,0.041,0.085,0.007,6.3,LOW
N3,SUBSIDENCE,9.51,21.98,17.16,1.349,97.69,33.3,85.1,67.7,1.775,3.633,0.699,100.0,CRITICAL
N2,NORMAL,0.41,2.04,0.95,0.064,-0.97,29.3,93.5,84.0,0.049,0.032,0.016,5.9,LOW
N5,WARNING,2.15,3.48,1.77,0.668,6.71,33.6,94.4,65.6,0.089,0.235,0.036,32.4,MEDIUM
N1,NORMAL,0.98,0.61,0.97,0.101,3.93,24.3,86.3,64.3,0.009,0.089,0.002,8.3,LOW
N1,NORMAL,1.05,1.63,0.33,0.064,-1.43,32.7,68.6,93.1,0.034,0.092,0.015,6.2,LOW
N5,NORMAL,1.16,0.8,0.42,0.022,3.82,24.8,70.3,91.6,0.001,0.049,0.012,6.6,LOW
N1,NORMAL,0.38,1.87,0.75,0.085,-1.55,34.2,76.4,87.3,0.001,0.049,0.001,7.4,LOW
N5,NORMAL,0.55,1.65,0.83,0.162,-1.88,24.8,67.1,79.9,0.032,0.056,0.013,10.7,LOW
N1,WARNING,1.33,6.77,3.32,0.247,18.65,24.2,79.3,92.1,0.199,0.702,0.247,48.3,MEDIUM
N6,WARNING,3.03,5.48,1.55,0.499,16.75,34.3,86.3,81.7,0.152,0.33,0.053,43.5,MEDIUM
N6,NORMAL,0.49,2.09,0.16,0.09,2.57,25.4,66.5,82.4,0.041,0.065,0.002,8.0,LOW
N3,NORMAL,0.37,0.57,0.08,0.123,3.27,30.6,84.1,88.5,0.043,0.06,0.007,4.4,LOW
N1,SUBSIDENCE,8.98,43.59,17.5,3.34,96.49,32.0,83.2,77.2,0.991,1.777,1.27,100.0,CRITICAL
N4,NORMAL,0.54,1.74,0.67,0.069,-0.68,28.0,85.4,71.5,0.007,0.011,0.016,7.2,LOW
N5,NORMAL,0.83,2.46,0.07,0.125,-0.02,31.6,84.4,82.7,0.004,0.008,0.007,8.6,LOW
N1,NORMAL,1.09,0.55,0.83,0.105,4.02,25.4,69.4,80.7,0.021,0.048,0.008,9.9,LOW
N6,WARNING,2.43,5.07,1.04,0.468,9.01,29.0,89.6,69.8,0.192,0.302,0.248,34.8,MEDIUM
N6,SUBSIDENCE,5.11,16.18,10.0,3.679,92.3,34.2,86.2,84.2,0.953,1.496,0.311,100.0,CRITICAL
N5,NORMAL,0.65,2.44,0.02,0.178,-0.07,33.9,75.0,97.6,0.019,0.075,0.005,10.8,LOW
N4,SUBSIDENCE,4.96,42.48,18.24,1.337,64.07,26.6,72.7,90.2,0.456,3.019,1.451,100.0,CRITICAL
N1,WARNING,2.25,4.36,2.8,0.348,14.87,26.1,77.0,82.1,0.252,0.374,0.181,40.5,MEDIUM
N1,NORMAL,0.39,1.17,0.76,0.046,1.51,33.2,88.0,80.0,0.013,0.041,0.008,5.9,LOW
N4,NORMAL,0.28,2.2,0.19,0.113,1.69,30.6,78.3,63.7,0.014,0.095,0.014,7.8,LOW
N4,NORMAL,0.96,0.39,0.2,0.046,-1.52,36.3,85.3,87.4,0.041,0.091,0.013,4.9,LOW
N4,SUBSIDENCE,11.06,11.4,4.99,0.935,66.34,31.2,89.7,68.7,1.72,4.019,1.227,100.0,CRITICAL
N6,NORMAL,0.74,1.92,0.09,0.16,3.09,30.3,87.1,61.5,0.027,0.006,0.014,9.4,LOW
N5,WARNING,2.52,4.96,2.29,0.475,8.71,25.1,71.3,69.6,0.284,0.593,0.04,41.1,MEDIUM
N4,NORMAL,0.64,1.43,0.15,0.176,3.77,28.4,74.6,74.1,0.032,0.028,0.018,8.3,LOW
N5,WARNING,1.31,2.84,2.43,0.683,33.27,27.0,81.2,79.3,0.244,0.383,0.091,46.7,MEDIUM
N3,NORMAL,0.61,0.93,0.58,0.117,4.13,27.4,70.1,64.4,0.038,0.033,0.008,8.6,LOW
N1,NORMAL,0.14,1.16,0.96,0.106,3.2,28.2,92.9,79.6,0.02,0.038,0.003,5.9,LOW
N1,WARNING,1.67,6.15,2.22,0.652,7.78,29.5,87.2,98.6,0.18,0.661,0.216,44.5,MEDIUM
N2,WARNING,2.63,6.96,2.72,0.63,33.22,35.4,72.8,95.0,0.228,0.208,0.039,50.2,HIGH
N3,SUBSIDENCE,5.17,41.71,18.49,3.79,52.45,38.5,70.8,68.5,1.618,2.974,0.355,100.0,CRITICAL
N4,NORMAL,0.87,1.54,0.9,0.069,-1.71,37.8,81.9,66.0,0.05,0.031,0.003,9.2,LOW
N4,WARNING,3.12,7.7,3.64,0.293,6.58,35.2,65.3,87.0,0.143,0.348,0.113,43.7,MEDIUM
N6,NORMAL,1.18,1.12,0.49,0.12,-0.0,35.2,70.3,89.3,0.036,0.02,0.001,8.8,LOW
N3,NORMAL,1.06,0.31,0.71,0.123,2.37,27.8,77.2,96.7,0.015,0.005,0.002,8.1,LOW
N4,NORMAL,0.85,0.26,0.92,0.135,1.45,31.0,88.2,83.7,0.023,0.093,0.011,8.7,LOW
N2,NORMAL,0.37,2.5,0.28,0.129,1.43,33.2,87.1,75.8,0.006,0.096,0.007,6.4,LOW
N5,NORMAL,0.39,0.34,0.95,0.113,3.01,37.5,90.8,96.6,0.023,0.023,0.02,8.9,LOW
N1,SUBSIDENCE,8.39,21.61,10.18,3.971,106.91,35.3,91.1,84.3,0.961,3.046,1.257,100.0,CRITICAL
N3,NORMAL,0.74,1.06,0.07,0.029,-0.94,24.4,65.7,80.9,0.003,0.054,0.008,5.1,LOW
N1,WARNING,2.46,2.71,3.01,0.252,19.84,30.5,87.3,70.6,0.09,0.127,0.069,33.6,MEDIUM
N5,NORMAL,0.85,2.18,0.27,0.104,0.87,32.7,91.0,86.9,0.001,0.039,0.008,8.3,LOW
N3,NORMAL,0.49,1.23,0.89,0.122,0.73,36.1,89.4,81.0,0.03,0.064,0.01,9.6,LOW
N5,NORMAL,1.15,2.39,0.97,0.055,-1.28,31.5,84.4,78.5,0.031,0.073,0.006,13.3,LOW
N4,SUBSIDENCE,8.1,10.78,21.89,2.056,50.39,33.4,73.4,86.7,1.02,1.975,0.739,100.0,CRITICAL
N4,SUBSIDENCE,7.17,11.11,19.96,2.397,104.22,32.0,84.0,69.9,0.871,2.808,1.342,100.0,CRITICAL
N4,SUBSIDENCE,5.52,28.08,15.04,3.012,92.65,31.7,67.7,78.1,1.684,1.689,1.024,100.0,CRITICAL
N5,SUBSIDENCE,10.22,10.93,14.91,2.165,84.05,26.8,73.7,74.6,1.532,2.804,0.63,100.0,CRITICAL
N5,NORMAL,0.81,1.09,0.4,0.066,0.54,34.3,67.2,85.3,0.013,0.073,0.02,9.3,LOW
N5,NORMAL,0.87,1.99,0.76,0.101,-0.16,37.1,83.2,83.0,0.006,0.001,0.0,8.3,LOW
N1,WARNING,2.07,6.89,1.66,0.601,15.88,37.1,80.2,70.3,0.227,0.594,0.093,45.2,MEDIUM
N5,NORMAL,0.84,1.93,0.95,0.032,1.78,26.7,74.8,90.6,0.025,0.031,0.015,11.5,LOW
N4,NORMAL,0.62,0.51,0.89,0.137,1.94,34.4,86.5,60.1,0.03,0.063,0.01,10.9,LOW
N2,NORMAL,0.22,0.26,0.17,0.032,-0.64,34.4,65.9,78.7,0.027,0.067,0.018,1.6,LOW
N5,NORMAL,0.84,0.92,0.37,0.148,-1.67,25.7,90.3,63.1,0.027,0.08,0.016,7.8,LOW
N2,NORMAL,1.12,0.7,0.12,0.032,0.4,31.1,94.4,68.4,0.017,0.053,0.015,6.4,LOW
N4,NORMAL,0.33,1.82,0.31,0.047,3.55,37.2,73.9,90.0,0.011,0.075,0.004,4.6,LOW
N5,NORMAL,1.03,0.48,0.07,0.116,2.34,33.7,67.2,91.4,0.031,0.046,0.019,6.5,LOW
N1,NORMAL,0.4,1.86,0.06,0.143,1.8,37.3,87.3,89.8,0.036,0.049,0.016,8.7,LOW
N1,NORMAL,0.34,1.02,0.13,0.105,1.13,32.5,74.7,73.9,0.015,0.007,0.019,7.5,LOW
N2,NORMAL,0.53,2.07,0.21,0.157,0.18,36.5,87.4,65.8,0.044,0.09,0.014,9.4,LOW
N6,WARNING,3.4,3.55,2.48,0.399,15.44,28.7,91.8,66.2,0.246,0.304,0.144,39.9,MEDIUM
N1,NORMAL,0.29,0.46,0.76,0.046,1.73,28.0,88.8,91.7,0.038,0.012,0.019,4.7,LOW
N1,NORMAL,0.48,1.47,0.63,0.086,0.51,26.9,86.0,71.5,0.043,0.02,0.016,5.5,LOW
N1,WARNING,3.33,5.83,2.6,0.348,20.26,37.3,79.0,76.0,0.066,0.2,0.088,44.5,MEDIUM
N4,NORMAL,0.95,1.8,0.66,0.117,-1.09,30.1,65.0,80.0,0.02,0.09,0.019,11.9,LOW
N1,NORMAL,0.35,0.63,0.28,0.04,-1.68,27.1,79.9,89.3,0.022,0.026,0.005,1.4,LOW
N3,WARNING,2.71,7.87,3.74,0.418,29.39,27.0,78.5,72.9,0.096,0.249,0.181,55.1,HIGH
N5,NORMAL,0.36,0.56,0.61,0.029,2.92,32.3,85.0,81.8,0.045,0.034,0.008,7.3,LOW
N1,WARNING,2.79,6.95,3.97,0.404,22.54,24.2,66.9,83.3,0.144,0.267,0.249,51.1,HIGH
N6,WARNING,2.83,6.51,3.11,0.63,27.34,34.3,75.0,60.1,0.186,0.429,0.186,52.3,HIGH
N6,WARNING,1.92,5.44,2.58,0.397,32.97,25.3,73.0,72.2,0.169,0.197,0.065,42.7,MEDIUM
N1,NORMAL,0.47,2.12,0.77,0.099,1.11,28.1,90.3,89.6,0.019,0.001,0.018,9.8,LOW
N1,NORMAL,0.23,0.92,0.48,0.062,0.81,28.8,73.1,92.1,0.014,0.064,0.007,4.1,LOW
N3,NORMAL,0.81,1.86,0.39,0.154,0.91,25.3,84.9,92.5,0.009,0.051,0.009,8.6,LOW
N1,NORMAL,0.49,1.95,0.59,0.064,0.41,25.1,91.3,86.9,0.047,0.022,0.003,6.4,LOW
N1,NORMAL,0.23,1.96,0.63,0.178,1.58,34.3,76.2,89.0,0.026,0.025,0.004,9.0,LOW
N5,NORMAL,0.95,2.28,0.43,0.035,-1.85,31.8,72.2,88.5,0.015,0.093,0.015,7.5,LOW
N6,NORMAL,0.91,0.73,0.71,0.039,-1.29,32.5,69.3,77.7,0.003,0.081,0.005,6.8,LOW
N3,NORMAL,0.13,2.18,0.54,0.162,1.27,36.4,73.9,71.7,0.016,0.04,0.005,9.6,LOW
N6,NORMAL,0.79,0.48,0.22,0.089,-0.72,32.9,79.8,90.7,0.013,0.07,0.006,6.3,LOW
N3,NORMAL,0.93,0.65,0.94,0.148,1.73,30.7,83.9,63.5,0.028,0.083,0.01,12.8,LOW
N6,WARNING,2.54,3.73,1.35,0.645,16.45,30.2,87.5,90.3,0.176,0.305,0.027,38.1,MEDIUM
N1,NORMAL,1.11,2.13,0.98,0.111,-1.64,25.6,65.7,84.5,0.043,0.095,0.009,11.8,LOW
N6,NORMAL,0.83,0.24,0.95,0.107,2.29,24.1,87.4,74.4,0.028,0.032,0.018,11.1,LOW
N6,SUBSIDENCE,5.12,24.14,7.56,3.747,94.67,33.6,92.1,62.4,1.585,3.893,1.281,100.0,CRITICAL
N3,NORMAL,0.41,0.69,0.12,0.021,0.82,36.4,93.7,87.2,0.036,0.064,0.013,3.9,LOW
N2,NORMAL,0.19,1.76,0.55,0.03,-0.2,31.0,88.6,97.5,0.012,0.077,0.007,5.5,LOW
N3,NORMAL,0.69,1.48,0.1,0.099,2.81,25.6,92.4,70.9,0.009,0.011,0.017,9.9,LOW
N3,WARNING,1.96,5.39,1.56,0.572,20.72,26.6,71.4,70.7,0.287,0.738,0.197,45.4,MEDIUM
N3,NORMAL,1.02,1.69,0.18,0.093,4.82,34.2,89.9,87.7,0.037,0.093,0.016,10.7,LOW
N4,NORMAL,0.72,1.89,0.23,0.098,4.66,32.2,70.9,89.6,0.04,0.093,0.019,11.3,LOW
N4,NORMAL,0.11,0.41,0.29,0.022,2.78,35.3,89.9,63.9,0.041,0.075,0.003,3.6,LOW
N4,SUBSIDENCE,7.69,33.46,11.32,3.818,74.69,38.9,77.7,95.7,0.483,2.763,0.972,100.0,CRITICAL
N3,NORMAL,0.45,1.24,0.68,0.162,3.42,32.7,78.2,95.0,0.008,0.019,0.001,8.2,LOW
N2,NORMAL,1.19,2.22,0.05,0.171,-1.28,26.4,75.4,61.0,0.022,0.03,0.003,10.0,LOW
N3,SUBSIDENCE,4.05,34.43,15.27,1.093,67.43,37.4,71.8,80.8,1.212,1.161,1.465,100.0,CRITICAL
N1,NORMAL,0.66,0.97,0.76,0.125,4.05,35.0,75.3,66.2,0.0,0.06,0.02,9.2,LOW
N2,SUBSIDENCE,7.14,23.7,14.53,0.978,64.04,29.8,73.4,89.9,1.582,3.181,0.793,100.0,CRITICAL
N4,NORMAL,0.57,0.77,0.81,0.062,-1.55,31.0,91.8,85.8,0.027,0.028,0.0,7.5,LOW
N6,WARNING,1.24,4.58,1.74,0.562,18.71,29.8,91.1,79.0,0.093,0.419,0.234,40.4,MEDIUM
N6,NORMAL,0.93,2.01,0.76,0.122,4.67,33.3,71.0,70.6,0.046,0.03,0.014,10.0,LOW
N5,WARNING,1.91,4.32,3.56,0.612,29.23,33.7,78.9,67.8,0.278,0.46,0.212,49.9,MEDIUM
N2,SUBSIDENCE,7.16,15.64,9.17,1.728,92.08,34.1,77.2,94.3,1.062,3.735,1.347,100.0,CRITICAL
N4,NORMAL,0.72,2.17,0.27,0.111,-0.52,32.9,76.3,67.7,0.035,0.059,0.011,9.3,LOW
N2,NORMAL,0.99,1.08,0.99,0.097,1.43,27.8,71.9,62.1,0.034,0.067,0.004,12.6,LOW
N2,NORMAL,0.12,1.68,0.5,0.163,0.11,36.9,83.8,89.4,0.039,0.01,0.016,4.9,LOW
N6,NORMAL,1.19,1.07,0.03,0.129,-1.91,26.3,67.3,96.3,0.028,0.06,0.012,9.3,LOW
N3,NORMAL,0.7,0.94,0.77,0.167,0.83,37.7,89.4,70.7,0.005,0.069,0.018,8.3,LOW
N1,NORMAL,0.49,0.51,0.71,0.047,1.02,28.1,84.0,89.1,0.027,0.038,0.003,4.5,LOW
N5,NORMAL,0.78,2.42,0.61,0.056,1.44,35.0,93.0,76.0,0.042,0.033,0.015,10.6,LOW
N4,NORMAL,0.39,1.37,0.99,0.164,-0.01,34.6,66.1,69.0,0.01,0.048,0.003,8.9,LOW
N2,NORMAL,0.12,0.72,0.05,0.128,1.99,35.2,69.5,64.9,0.011,0.021,0.006,8.6,LOW
N5,WARNING,2.37,7.26,1.67,0.241,19.75,24.6,74.0,96.8,0.233,0.533,0.116,43.5,MEDIUM
N2,NORMAL,0.35,1.61,0.91,0.098,1.12,30.7,70.1,73.9,0.007,0.098,0.004,10.1,LOW
N6,NORMAL,1.07,1.68,0.01,0.175,3.49,33.8,77.7,72.6,0.05,0.076,0.015,10.8,LOW
N1,NORMAL,0.68,0.61,0.72,0.18,2.21,36.7,90.2,85.1,0.043,0.017,0.017,9.0,LOW
N6,NORMAL,1.12,2.41,0.82,0.108,3.85,26.8,83.7,86.5,0.019,0.035,0.007,11.1,LOW
N5,NORMAL,1.05,1.8,0.78,0.13,2.88,32.2,90.4,76.8,0.017,0.097,0.013,13.0,LOW
N4,NORMAL,0.21,0.75,0.81,0.137,-1.18,26.4,81.5,92.5,0.003,0.062,0.019,4.2,LOW
N2,NORMAL,0.68,1.01,0.79,0.143,3.81,37.8,82.8,86.8,0.047,0.015,0.007,8.5,LOW
N1,WARNING,3.23,6.3,3.05,0.24,20.21,25.7,76.0,77.2,0.218,0.665,0.115,48.7,MEDIUM
N6,NORMAL,0.93,0.25,0.39,0.092,1.85,32.9,75.4,92.5,0.048,0.074,0.004,6.8,LOW
N5,WARNING,1.59,3.29,1.3,0.49,8.7,26.2,75.7,77.4,0.06,0.333,0.204,28.1,MEDIUM
N6,WARNING,3.21,5.12,2.54,0.325,25.06,24.9,81.8,80.6,0.056,0.775,0.135,46.3,MEDIUM
N2,WARNING,1.75,3.65,1.81,0.254,20.94,32.4,83.6,72.4,0.27,0.746,0.239,39.8,MEDIUM
N2,SUBSIDENCE,11.03,26.06,9.03,4.082,87.9,28.3,92.1,98.9,0.997,1.054,0.425,100.0,CRITICAL
N4,NORMAL,0.39,1.35,0.79,0.082,1.45,30.4,72.7,95.7,0.044,0.021,0.02,6.4,LOW
N1,NORMAL,0.18,1.68,0.06,0.171,2.48,29.0,92.1,92.2,0.02,0.042,0.003,8.1,LOW
N3,SUBSIDENCE,9.12,43.81,14.32,1.358,88.52,35.0,78.3,83.1,1.188,2.415,0.434,100.0,CRITICAL
N6,NORMAL,0.45,0.56,0.36,0.156,-0.88,25.2,72.4,78.0,0.024,0.03,0.019,9.1,LOW
N2,NORMAL,0.37,1.83,0.37,0.145,1.86,27.5,70.3,94.1,0.021,0.036,0.004,9.2,LOW
N5,WARNING,2.46,5.16,1.97,0.475,31.48,27.2,85.8,94.1,0.264,0.519,0.142,44.9,MEDIUM
N6,WARNING,1.9,4.9,1.32,0.669,7.93,33.0,85.7,85.4,0.226,0.231,0.189,37.2,MEDIUM
N4,SUBSIDENCE,6.87,30.95,8.22,1.695,39.88,28.4,89.7,85.8,1.219,3.911,0.723,100.0,CRITICAL
N4,SUBSIDENCE,11.1,8.23,11.22,3.858,85.65,37.1,65.4,64.8,1.003,2.334,1.369,100.0,CRITICAL
N2,WARNING,2.38,3.13,1.82,0.656,16.58,25.7,83.9,89.9,0.163,0.222,0.159,40.1,MEDIUM
N2,NORMAL,1.06,1.54,0.33,0.156,2.18,24.8,68.0,63.6,0.018,0.032,0.006,12.3,LOW
N2,SUBSIDENCE,6.15,25.54,6.66,3.606,39.92,29.1,94.6,80.9,1.718,1.075,1.368,100.0,CRITICAL
N3,NORMAL,0.12,0.85,0.94,0.068,0.52,34.0,80.2,66.4,0.002,0.025,0.005,6.1,LOW
N2,NORMAL,0.98,1.61,0.27,0.056,4.47,32.2,66.6,83.8,0.032,0.081,0.005,8.8,LOW
N6,SUBSIDENCE,5.23,32.76,20.78,2.333,57.9,33.1,93.1,99.1,0.485,3.281,0.98,100.0,CRITICAL
N6,NORMAL,0.89,0.65,0.95,0.075,-1.45,29.5,73.2,61.9,0.012,0.083,0.004,6.6,LOW
N1,NORMAL,0.72,1.65,0.79,0.086,-1.01,26.6,74.9,86.0,0.033,0.089,0.002,10.5,LOW
N5,NORMAL,0.68,1.84,0.03,0.15,4.91,30.7,82.8,96.8,0.002,0.05,0.015,8.3,LOW
N2,SUBSIDENCE,8.09,16.75,17.3,2.045,56.38,33.4,93.7,94.5,0.673,1.094,1.416,100.0,CRITICAL
N6,NORMAL,0.13,0.77,0.32,0.098,3.01,26.6,90.8,93.7,0.034,0.099,0.018,7.1,LOW
N6,WARNING,2.52,4.36,1.63,0.301,15.13,29.0,65.4,60.1,0.176,0.509,0.095,37.2,MEDIUM
N6,NORMAL,1.1,0.23,0.03,0.053,3.2,26.8,76.9,79.1,0.034,0.065,0.011,9.0,LOW
N3,WARNING,2.54,3.59,3.19,0.356,24.81,30.2,91.0,79.0,0.178,0.515,0.115,44.6,MEDIUM
N5,WARNING,3.03,4.67,3.1,0.313,32.51,27.9,70.5,94.9,0.292,0.731,0.1,52.2,HIGH
N4,NORMAL,0.23,1.68,0.33,0.05,-0.71,24.5,91.1,62.3,0.044,0.086,0.005,8.5,LOW
N6,NORMAL,0.19,2.09,0.82,0.052,-1.73,26.6,92.3,82.1,0.003,0.045,0.008,5.5,LOW
N2,NORMAL,0.99,0.44,0.97,0.15,0.01,24.0,66.2,63.9,0.001,0.016,0.008,9.0,LOW
N6,SUBSIDENCE,10.38,28.23,7.44,1.662,83.16,29.8,76.0,62.0,0.778,3.324,1.223,100.0,CRITICAL
N5,WARNING,3.09,5.83,3.66,0.288,33.82,33.8,65.5,91.2,0.227,0.238,0.126,51.9,HIGH
N4,SUBSIDENCE,11.56,11.02,20.17,2.352,73.67,35.8,69.1,86.7,1.56,2.982,0.689,100.0,CRITICAL
N3,NORMAL,0.95,0.97,0.97,0.122,-1.33,27.5,79.2,96.0,0.048,0.074,0.014,7.9,LOW
N1,WARNING,1.91,4.83,1.77,0.303,6.31,24.7,94.5,88.4,0.234,0.164,0.142,28.7,MEDIUM
N2,WARNING,2.65,3.53,2.58,0.467,15.76,30.8,82.1,82.9,0.089,0.357,0.16,37.5,MEDIUM
N1,WARNING,1.76,3.11,2.57,0.689,34.86,27.3,82.3,79.2,0.246,0.255,0.165,46.3,MEDIUM
N3,SUBSIDENCE,6.74,31.74,19.44,1.914,71.47,25.8,80.5,88.8,0.984,1.722,0.776,100.0,CRITICAL
N5,NORMAL,0.5,1.92,0.75,0.177,1.82,37.8,86.2,72.3,0.02,0.064,0.013,8.4,LOW
N5,NORMAL,0.31,2.02,0.18,0.12,-1.07,37.4,86.4,71.1,0.036,0.078,0.02,6.0,LOW
N3,WARNING,1.3,5.55,3.3,0.186,20.74,30.6,93.3,75.0,0.271,0.546,0.177,40.9,MEDIUM
N6,WARNING,2.07,5.35,2.76,0.486,29.56,37.8,83.0,87.5,0.259,0.192,0.157,45.0,MEDIUM
N3,NORMAL,1.05,2.19,0.02,0.058,4.04,35.3,87.5,61.9,0.033,0.063,0.017,11.0,LOW
N2,NORMAL,0.96,0.66,0.03,0.099,4.6,33.7,66.7,92.1,0.044,0.098,0.005,9.4,LOW
N4,NORMAL,0.68,2.49,0.24,0.146,-0.8,29.1,78.2,80.9,0.014,0.03,0.012,11.4,LOW
N1,NORMAL,0.16,1.73,0.65,0.174,-1.07,27.0,71.5,94.8,0.002,0.013,0.008,8.0,LOW
N1,NORMAL,0.46,1.16,0.68,0.074,1.88,35.7,88.5,75.8,0.026,0.026,0.014,6.2,LOW
N5,WARNING,3.35,7.44,1.8,0.251,31.81,28.5,90.8,69.6,0.236,0.318,0.09,49.0,MEDIUM
N6,WARNING,2.7,7.09,2.16,0.215,27.77,35.2,81.4,74.4,0.055,0.682,0.103,45.9,MEDIUM
N5,NORMAL,1.09,1.96,0.08,0.169,1.27,33.4,85.8,67.9,0.007,0.077,0.01,11.7,LOW
N2,NORMAL,1.17,0.44,0.61,0.043,4.14,30.3,65.1,77.7,0.009,0.044,0.002,9.5,LOW
N3,NORMAL,0.86,0.62,0.55,0.096,0.34,37.6,65.6,70.3,0.034,0.1,0.019,8.7,LOW
N1,NORMAL,1.12,0.31,0.36,0.124,4.88,32.6,87.3,70.2,0.014,0.076,0.013,11.4,LOW
N2,WARNING,1.98,5.58,2.32,0.592,29.02,34.5,85.2,62.3,0.182,0.376,0.23,49.8,MEDIUM
N5,SUBSIDENCE,7.99,12.5,15.89,1.784,90.39,32.7,71.5,91.0,1.467,1.912,1.47,100.0,CRITICAL
N5,NORMAL,0.94,1.15,0.66,0.023,0.04,32.1,92.1,65.2,0.044,0.023,0.018,6.3,LOW
N1,WARNING,2.27,4.13,3.66,0.375,22.65,30.9,85.5,88.8,0.257,0.26,0.031,40.6,MEDIUM
N5,SUBSIDENCE,7.05,10.91,11.26,1.171,40.42,34.0,89.8,80.0,0.755,3.676,1.21,100.0,CRITICAL
N6,WARNING,1.76,5.63,3.77,0.201,33.95,27.6,91.6,98.9,0.236,0.58,0.161,47.4,MEDIUM
N5,NORMAL,1.12,0.45,0.74,0.109,3.52,34.3,80.1,84.7,0.018,0.096,0.006,9.5,LOW
N4,SUBSIDENCE,4.48,30.6,14.14,3.23,56.58,31.0,87.9,74.6,1.548,4.298,1.353,100.0,CRITICAL
N3,NORMAL,1.05,1.06,0.19,0.098,-1.05,32.5,94.3,75.3,0.029,0.058,0.01,9.5,LOW
N5,NORMAL,0.57,0.83,0.18,0.066,-0.51,28.0,77.7,65.2,0.022,0.023,0.01,4.3,LOW
N4,NORMAL,0.28,1.61,0.57,0.047,0.06,29.7,84.9,73.0,0.011,0.08,0.007,9.2,LOW
N2,NORMAL,0.52,2.04,0.79,0.117,1.91,34.2,83.8,75.1,0.009,0.047,0.005,9.6,LOW
N5,NORMAL,0.69,1.17,0.15,0.145,4.29,24.8,88.5,72.1,0.047,0.079,0.016,11.9,LOW
N6,NORMAL,0.25,1.4,0.57,0.098,2.57,24.8,78.5,64.0,0.036,0.014,0.012,6.0,LOW
N2,NORMAL,0.59,0.6,0.73,0.164,-0.81,32.8,81.1,62.3,0.037,0.015,0.009,7.7,LOW
N5,WARNING,2.03,5.09,2.17,0.559,31.65,28.9,81.4,97.4,0.217,0.513,0.054,46.4,MEDIUM
N1,SUBSIDENCE,6.09,20.5,14.61,3.854,75.74,34.9,71.6,89.0,0.562,1.079,1.361,100.0,CRITICAL
N4,NORMAL,0.89,1.98,0.89,0.044,4.7,30.1,66.0,89.4,0.05,0.001,0.002,10.7,LOW
N4,SUBSIDENCE,9.03,36.71,21.97,3.97,57.49,35.3,92.6,76.2,0.895,3.671,0.735,100.0,CRITICAL
N1,SUBSIDENCE,8.26,39.13,12.6,1.748,54.36,26.3,73.2,64.5,0.408,2.022,1.107,100.0,CRITICAL
N3,WARNING,2.13,3.01,3.24,0.709,10.77,28.4,73.4,75.4,0.113,0.212,0.063,40.5,MEDIUM
N6,NORMAL,0.68,1.87,0.88,0.094,4.36,31.3,81.0,79.7,0.034,0.073,0.01,9.7,LOW
N4,WARNING,2.26,6.76,2.16,0.298,9.07,25.7,93.8,79.3,0.27,0.704,0.076,41.9,MEDIUM
N2,SUBSIDENCE,4.29,15.97,16.67,1.031,67.48,39.3,69.7,83.9,0.941,3.337,0.499,100.0,CRITICAL
N6,WARNING,1.95,3.23,2.62,0.277,25.4,37.3,86.3,90.2,0.058,0.457,0.07,37.6,MEDIUM
N4,NORMAL,0.88,1.73,0.14,0.18,2.6,30.1,77.0,60.6,0.045,0.05,0.006,12.4,LOW
N3,NORMAL,0.84,1.9,0.04,0.059,2.65,37.0,92.4,98.2,0.016,0.093,0.002,7.0,LOW
N2,WARNING,1.38,4.0,1.75,0.685,29.22,26.4,79.3,93.8,0.09,0.199,0.129,37.3,MEDIUM
N6,NORMAL,0.65,1.87,0.25,0.063,2.16,27.0,83.5,64.1,0.043,0.053,0.004,9.5,LOW
N2,NORMAL,0.17,0.44,0.39,0.077,-1.98,29.6,74.6,92.5,0.008,0.035,0.009,4.3,LOW
N1,NORMAL,0.56,1.68,0.83,0.157,4.0,36.1,71.4,91.5,0.025,0.066,0.006,9.5,LOW
N5,WARNING,2.28,4.14,2.14,0.515,32.9,32.2,68.9,92.5,0.074,0.744,0.208,47.2,MEDIUM
N1,SUBSIDENCE,9.37,26.4,19.95,3.042,56.65,29.4,78.5,90.0,0.365,3.61,0.569,100.0,CRITICAL
N6,NORMAL,1.12,0.7,0.88,0.117,3.99,37.3,85.2,78.3,0.042,0.039,0.014,11.2,LOW
N5,SUBSIDENCE,6.66,13.3,21.98,3.019,55.74,31.5,93.7,73.1,0.412,3.59,1.319,100.0,CRITICAL
N1,NORMAL,0.93,0.8,0.34,0.117,-1.74,34.9,92.2,60.5,0.011,0.018,0.007,6.7,LOW
N5,WARNING,1.79,2.64,3.58,0.293,28.12,28.6,82.1,75.7,0.058,0.379,0.102,40.9,MEDIUM
N4,WARNING,2.13,3.54,2.24,0.602,14.69,32.6,77.7,61.4,0.264,0.216,0.215,40.6,MEDIUM
N2,WARNING,1.49,4.78,3.63,0.725,32.89,37.2,69.0,75.1,0.119,0.28,0.19,49.1,MEDIUM
N5,SUBSIDENCE,10.61,26.2,19.16,1.153,93.28,35.2,86.1,76.8,0.884,3.364,0.616,100.0,CRITICAL
N4,NORMAL,1.17,0.2,0.67,0.165,4.0,31.6,94.4,99.7,0.028,0.09,0.002,10.5,LOW
N3,SUBSIDENCE,9.27,14.2,6.03,3.932,101.05,29.6,84.3,66.8,0.773,4.247,0.413,100.0,CRITICAL
N1,NORMAL,1.19,0.71,0.25,0.096,3.45,25.3,66.2,81.8,0.006,0.067,0.002,8.8,LOW
N3,WARNING,2.2,4.19,2.58,0.466,19.22,25.8,72.7,90.6,0.093,0.728,0.163,42.4,MEDIUM
N6,WARNING,2.99,6.49,3.37,0.521,13.66,35.9,87.4,99.2,0.139,0.457,0.077,47.4,MEDIUM
N4,WARNING,2.16,7.29,3.34,0.654,25.64,31.9,91.4,78.0,0.137,0.271,0.083,48.1,MEDIUM
N3,NORMAL,0.76,1.89,0.86,0.124,2.41,35.6,95.0,80.2,0.049,0.086,0.015,11.1,LOW
N3,SUBSIDENCE,9.5,38.1,12.0,4.045,63.67,27.3,94.1,71.3,0.665,3.305,0.351,100.0,CRITICAL
N4,NORMAL,0.14,1.29,0.87,0.073,0.94,36.3,87.2,91.4,0.008,0.035,0.019,7.3,LOW
N2,NORMAL,0.84,0.47,0.12,0.106,2.17,37.9,90.3,76.0,0.049,0.045,0.018,6.9,LOW
N5,WARNING,2.93,5.5,1.6,0.254,7.1,28.5,80.9,78.8,0.132,0.582,0.23,38.8,MEDIUM
N6,NORMAL,0.22,1.95,0.52,0.167,3.85,25.8,72.5,92.8,0.014,0.031,0.011,8.8,LOW
N6,WARNING,1.55,5.5,2.18,0.295,34.09,24.1,73.3,64.3,0.256,0.287,0.201,44.3,MEDIUM
N1,NORMAL,0.57,1.67,0.17,0.058,0.75,28.9,72.7,94.2,0.032,0.031,0.012,9.0,LOW
N5,NORMAL,0.52,2.31,0.31,0.107,-1.62,35.7,74.4,82.3,0.034,0.08,0.019,8.8,LOW
N1,WARNING,2.56,2.81,1.22,0.366,27.33,30.6,81.2,73.3,0.121,0.712,0.168,37.1,MEDIUM
N6,NORMAL,1.17,0.6,0.86,0.129,2.98,34.9,94.5,89.9,0.042,0.014,0.014,10.1,LOW
N5,NORMAL,1.15,2.15,0.88,0.167,1.72,36.3,94.3,64.5,0.036,0.012,0.007,13.9,LOW
N3,WARNING,2.55,6.54,2.55,0.313,6.25,33.0,77.9,76.9,0.288,0.266,0.089,39.6,MEDIUM
N2,NORMAL,0.19,2.48,0.28,0.038,2.77,26.7,88.7,67.4,0.038,0.003,0.005,8.5,LOW
N3,WARNING,1.74,7.93,3.11,0.401,27.62,34.8,70.4,79.4,0.167,0.249,0.132,45.3,MEDIUM
N2,NORMAL,0.23,2.14,0.82,0.128,4.44,31.2,79.3,62.5,0.02,0.013,0.02,11.0,LOW
N4,WARNING,2.51,6.05,2.42,0.699,27.27,26.8,83.5,70.9,0.06,0.48,0.249,50.5,HIGH
N1,WARNING,2.05,2.68,3.06,0.616,28.19,27.2,88.0,91.1,0.293,0.687,0.068,47.3,MEDIUM
N1,WARNING,1.48,2.54,2.2,0.576,31.0,26.3,91.2,97.3,0.091,0.671,0.177,41.1,MEDIUM
N4,NORMAL,0.39,0.54,0.97,0.024,4.64,26.2,75.6,81.6,0.011,0.044,0.006,8.7,LOW
N5,WARNING,1.42,6.95,3.4,0.635,25.59,28.0,79.4,68.1,0.164,0.684,0.216,53.2,HIGH
N4,WARNING,1.79,3.81,3.48,0.323,21.39,30.7,73.8,93.4,0.207,0.621,0.027,42.3,MEDIUM
N6,WARNING,1.28,3.64,1.95,0.224,16.86,31.4,75.3,74.8,0.236,0.249,0.194,32.7,MEDIUM
N4,NORMAL,0.23,0.77,0.73,0.158,-0.14,37.5,91.9,63.3,0.029,0.003,0.002,5.3,LOW
N2,SUBSIDENCE,10.49,11.79,18.91,3.902,46.48,32.1,74.1,90.0,0.521,4.228,0.627,100.0,CRITICAL
N6,WARNING,1.69,5.22,3.55,0.717,15.58,34.9,85.7,83.1,0.078,0.667,0.045,47.4,MEDIUM
N4,NORMAL,1.13,0.94,0.09,0.177,1.09,34.1,69.4,69.4,0.022,0.009,0.015,8.4,LOW
N1,NORMAL,0.12,2.25,0.24,0.168,2.0,26.2,68.2,70.2,0.021,0.001,0.002,9.5,LOW
N3,SUBSIDENCE,4.81,32.56,9.35,3.228,45.16,26.9,93.8,90.5,0.614,3.714,1.043,100.0,CRITICAL
N2,NORMAL,0.71,0.99,0.09,0.077,0.26,36.5,69.7,72.7,0.004,0.078,0.008,3.5,LOW
N2,SUBSIDENCE,5.87,40.01,13.14,1.239,61.81,26.3,72.1,84.9,1.715,2.841,0.296,100.0,CRITICAL
N5,WARNING,1.76,7.18,2.89,0.351,16.82,26.8,73.8,63.4,0.144,0.32,0.165,40.6,MEDIUM
N3,WARNING,2.06,2.85,1.05,0.548,9.87,34.1,65.4,89.1,0.059,0.148,0.066,27.7,MEDIUM
N2,NORMAL,0.76,1.38,0.91,0.153,0.93,27.9,79.8,64.0,0.0,0.071,0.001,12.5,LOW
N4,NORMAL,0.85,0.94,0.36,0.124,0.79,34.5,70.9,72.8,0.011,0.018,0.014,7.5,LOW
N2,SUBSIDENCE,11.63,44.42,14.54,3.361,91.12,27.4,73.7,72.6,0.893,0.979,1.176,100.0,CRITICAL
N2,NORMAL,0.48,1.27,0.5,0.097,-0.86,35.7,78.3,82.7,0.032,0.079,0.009,6.5,LOW
N2,WARNING,1.36,3.31,3.3,0.322,7.81,33.6,78.6,87.4,0.192,0.166,0.177,32.2,MEDIUM
N5,NORMAL,0.98,0.65,0.65,0.131,-0.64,28.4,93.2,62.8,0.036,0.072,0.003,9.1,LOW
N2,NORMAL,0.35,1.53,0.97,0.061,3.72,35.4,72.5,67.4,0.018,0.035,0.02,8.9,LOW
N2,NORMAL,0.19,1.31,0.33,0.081,1.02,24.9,85.2,62.0,0.05,0.0,0.009,5.6,LOW
N5,NORMAL,0.94,2.2,0.97,0.039,4.85,29.2,75.6,80.2,0.021,0.063,0.0,10.7,LOW
N6,SUBSIDENCE,4.63,33.54,14.72,1.483,108.77,33.3,91.7,86.3,0.308,2.043,0.577,100.0,CRITICAL
N3,NORMAL,0.15,2.19,0.27,0.038,1.03,28.7,83.7,70.7,0.045,0.003,0.013,7.9,LOW
N6,NORMAL,1.16,0.46,0.16,0.027,3.56,28.9,88.0,98.0,0.005,0.028,0.004,3.3,LOW
N1,NORMAL,1.07,2.13,0.42,0.148,3.44,37.5,68.2,99.5,0.012,0.026,0.01,13.0,LOW
N5,NORMAL,0.27,1.32,0.3,0.087,4.7,30.3,93.3,74.1,0.032,0.03,0.013,5.8,LOW
N5,NORMAL,0.74,2.15,0.96,0.148,4.55,32.3,65.4,70.4,0.023,0.076,0.002,14.6,LOW
N2,SUBSIDENCE,9.16,14.35,7.6,0.963,91.05,31.6,79.8,94.4,0.972,4.085,0.703,100.0,CRITICAL
N2,NORMAL,0.42,0.32,0.63,0.152,1.89,32.0,74.5,69.7,0.016,0.063,0.02,7.6,LOW
N1,NORMAL,1.2,2.16,0.28,0.062,3.63,27.2,88.9,84.2,0.05,0.047,0.005,8.6,LOW
N2,NORMAL,0.8,0.65,0.13,0.022,4.41,32.4,77.7,61.5,0.018,0.076,0.018,5.7,LOW
N4,SUBSIDENCE,6.37,19.9,14.19,3.386,88.33,28.1,94.2,76.4,1.605,0.973,1.006,100.0,CRITICAL
N2,NORMAL,0.79,1.01,0.22,0.13,4.57,25.7,86.4,63.3,0.003,0.083,0.007,9.8,LOW
N2,NORMAL,0.9,1.2,0.16,0.045,3.24,35.9,77.9,66.7,0.041,0.069,0.014,9.0,LOW
N4,WARNING,2.07,7.89,2.35,0.707,26.08,34.3,84.7,94.5,0.234,0.233,0.105,50.5,HIGH
N1,NORMAL,0.33,1.92,0.04,0.068,2.41,34.7,83.0,88.4,0.049,0.099,0.009,7.8,LOW
N4,NORMAL,0.91,1.46,0.81,0.114,-1.3,28.1,90.6,87.6,0.049,0.03,0.019,11.9,LOW
N5,NORMAL,0.49,2.36,0.58,0.153,3.58,37.1,66.9,67.4,0.002,0.027,0.009,10.5,LOW
N4,WARNING,2.64,6.09,1.49,0.721,10.31,24.4,92.6,63.0,0.096,0.545,0.117,42.8,MEDIUM
N3,NORMAL,0.27,2.26,0.28,0.151,-0.8,33.3,74.3,85.3,0.002,0.023,0.015,9.1,LOW
N5,WARNING,2.73,5.61,3.81,0.632,29.48,28.1,80.1,92.6,0.156,0.579,0.062,54.6,HIGH
N2,WARNING,1.97,4.92,3.87,0.342,23.54,24.2,82.6,73.3,0.075,0.388,0.096,42.4,MEDIUM
N5,NORMAL,0.38,2.25,0.23,0.085,4.65,35.1,75.7,76.6,0.004,0.094,0.008,8.8,LOW
N1,NORMAL,0.58,2.38,0.55,0.055,2.28,32.0,94.6,78.6,0.044,0.021,0.007,9.3,LOW
N1,NORMAL,0.74,0.51,0.76,0.055,0.3,35.9,88.8,84.6,0.035,0.071,0.006,5.6,LOW
N4,WARNING,1.61,7.48,2.58,0.395,32.82,27.5,72.8,82.8,0.293,0.602,0.202,49.3,MEDIUM
N5,NORMAL,1.18,1.91,0.75,0.061,0.94,25.4,70.0,76.5,0.017,0.03,0.015,10.7,LOW
N2,NORMAL,0.43,2.28,0.2,0.06,-0.75,33.4,67.3,92.7,0.043,0.02,0.007,7.5,LOW
N1,NORMAL,0.88,0.8,0.39,0.119,4.63,30.3,81.0,80.8,0.031,0.025,0.01,10.4,LOW
N6,SUBSIDENCE,6.59,40.26,9.94,2.578,54.56,36.8,87.1,78.7,0.952,3.321,1.197,100.0,CRITICAL
N2,NORMAL,0.14,1.41,0.06,0.175,0.65,30.9,73.9,67.7,0.025,0.013,0.02,8.4,LOW
N6,SUBSIDENCE,9.02,24.14,9.71,0.783,37.73,36.0,82.2,82.4,1.34,2.578,1.311,100.0,CRITICAL
N3,NORMAL,0.92,1.9,0.33,0.037,3.4,29.0,90.6,87.6,0.011,0.079,0.012,10.6,LOW
N6,NORMAL,0.7,0.89,0.99,0.154,-1.04,37.4,91.1,84.2,0.04,0.012,0.005,8.9,LOW
N1,NORMAL,0.87,0.41,0.33,0.072,-1.77,24.4,65.0,66.8,0.035,0.031,0.013,5.3,LOW
N4,NORMAL,0.87,1.59,0.2,0.104,2.33,27.8,77.1,64.2,0.047,0.076,0.003,7.8,LOW
N3,NORMAL,0.71,2.29,0.31,0.178,-0.25,29.3,66.0,81.3,0.024,0.034,0.006,9.6,LOW
N5,NORMAL,0.92,2.19,0.32,0.108,4.25,31.8,94.7,90.3,0.04,0.046,0.003,10.8,LOW
N2,SUBSIDENCE,10.71,14.98,20.27,0.799,99.67,27.4,72.4,78.9,0.659,3.104,0.616,100.0,CRITICAL
N1,WARNING,3.32,4.64,1.17,0.194,11.3,37.6,74.2,84.0,0.063,0.36,0.108,31.7,MEDIUM
N3,WARNING,3.08,5.32,3.09,0.735,14.72,32.1,87.2,95.9,0.069,0.401,0.144,47.0,MEDIUM
N3,NORMAL,0.65,0.53,0.4,0.045,-0.72,25.4,92.6,94.8,0.0,0.093,0.015,5.9,LOW
N1,NORMAL,1.1,0.42,0.08,0.031,4.77,30.2,88.6,85.4,0.033,0.018,0.019,6.7,LOW
N5,NORMAL,0.81,1.21,0.39,0.046,-1.5,29.4,65.8,77.9,0.046,0.094,0.013,5.7,LOW
N5,WARNING,2.72,4.15,2.03,0.449,19.85,30.8,66.0,65.7,0.236,0.45,0.214,40.1,MEDIUM
N4,SUBSIDENCE,9.6,24.72,12.3,4.124,77.86,26.0,75.9,98.7,0.475,2.405,0.952,100.0,CRITICAL
N6,NORMAL,0.93,1.06,0.26,0.065,3.8,30.5,93.4,72.0,0.02,0.084,0.018,9.0,LOW
N5,NORMAL,0.39,0.45,0.25,0.144,0.83,31.6,88.8,88.6,0.007,0.011,0.01,7.6,LOW
N4,NORMAL,0.28,0.84,0.69,0.049,3.62,25.4,81.4,78.1,0.033,0.054,0.013,7.4,LOW
N6,NORMAL,0.66,0.98,0.47,0.161,0.41,31.5,77.8,93.1,0.002,0.026,0.009,9.1,LOW
N3,NORMAL,1.11,1.32,0.08,0.087,-0.73,35.6,94.6,81.8,0.014,0.083,0.011,10.4,LOW
N1,WARNING,3.3,6.26,1.31,0.418,24.77,25.3,69.3,73.1,0.226,0.702,0.167,50.3,HIGH
N5,WARNING,1.88,3.72,2.85,0.425,25.55,25.4,94.7,86.2,0.147,0.292,0.147,42.8,MEDIUM
N4,NORMAL,0.23,1.63,0.07,0.101,0.04,27.2,84.7,87.5,0.035,0.049,0.016,8.2,LOW
N3,NORMAL,0.63,2.17,0.15,0.141,-1.08,32.9,78.4,72.6,0.008,0.02,0.013,6.6,LOW
N5,SUBSIDENCE,8.71,13.33,15.32,0.791,45.84,34.4,66.9,95.2,1.362,4.034,0.345,100.0,CRITICAL
N2,NORMAL,0.53,1.9,0.17,0.158,1.0,28.0,68.4,68.6,0.01,0.057,0.006,10.3,LOW
N3,NORMAL,0.98,1.4,0.35,0.169,3.58,33.5,81.9,99.2,0.016,0.011,0.004,9.3,LOW
N5,NORMAL,0.11,2.22,0.01,0.088,4.42,37.5,70.0,70.8,0.033,0.058,0.006,7.7,LOW
N3,NORMAL,0.6,0.49,0.42,0.026,4.47,35.5,91.2,88.8,0.016,0.063,0.017,6.6,LOW
N1,NORMAL,0.31,1.04,0.51,0.074,4.69,34.6,83.4,75.0,0.04,0.08,0.007,7.9,LOW
N1,WARNING,1.91,6.84,2.79,0.201,5.65,32.5,92.5,80.6,0.26,0.163,0.139,36.0,MEDIUM
N1,NORMAL,0.31,0.8,0.05,0.056,3.71,28.2,84.5,98.5,0.038,0.008,0.01,5.1,LOW
N6,NORMAL,0.79,1.92,0.4,0.025,0.93,30.6,86.5,72.5,0.026,0.049,0.005,7.3,LOW
N2,WARNING,2.66,3.34,1.83,0.684,23.8,27.8,82.4,82.0,0.071,0.285,0.249,43.2,MEDIUM
N1,NORMAL,0.54,0.28,0.28,0.173,-1.87,28.5,80.6,94.7,0.036,0.089,0.015,5.9,LOW
N2,SUBSIDENCE,11.79,11.59,6.24,4.048,100.45,26.7,85.5,81.6,0.617,4.389,0.511,100.0,CRITICAL
N1,SUBSIDENCE,5.54,42.35,11.28,2.14,82.39,35.2,72.4,67.4,0.646,2.971,0.705,100.0,CRITICAL
N6,NORMAL,0.37,2.35,0.85,0.153,3.46,31.9,68.2,61.2,0.032,0.01,0.006,12.1,LOW
N3,WARNING,1.41,3.09,1.33,0.288,19.97,36.9,79.1,91.0,0.121,0.702,0.222,33.2,MEDIUM
N5,NORMAL,0.75,0.53,0.64,0.154,0.44,36.4,69.3,93.7,0.037,0.077,0.013,5.7,LOW
N5,SUBSIDENCE,8.69,39.66,13.59,1.881,102.29,26.8,67.6,80.5,1.616,1.79,1.18,100.0,CRITICAL
N1,NORMAL,0.14,1.2,0.79,0.162,-0.22,24.3,68.9,97.5,0.004,0.063,0.005,10.0,LOW
N5,SUBSIDENCE,10.94,38.7,10.11,3.215,106.78,31.5,82.3,81.6,1.151,2.032,1.249,100.0,CRITICAL
N1,WARNING,1.7,2.5,4.0,0.418,13.51,34.9,73.5,83.7,0.241,0.515,0.223,41.4,MEDIUM
N1,NORMAL,0.65,2.4,0.24,0.065,4.44,28.1,85.9,88.9,0.023,0.046,0.017,10.1,LOW
N4,NORMAL,0.59,0.97,0.75,0.061,3.74,26.7,79.0,92.3,0.021,0.002,0.011,8.1,LOW
N4,SUBSIDENCE,5.12,15.7,12.53,2.394,69.03,25.8,76.5,67.8,1.342,1.796,0.576,100.0,CRITICAL
N4,SUBSIDENCE,8.53,14.7,20.1,3.679,92.39,39.2,91.7,74.5,1.513,4.35,0.65,100.0,CRITICAL
N2,NORMAL,1.05,2.26,0.04,0.16,1.03,37.7,77.5,91.9,0.041,0.011,0.003,9.9,LOW
N4,WARNING,2.93,6.82,3.29,0.701,22.78,32.8,90.7,96.6,0.156,0.748,0.102,54.9,HIGH
N1,NORMAL,1.14,1.72,0.72,0.1,-0.01,35.3,79.4,73.7,0.001,0.022,0.02,13.0,LOW
N6,NORMAL,0.17,0.22,0.76,0.178,-0.22,26.4,66.4,82.5,0.014,0.093,0.012,6.8,LOW
N6,NORMAL,0.6,1.19,0.97,0.062,1.42,26.8,85.3,65.2,0.011,0.032,0.015,9.8,LOW
N3,NORMAL,0.31,0.25,0.63,0.178,2.6,37.0,67.6,83.9,0.046,0.053,0.014,6.0,LOW
N4,WARNING,2.52,2.68,1.47,0.495,19.93,34.8,89.3,85.8,0.136,0.588,0.103,34.4,MEDIUM
N6,NORMAL,0.41,2.05,0.25,0.068,2.26,27.5,88.8,99.7,0.034,0.037,0.012,6.5,LOW
N4,WARNING,2.81,4.26,2.05,0.197,24.41,37.1,87.8,71.5,0.2,0.768,0.112,43.5,MEDIUM
N3,NORMAL,0.12,1.87,0.5,0.174,-1.85,33.4,76.8,62.7,0.026,0.079,0.016,6.8,LOW
N6,NORMAL,0.43,1.7,0.77,0.151,3.42,25.9,86.9,76.4,0.016,0.069,0.019,8.8,LOW
N1,NORMAL,0.35,0.94,0.17,0.15,0.71,26.2,75.4,72.4,0.047,0.097,0.019,7.0,LOW
N2,NORMAL,1.11,0.4,0.59,0.098,4.83,29.4,88.7,64.0,0.048,0.042,0.009,9.8,LOW
N4,NORMAL,0.23,1.82,0.02,0.127,-1.1,34.6,88.7,97.0,0.039,0.074,0.004,7.6,LOW
N6,NORMAL,0.9,2.2,0.64,0.12,2.73,32.3,85.7,78.3,0.02,0.023,0.008,11.1,LOW
N6,NORMAL,0.46,0.77,0.18,0.096,2.94,30.7,94.0,95.3,0.041,0.035,0.012,8.5,LOW
N3,NORMAL,1.07,1.53,0.44,0.124,-0.88,28.2,80.7,90.9,0.044,0.027,0.017,10.9,LOW
N1,NORMAL,0.53,1.02,0.89,0.031,3.89,36.1,78.1,95.2,0.046,0.056,0.014,7.5,LOW
N5,NORMAL,0.51,0.9,0.98,0.025,0.24,29.2,76.9,62.9,0.023,0.031,0.006,9.5,LOW
N6,SUBSIDENCE,10.09,14.23,4.74,2.787,85.14,28.1,82.8,95.6,1.44,1.125,0.465,100.0,CRITICAL
N2,SUBSIDENCE,9.5,19.64,19.36,3.061,86.63,34.4,71.1,76.5,1.736,4.316,0.732,100.0,CRITICAL
N3,NORMAL,0.4,1.04,0.68,0.054,-0.74,37.4,89.0,81.3,0.019,0.01,0.016,7.4,LOW
N6,NORMAL,0.84,2.05,0.07,0.087,-0.99,25.2,70.4,68.8,0.005,0.076,0.017,10.8,LOW
N6,NORMAL,1.04,2.3,0.76,0.147,0.4,34.2,75.2,65.4,0.02,0.028,0.019,13.1,LOW
N3,SUBSIDENCE,5.16,15.55,15.07,3.865,100.15,29.8,81.3,93.6,0.405,3.424,0.46,100.0,CRITICAL
N3,NORMAL,0.36,2.21,0.73,0.128,-1.07,33.4,67.0,85.8,0.024,0.028,0.012,8.9,LOW
N4,NORMAL,0.65,2.13,0.79,0.086,4.83,29.7,72.0,78.6,0.029,0.096,0.014,10.2,LOW
N6,NORMAL,1.13,0.5,0.46,0.076,4.07,33.6,93.6,64.0,0.04,0.055,0.008,10.8,LOW
N5,NORMAL,1.09,0.88,0.0,0.139,3.52,33.5,66.2,86.7,0.015,0.078,0.016,10.1,LOW
N2,NORMAL,1.13,1.63,0.37,0.11,4.95,24.8,76.7,65.5,0.024,0.084,0.003,10.9,LOW
N1,WARNING,1.96,6.43,2.34,0.363,31.75,24.7,66.0,66.9,0.052,0.67,0.163,45.1,MEDIUM
N1,NORMAL,1.18,0.4,0.74,0.084,-0.34,27.4,78.7,66.8,0.029,0.037,0.006,6.1,LOW
N5,WARNING,3.16,5.75,1.19,0.441,23.89,33.9,70.9,68.9,0.265,0.116,0.125,41.5,MEDIUM
N3,NORMAL,0.64,2.23,0.4,0.098,2.45,33.1,84.2,86.9,0.016,0.087,0.019,10.1,LOW
N3,NORMAL,0.31,1.88,0.35,0.179,3.27,35.5,87.7,62.4,0.029,0.091,0.019,11.0,LOW
N3,SUBSIDENCE,9.5,20.42,20.74,2.861,62.8,31.0,71.3,91.9,0.808,2.853,0.864,100.0,CRITICAL
N6,NORMAL,0.58,0.43,0.09,0.058,1.87,27.0,90.7,83.6,0.007,0.022,0.01,5.8,LOW
N3,WARNING,1.4,3.27,1.59,0.539,8.17,35.9,88.8,70.9,0.061,0.61,0.13,33.4,MEDIUM
N3,NORMAL,0.31,1.39,0.08,0.121,-1.91,28.8,81.9,94.5,0.04,0.089,0.02,6.1,LOW
N6,NORMAL,0.61,0.96,0.05,0.083,-1.45,29.1,76.5,71.5,0.018,0.034,0.013,4.8,LOW
N6,SUBSIDENCE,8.67,22.41,21.07,3.827,52.77,28.7,73.6,76.1,0.906,3.148,0.27,100.0,CRITICAL
N5,NORMAL,1.08,0.42,0.07,0.126,0.55,31.9,77.3,74.4,0.009,0.07,0.005,4.9,LOW
N4,SUBSIDENCE,9.63,30.7,13.25,1.192,78.92,29.2,87.5,78.7,1.339,3.815,0.624,100.0,CRITICAL
N6,NORMAL,0.55,0.57,0.43,0.136,1.15,32.6,85.2,71.0,0.044,0.0,0.004,5.8,LOW
N2,SUBSIDENCE,11.51,20.23,11.4,4.119,70.94,39.4,66.8,99.3,1.219,2.799,0.472,100.0,CRITICAL
N3,NORMAL,0.61,0.64,0.17,0.125,2.98,37.6,77.8,78.4,0.045,0.024,0.009,6.6,LOW
N4,NORMAL,0.42,2.2,0.37,0.122,-0.72,24.9,84.0,82.3,0.031,0.093,0.016,11.3,LOW
N1,WARNING,1.98,7.13,3.38,0.55,27.33,30.5,70.8,87.3,0.098,0.744,0.174,52.1,HIGH
N5,SUBSIDENCE,4.32,19.83,14.33,2.979,36.3,33.4,83.3,84.1,0.313,1.212,1.21,100.0,CRITICAL
N4,SUBSIDENCE,3.81,14.37,17.1,2.978,68.4,35.3,89.7,80.2,0.331,2.342,0.56,100.0,CRITICAL
N6,WARNING,2.13,4.0,1.28,0.392,25.34,37.2,91.3,77.4,0.217,0.389,0.242,38.8,MEDIUM
N3,SUBSIDENCE,9.85,42.37,17.28,1.839,40.1,29.9,91.0,98.1,1.737,4.472,1.117,100.0,CRITICAL
N3,NORMAL,0.66,0.92,0.41,0.032,1.96,24.1,87.1,60.3,0.019,0.088,0.006,4.8,LOW
N3,NORMAL,0.7,0.62,0.61,0.052,1.51,25.2,93.2,91.1,0.017,0.018,0.012,8.6,LOW
N4,NORMAL,1.11,0.3,0.0,0.077,2.32,26.1,88.1,97.5,0.012,0.055,0.012,6.7,LOW
N3,NORMAL,0.8,2.38,0.25,0.026,-0.27,29.7,76.0,98.0,0.032,0.06,0.005,8.5,LOW
N6,NORMAL,0.45,0.64,0.57,0.04,1.56,35.8,76.8,95.8,0.034,0.094,0.018,8.4,LOW
N4,NORMAL,0.89,1.22,0.56,0.09,-0.62,33.0,81.6,96.8,0.023,0.081,0.005,10.0,LOW
N3,NORMAL,0.92,1.03,0.56,0.166,-0.41,24.8,91.3,99.1,0.024,0.022,0.008,8.1,LOW
N1,WARNING,2.51,5.55,3.87,0.404,23.63,35.4,73.1,93.8,0.259,0.454,0.071,46.3,MEDIUM
N1,NORMAL,1.14,1.46,0.05,0.173,3.82,28.6,82.4,88.5,0.006,0.063,0.006,10.6,LOW
N2,NORMAL,0.11,0.55,0.9,0.099,1.44,31.1,87.2,87.2,0.042,0.013,0.014,6.2,LOW
N3,NORMAL,0.83,2.17,0.55,0.085,-0.61,37.8,83.2,92.6,0.017,0.087,0.007,8.7,LOW
N3,WARNING,2.33,6.1,3.97,0.465,12.9,37.9,81.3,92.0,0.212,0.744,0.024,48.6,MEDIUM
N4,WARNING,1.47,4.1,3.93,0.344,17.37,31.1,74.0,92.6,0.12,0.428,0.057,39.3,MEDIUM
N4,WARNING,2.1,6.86,2.93,0.702,29.32,26.2,67.5,81.0,0.275,0.468,0.23,54.9,HIGH
N3,NORMAL,1.01,0.69,0.97,0.05,2.96,32.0,67.7,60.8,0.046,0.097,0.013,10.7,LOW
N2,NORMAL,1.18,0.83,0.07,0.106,0.19,37.5,73.0,82.3,0.018,0.035,0.005,9.1,LOW
N3,NORMAL,0.36,1.95,0.23,0.118,3.84,25.6,77.0,76.3,0.014,0.08,0.002,11.3,LOW
N6,NORMAL,0.67,0.25,0.12,0.022,4.68,34.1,91.5,69.3,0.016,0.069,0.012,4.6,LOW
N4,NORMAL,0.57,0.96,0.08,0.025,3.35,28.5,67.0,62.1,0.006,0.002,0.009,6.9,LOW
N3,NORMAL,1.1,2.36,0.48,0.156,3.6,31.9,80.4,60.1,0.029,0.075,0.019,12.7,LOW
N4,NORMAL,0.7,2.08,0.76,0.123,-1.83,29.6,75.5,80.4,0.046,0.043,0.011,8.4,LOW
N3,SUBSIDENCE,7.7,21.19,18.47,0.925,43.78,31.8,82.3,73.0,0.424,2.89,0.766,100.0,CRITICAL
N5,SUBSIDENCE,5.06,19.35,21.89,4.037,106.75,36.9,94.7,81.7,0.341,1.131,0.307,100.0,CRITICAL
N4,NORMAL,0.87,1.01,0.77,0.125,3.61,28.4,85.8,65.5,0.025,0.019,0.01,7.8,LOW
N2,NORMAL,0.47,0.22,0.82,0.085,3.43,32.3,65.2,96.2,0.005,0.019,0.017,6.6,LOW
N5,NORMAL,1.18,1.72,0.73,0.041,3.36,26.0,67.7,77.6,0.005,0.089,0.01,10.4,LOW
N6,NORMAL,0.11,2.41,0.17,0.087,2.25,30.6,74.7,63.6,0.034,0.056,0.004,7.9,LOW
N3,SUBSIDENCE,6.79,30.53,5.84,1.319,41.47,28.7,82.3,92.1,0.302,4.265,1.298,100.0,CRITICAL
N6,NORMAL,0.5,1.9,0.87,0.1,4.22,35.8,65.1,86.5,0.01,0.09,0.016,12.1,LOW
N4,WARNING,2.12,5.83,1.25,0.315,15.54,28.7,93.2,67.2,0.23,0.487,0.023,33.9,MEDIUM
N5,NORMAL,0.36,0.91,0.27,0.039,0.19,26.3,83.4,74.3,0.027,0.068,0.013,4.6,LOW
N6,SUBSIDENCE,10.49,21.41,21.58,2.871,67.17,39.0,80.4,99.7,1.055,1.451,1.1,100.0,CRITICAL
N2,NORMAL,0.27,1.67,0.68,0.07,0.46,34.2,83.3,61.9,0.047,0.061,0.016,8.4,LOW
N4,WARNING,2.72,4.4,2.41,0.665,34.06,25.9,82.4,97.2,0.224,0.262,0.093,50.8,HIGH
N5,NORMAL,0.99,1.45,0.94,0.163,0.53,30.3,87.5,85.4,0.027,0.03,0.0,10.8,LOW
N6,WARNING,3.33,6.27,1.42,0.332,8.76,34.7,78.1,74.2,0.249,0.765,0.072,41.4,MEDIUM
N5,NORMAL,1.19,1.0,0.66,0.134,3.41,34.0,69.5,68.0,0.043,0.057,0.012,9.8,LOW
N5,NORMAL,0.94,0.51,0.69,0.025,0.36,30.2,72.6,84.5,0.033,0.071,0.013,9.2,LOW
N6,SUBSIDENCE,5.07,10.23,4.35,1.674,37.25,35.5,78.2,99.4,0.674,1.871,0.681,100.0,CRITICAL
N1,SUBSIDENCE,11.55,44.32,11.42,0.902,99.52,34.0,87.1,69.9,0.952,3.172,1.304,100.0,CRITICAL
N3,SUBSIDENCE,5.16,28.54,15.48,3.758,96.6,32.5,87.8,70.5,1.784,4.376,1.029,100.0,CRITICAL
N4,WARNING,2.01,6.72,3.85,0.69,7.19,25.0,71.9,88.6,0.108,0.291,0.108,45.3,MEDIUM
N4,WARNING,1.76,7.68,2.27,0.237,30.28,36.9,86.3,67.8,0.279,0.75,0.134,52.0,HIGH
N4,NORMAL,0.69,1.2,0.45,0.086,-0.77,26.5,70.9,67.7,0.02,0.051,0.006,8.2,LOW
N5,NORMAL,0.59,0.68,0.72,0.074,4.58,33.6,77.6,94.8,0.003,0.031,0.015,7.3,LOW
N6,NORMAL,0.18,1.37,0.2,0.08,2.89,27.8,86.6,62.6,0.005,0.004,0.008,3.2,LOW
N3,WARNING,3.42,5.91,2.5,0.415,27.47,31.7,91.7,73.8,0.139,0.644,0.183,47.7,MEDIUM
N2,NORMAL,0.16,1.07,0.88,0.032,3.34,29.0,77.0,97.3,0.041,0.043,0.004,6.7,LOW
N4,NORMAL,0.41,2.44,0.11,0.176,-0.44,32.6,85.0,74.8,0.008,0.012,0.006,9.0,LOW
N6,NORMAL,0.35,2.49,0.27,0.081,1.37,38.0,89.8,77.8,0.037,0.015,0.005,9.5,LOW
N3,WARNING,1.45,7.27,3.35,0.511,17.13,36.3,83.8,98.0,0.284,0.307,0.094,45.3,MEDIUM
N3,NORMAL,0.81,0.28,0.18,0.065,4.07,25.9,68.9,65.0,0.042,0.079,0.011,5.5,LOW
N1,NORMAL,1.04,0.53,0.81,0.155,-1.26,31.2,84.4,76.2,0.045,0.09,0.013,7.5,LOW
N6,NORMAL,0.75,2.43,0.11,0.057,1.67,30.1,92.1,65.8,0.013,0.099,0.014,9.0,LOW
N4,NORMAL,0.42,2.4,0.56,0.167,4.89,27.8,78.4,66.1,0.018,0.058,0.017,11.9,LOW
N5,NORMAL,0.82,0.21,0.45,0.169,4.28,34.1,68.0,65.9,0.04,0.014,0.01,5.2,LOW
N3,WARNING,1.29,4.28,3.63,0.469,30.6,31.0,79.1,79.0,0.071,0.139,0.205,42.5,MEDIUM
N3,WARNING,2.08,7.38,2.56,0.735,30.4,36.3,69.0,74.4,0.234,0.545,0.212,57.2,HIGH
N2,WARNING,3.05,3.72,2.76,0.625,11.72,32.5,78.0,95.1,0.151,0.741,0.102,45.3,MEDIUM
N1,NORMAL,0.57,1.03,0.17,0.076,2.69,29.1,79.0,63.8,0.009,0.071,0.0,6.6,LOW
N3,WARNING,2.77,3.07,1.27,0.39,27.15,27.8,74.0,71.3,0.291,0.643,0.127,42.6,MEDIUM
N3,NORMAL,0.41,0.36,0.22,0.037,-1.95,37.9,82.4,96.0,0.014,0.035,0.019,3.7,LOW
N5,NORMAL,0.78,1.34,0.04,0.027,-1.78,31.3,80.1,73.8,0.008,0.008,0.004,3.7,LOW
N5,WARNING,2.73,4.66,1.66,0.575,34.41,24.5,84.7,68.9,0.253,0.39,0.106,50.4,HIGH
N2,NORMAL,0.85,1.95,0.88,0.108,3.81,27.4,90.3,81.4,0.036,0.035,0.002,12.7,LOW
N6,NORMAL,0.83,2.05,0.67,0.157,-1.4,34.2,73.2,64.6,0.045,0.081,0.018,10.9,LOW
N2,SUBSIDENCE,4.6,26.46,11.04,3.007,72.75,27.6,86.6,71.4,0.488,0.808,0.41,100.0,CRITICAL
N2,NORMAL,0.2,1.94,0.94,0.036,4.74,25.9,89.7,84.2,0.048,0.052,0.006,9.0,LOW
N5,WARNING,2.7,7.23,2.33,0.39,27.87,36.0,88.4,71.7,0.124,0.33,0.108,49.3,MEDIUM
N6,NORMAL,0.26,1.1,0.62,0.128,-0.6,28.4,85.9,78.7,0.012,0.093,0.008,8.9,LOW
N5,WARNING,1.77,4.75,1.43,0.339,17.55,31.6,93.5,92.7,0.179,0.619,0.109,36.4,MEDIUM
N1,NORMAL,0.36,0.69,0.66,0.115,1.83,34.1,70.0,77.1,0.008,0.036,0.015,7.7,LOW
N4,NORMAL,0.59,1.37,0.46,0.1,3.69,37.2,84.6,65.2,0.019,0.055,0.012,12.1,LOW
N4,WARNING,2.54,6.14,1.03,0.223,5.57,26.9,71.1,94.3,0.062,0.163,0.24,31.1,MEDIUM
N1,NORMAL,0.93,1.75,0.42,0.025,3.79,30.7,73.9,81.6,0.043,0.048,0.013,7.6,LOW
N4,NORMAL,0.86,0.56,0.53,0.144,1.33,32.9,84.6,69.8,0.008,0.087,0.013,9.6,LOW
N6,NORMAL,0.64,0.95,0.83,0.114,3.02,32.6,71.8,71.6,0.033,0.048,0.016,7.0,LOW
N5,NORMAL,1.01,2.36,0.55,0.082,2.38,30.4,89.1,67.7,0.024,0.084,0.017,10.2,LOW
N4,NORMAL,0.51,0.38,0.81,0.176,2.04,28.9,85.9,69.8,0.038,0.04,0.011,8.4,LOW
N6,NORMAL,0.27,2.27,0.86,0.154,3.75,36.2,92.5,88.6,0.036,0.087,0.004,11.9,LOW
N5,SUBSIDENCE,8.59,16.73,19.59,2.74,80.8,26.4,71.7,79.7,1.21,4.007,0.421,100.0,CRITICAL
N6,NORMAL,0.62,1.38,0.11,0.147,0.11,24.7,83.9,63.1,0.046,0.084,0.001,10.9,LOW
N1,NORMAL,0.73,0.38,0.48,0.087,2.14,28.2,67.0,80.0,0.018,0.014,0.017,7.1,LOW
N2,NORMAL,1.07,0.85,0.45,0.084,-1.66,25.9,65.3,99.4,0.043,0.076,0.002,8.2,LOW
N1,NORMAL,0.56,2.34,0.42,0.037,0.4,28.4,81.2,70.2,0.021,0.018,0.001,8.8,LOW
N4,SUBSIDENCE,11.65,25.81,6.34,2.177,88.08,31.9,67.9,74.8,1.031,2.026,0.383,100.0,CRITICAL
N5,NORMAL,0.23,1.76,0.77,0.059,-1.48,29.6,76.0,96.3,0.017,0.056,0.015,5.5,LOW
N6,SUBSIDENCE,7.32,24.55,11.38,2.003,89.64,33.5,93.8,75.6,0.723,2.201,0.603,100.0,CRITICAL
N4,NORMAL,1.17,1.71,0.8,0.073,-0.43,33.5,78.5,95.2,0.029,0.099,0.014,10.7,LOW
N4,WARNING,2.8,6.21,1.88,0.726,12.51,26.0,73.8,87.6,0.181,0.338,0.062,42.7,MEDIUM
N2,NORMAL,1.17,2.16,0.22,0.033,2.81,35.1,81.6,98.9,0.002,0.086,0.017,9.6,LOW
N4,SUBSIDENCE,7.4,44.5,19.87,1.187,102.12,29.4,87.8,98.9,0.757,3.643,0.25,100.0,CRITICAL
N2,NORMAL,0.29,1.26,0.59,0.172,1.17,34.5,68.8,84.1,0.047,0.098,0.019,9.8,LOW
N5,NORMAL,0.93,2.4,0.78,0.106,-0.56,30.4,65.5,95.2,0.023,0.064,0.006,10.3,LOW
N5,NORMAL,0.14,1.14,0.51,0.176,4.55,24.6,73.0,93.9,0.032,0.058,0.007,7.4,LOW
N6,NORMAL,0.81,2.07,0.84,0.03,0.36,29.9,93.0,72.0,0.034,0.085,0.016,7.7,LOW
N2,SUBSIDENCE,6.69,14.71,8.08,0.78,58.14,29.7,89.0,66.2,0.76,1.049,0.676,100.0,CRITICAL
N1,NORMAL,0.9,0.5,0.5,0.138,2.25,37.3,69.6,95.5,0.032,0.021,0.017,8.9,LOW
N5,NORMAL,0.54,1.81,0.51,0.147,-1.68,26.4,77.7,85.7,0.016,0.005,0.019,7.0,LOW
N6,WARNING,2.26,5.45,1.61,0.218,12.72,24.5,67.8,87.0,0.129,0.391,0.088,30.9,MEDIUM
N1,NORMAL,0.17,0.31,0.81,0.027,-1.52,37.1,84.8,62.9,0.027,0.044,0.019,4.8,LOW
N5,SUBSIDENCE,7.78,9.67,20.34,3.027,78.04,26.9,84.8,99.9,0.942,2.686,0.75,100.0,CRITICAL
N5,WARNING,1.46,7.97,3.7,0.69,29.94,30.7,67.0,99.2,0.281,0.272,0.121,53.5,HIGH
N6,NORMAL,0.86,1.24,0.99,0.064,0.36,32.6,73.8,98.1,0.01,0.019,0.004,7.2,LOW
N6,SUBSIDENCE,10.44,13.96,19.01,1.943,52.08,31.4,81.9,84.6,1.473,3.971,1.451,100.0,CRITICAL
N3,NORMAL,0.79,1.12,0.15,0.031,4.34,35.2,94.4,71.2,0.018,0.018,0.02,7.1,LOW
N4,NORMAL,0.61,2.06,0.55,0.077,-0.89,35.1,68.5,85.1,0.028,0.06,0.014,7.2,LOW
N4,NORMAL,0.96,1.09,0.28,0.097,0.17,36.8,92.5,99.7,0.025,0.031,0.008,8.5,LOW
N1,NORMAL,0.63,0.59,0.89,0.115,3.23,31.8,94.9,84.5,0.008,0.032,0.006,6.7,LOW
N4,WARNING,2.52,6.67,1.99,0.324,30.14,26.5,90.7,64.9,0.29,0.395,0.029,46.4,MEDIUM
N1,SUBSIDENCE,9.99,30.95,17.08,1.635,36.37,37.3,77.0,82.2,0.36,3.482,1.017,100.0,CRITICAL
N5,NORMAL,0.96,1.34,0.99,0.139,2.78,26.9,83.2,77.4,0.04,0.078,0.004,12.3,LOW
N3,NORMAL,1.06,0.87,0.33,0.047,4.87,25.2,69.6,73.1,0.006,0.098,0.014,9.0,LOW
N3,SUBSIDENCE,5.71,44.01,15.04,1.007,74.41,36.3,70.6,94.2,1.646,2.34,1.083,100.0,CRITICAL
N5,NORMAL,0.59,0.33,0.88,0.11,-0.61,27.3,79.4,67.4,0.016,0.057,0.007,6.2,LOW
N6,NORMAL,0.37,2.1,0.23,0.131,-0.25,26.0,68.2,90.3,0.011,0.025,0.009,9.4,LOW
N2,NORMAL,0.13,1.09,0.4,0.163,3.42,29.0,86.0,87.4,0.026,0.048,0.011,6.6,LOW
N2,SUBSIDENCE,8.38,10.13,6.28,0.886,88.89,36.7,78.3,72.7,1.016,4.333,1.44,100.0,CRITICAL
N4,NORMAL,0.32,0.73,0.99,0.105,-1.91,29.7,89.7,88.1,0.002,0.046,0.009,3.4,LOW
N6,WARNING,1.45,4.49,2.79,0.398,11.25,31.9,91.2,98.0,0.207,0.522,0.244,41.0,MEDIUM
N1,WARNING,2.2,2.79,1.43,0.467,31.79,36.5,65.9,69.7,0.214,0.241,0.181,39.2,MEDIUM
N3,NORMAL,0.27,2.0,0.89,0.109,3.94,24.7,93.1,74.2,0.033,0.066,0.012,11.0,LOW
N4,NORMAL,0.98,2.06,0.97,0.072,4.98,26.2,73.0,89.1,0.015,0.045,0.014,15.1,LOW
N5,WARNING,3.44,6.53,3.59,0.201,22.31,26.8,90.8,94.6,0.279,0.578,0.176,51.0,HIGH
N6,NORMAL,0.78,1.18,0.82,0.094,3.76,27.7,72.4,86.7,0.024,0.058,0.015,8.6,LOW
N3,WARNING,3.39,4.95,3.69,0.475,34.22,36.2,82.8,82.7,0.248,0.702,0.176,58.8,HIGH
N1,SUBSIDENCE,10.93,8.56,12.62,3.752,49.71,34.8,78.4,78.4,1.737,3.54,1.203,100.0,CRITICAL
N1,WARNING,3.13,3.27,2.57,0.357,34.53,31.6,69.2,77.9,0.051,0.145,0.242,46.5,MEDIUM
N2,WARNING,1.94,7.51,3.06,0.254,21.09,31.9,94.0,97.8,0.084,0.566,0.187,45.5,MEDIUM
N4,WARNING,1.67,2.5,2.99,0.451,15.04,31.0,86.1,66.9,0.279,0.785,0.234,42.4,MEDIUM
N5,WARNING,3.39,4.06,1.58,0.214,21.51,27.8,85.0,81.9,0.287,0.195,0.048,38.0,MEDIUM
N3,NORMAL,0.21,1.22,0.07,0.156,-1.25,32.5,86.0,60.2,0.024,0.051,0.011,4.1,LOW
N1,NORMAL,0.13,1.61,0.18,0.153,2.39,26.4,66.4,89.6,0.049,0.073,0.002,5.5,LOW
N3,NORMAL,0.24,1.73,0.56,0.121,1.56,37.0,67.9,98.1,0.001,0.025,0.018,8.9,LOW
N5,WARNING,2.74,7.57,2.2,0.238,14.07,30.8,66.9,94.5,0.222,0.657,0.032,42.1,MEDIUM
N3,NORMAL,0.62,2.3,0.08,0.073,2.74,27.9,75.8,98.7,0.015,0.084,0.02,9.8,LOW
N4,WARNING,2.02,5.56,3.31,0.43,16.18,28.9,70.7,88.1,0.174,0.646,0.092,44.6,MEDIUM
N2,NORMAL,1.09,0.63,0.03,0.081,0.87,32.0,81.4,72.7,0.032,0.009,0.016,6.5,LOW
N3,WARNING,2.04,2.8,3.26,0.525,34.29,34.0,66.2,85.3,0.138,0.566,0.231,47.5,MEDIUM
N6,NORMAL,0.7,1.35,0.55,0.094,2.84,30.3,68.9,92.8,0.001,0.019,0.007,7.4,LOW
N2,WARNING,3.34,6.63,3.79,0.604,18.23,27.1,81.0,65.4,0.148,0.216,0.04,51.3,HIGH
N5,NORMAL,1.15,0.7,0.83,0.151,-1.01,37.4,92.9,72.4,0.036,0.082,0.018,9.6,LOW
N2,NORMAL,0.39,1.11,0.47,0.057,-1.4,28.0,70.9,67.8,0.033,0.017,0.018,5.4,LOW
N3,NORMAL,0.42,1.61,0.98,0.098,2.2,30.1,74.6,94.6,0.042,0.033,0.004,11.8,LOW
N3,WARNING,3.45,6.29,2.96,0.587,19.03,28.7,66.6,81.8,0.207,0.15,0.133,50.1,HIGH
N6,NORMAL,0.5,1.56,0.51,0.064,1.78,24.6,87.9,98.5,0.019,0.092,0.008,7.7,LOW
N1,NORMAL,0.29,2.44,0.62,0.156,1.31,26.6,92.0,86.7,0.031,0.084,0.02,9.9,LOW
N6,SUBSIDENCE,11.55,19.77,8.37,2.011,101.34,28.6,85.4,71.7,0.989,4.32,0.553,100.0,CRITICAL
N3,WARNING,1.5,4.57,1.8,0.415,10.6,28.2,90.7,83.6,0.289,0.661,0.213,36.3,MEDIUM
N2,SUBSIDENCE,3.98,13.67,12.03,2.109,94.65,34.4,79.9,95.6,1.611,4.0,0.719,100.0,CRITICAL
N6,NORMAL,1.08,0.32,0.57,0.101,3.39,24.4,77.9,99.2,0.01,0.069,0.015,6.6,LOW
N6,NORMAL,0.43,2.23,0.59,0.067,3.85,24.7,79.7,60.2,0.05,0.074,0.001,10.7,LOW
N1,SUBSIDENCE,9.25,8.6,21.52,3.788,96.15,36.6,76.0,93.9,1.519,3.887,0.793,100.0,CRITICAL
N3,NORMAL,0.78,1.02,0.75,0.059,4.75,34.3,88.9,99.0,0.033,0.04,0.011,11.1,LOW
N3,WARNING,1.68,5.27,1.27,0.227,8.13,30.1,81.7,68.3,0.115,0.587,0.218,30.0,MEDIUM
N5,NORMAL,0.97,2.24,0.49,0.046,-1.96,24.5,69.5,67.9,0.027,0.05,0.019,12.0,LOW
N1,NORMAL,0.7,0.85,0.21,0.102,-1.72,28.7,72.4,97.1,0.049,0.086,0.005,7.5,LOW
N5,NORMAL,0.82,1.4,0.51,0.047,4.74,30.7,80.6,79.6,0.046,0.095,0.006,8.3,LOW
N5,NORMAL,0.12,2.12,0.75,0.096,-0.13,25.8,66.8,84.5,0.032,0.014,0.02,5.7,LOW
N5,NORMAL,0.61,1.85,0.13,0.078,1.51,31.1,81.6,95.2,0.022,0.058,0.002,6.7,LOW
N4,NORMAL,0.73,1.46,0.81,0.03,2.54,35.0,65.0,69.8,0.041,0.009,0.016,9.1,LOW
N5,SUBSIDENCE,4.79,26.92,20.45,2.829,80.14,31.5,85.5,71.8,0.484,3.266,1.36,100.0,CRITICAL
N6,NORMAL,0.4,0.63,0.24,0.075,1.97,30.3,88.7,75.6,0.039,0.029,0.003,4.7,LOW
N2,WARNING,3.3,3.86,3.27,0.447,8.21,34.6,89.3,64.8,0.12,0.701,0.021,41.6,MEDIUM
N6,WARNING,3.41,7.3,1.54,0.318,29.55,28.8,67.9,88.1,0.187,0.746,0.245,52.9,HIGH
N6,NORMAL,1.12,0.58,0.99,0.051,-1.4,28.6,70.9,99.4,0.025,0.081,0.007,7.5,LOW
N3,NORMAL,0.48,1.73,0.13,0.092,3.57,37.8,81.6,73.8,0.049,0.018,0.002,8.2,LOW
N4,WARNING,3.41,4.65,1.7,0.638,14.42,35.8,71.8,74.5,0.13,0.411,0.179,44.9,MEDIUM
N5,WARNING,2.34,2.64,3.09,0.503,9.01,29.4,75.1,72.7,0.083,0.727,0.177,39.1,MEDIUM
N3,WARNING,2.71,3.48,3.96,0.572,8.81,33.2,86.7,81.5,0.085,0.554,0.108,45.0,MEDIUM
N1,WARNING,1.79,5.53,2.27,0.687,27.21,31.9,72.8,83.7,0.205,0.128,0.248,45.9,MEDIUM
N1,SUBSIDENCE,10.45,27.93,17.98,2.175,79.25,33.9,94.4,90.6,0.933,2.753,0.459,100.0,CRITICAL
N3,NORMAL,0.45,2.19,0.9,0.048,-1.63,28.1,76.4,70.6,0.029,0.048,0.014,11.3,LOW
N2,NORMAL,0.42,0.22,0.51,0.096,0.49,24.0,67.0,66.0,0.027,0.039,0.009,6.5,LOW
N3,WARNING,1.62,4.99,3.62,0.411,23.82,28.0,89.5,70.6,0.056,0.698,0.046,44.2,MEDIUM
N3,NORMAL,0.38,1.59,0.9,0.054,2.35,26.3,84.6,67.3,0.03,0.066,0.019,9.0,LOW
N4,SUBSIDENCE,6.17,22.43,19.04,0.935,90.02,27.0,93.9,92.6,1.669,1.093,1.238,100.0,CRITICAL
N1,NORMAL,0.86,1.47,0.92,0.039,-1.15,29.5,78.6,73.3,0.041,0.048,0.017,9.0,LOW
N1,NORMAL,1.15,1.27,0.76,0.131,-0.35,35.7,66.8,84.8,0.046,0.054,0.017,9.8,LOW
N5,WARNING,3.01,7.49,2.52,0.608,34.09,25.3,94.0,87.8,0.257,0.698,0.114,60.8,HIGH
N6,NORMAL,0.29,2.44,0.72,0.034,-0.8,29.8,76.9,93.4,0.043,0.095,0.007,9.0,LOW
N3,NORMAL,0.6,1.06,0.62,0.098,1.73,37.0,65.9,90.9,0.02,0.046,0.001,8.3,LOW
N3,NORMAL,0.43,0.46,0.61,0.133,2.41,36.1,67.7,66.3,0.029,0.054,0.011,6.7,LOW
N2,SUBSIDENCE,10.41,19.21,17.89,1.967,104.41,34.8,77.1,97.6,0.722,2.38,0.449,100.0,CRITICAL
N1,NORMAL,0.12,1.09,0.02,0.073,0.66,27.7,73.5,94.1,0.013,0.026,0.005,1.8,LOW
N2,SUBSIDENCE,3.83,44.59,9.07,0.846,48.14,28.7,90.1,96.6,1.713,4.491,0.558,100.0,CRITICAL
N4,NORMAL,0.82,2.35,0.95,0.142,0.44,25.7,76.8,79.2,0.007,0.052,0.006,11.0,LOW
N5,WARNING,2.72,3.72,3.61,0.286,34.92,27.6,70.6,65.4,0.189,0.203,0.212,46.0,MEDIUM
N2,WARNING,2.47,7.34,3.69,0.628,22.44,35.7,95.0,96.8,0.182,0.362,0.03,54.8,HIGH
N1,NORMAL,1.13,0.97,0.1,0.159,3.35,33.1,93.6,96.4,0.02,0.083,0.003,10.8,LOW
N4,NORMAL,0.94,0.81,0.1,0.072,2.32,28.7,92.7,72.8,0.016,0.041,0.008,5.3,LOW
N3,NORMAL,1.19,0.68,0.87,0.137,2.68,25.9,73.4,67.3,0.022,0.082,0.01,12.8,LOW
N4,WARNING,2.51,6.1,2.01,0.203,24.76,35.6,76.0,89.8,0.065,0.776,0.224,41.5,MEDIUM
N6,NORMAL,0.15,0.41,0.49,0.114,3.37,30.6,85.1,99.6,0.015,0.054,0.001,4.6,LOW
N2,WARNING,2.97,7.98,2.49,0.427,30.03,34.1,65.4,67.2,0.166,0.629,0.249,55.8,HIGH
N1,NORMAL,0.4,2.09,0.93,0.124,-1.38,24.9,88.4,86.3,0.025,0.086,0.007,9.5,LOW
N2,NORMAL,0.61,2.15,0.85,0.132,4.6,32.9,81.6,89.3,0.023,0.073,0.017,11.3,LOW
N3,NORMAL,0.49,1.04,0.98,0.039,3.89,25.3,71.3,98.3,0.039,0.005,0.014,8.9,LOW
N3,NORMAL,0.5,0.33,0.52,0.053,0.98,28.7,69.7,83.2,0.005,0.01,0.01,4.1,LOW
N1,NORMAL,0.17,1.93,0.05,0.175,3.15,27.2,94.1,84.8,0.045,0.044,0.001,8.5,LOW
N6,SUBSIDENCE,5.44,25.86,9.71,2.44,97.75,33.7,67.3,68.3,0.634,2.277,0.808,100.0,CRITICAL
N5,WARNING,2.12,6.95,1.56,0.682,15.17,34.3,79.3,92.7,0.113,0.387,0.147,45.2,MEDIUM
N4,NORMAL,1.0,0.2,0.79,0.091,4.77,26.7,73.7,68.1,0.041,0.038,0.013,10.4,LOW
N4,SUBSIDENCE,9.88,8.3,11.33,3.64,88.18,37.3,82.2,85.3,0.933,3.142,0.79,100.0,CRITICAL
N3,WARNING,3.47,6.74,1.86,0.621,32.85,30.1,85.7,69.7,0.124,0.672,0.075,55.5,HIGH
N2,SUBSIDENCE,5.09,25.11,18.1,2.806,87.59,31.4,76.4,63.2,1.334,2.815,0.645,100.0,CRITICAL
N2,NORMAL,1.09,1.68,0.86,0.144,-1.52,35.4,82.3,92.9,0.011,0.095,0.009,13.4,LOW
N6,NORMAL,0.91,0.84,0.99,0.098,2.09,24.9,77.8,96.7,0.027,0.089,0.006,10.7,LOW
N5,NORMAL,0.58,0.84,0.62,0.138,1.24,35.8,79.5,72.6,0.019,0.036,0.008,12.7,LOW
N2,WARNING,1.62,4.05,2.39,0.492,23.64,27.6,74.9,91.4,0.068,0.529,0.101,40.0,MEDIUM
N4,NORMAL,0.98,0.44,0.49,0.105,-1.79,32.5,79.1,89.9,0.036,0.037,0.008,7.3,LOW
N2,NORMAL,0.76,0.72,0.87,0.055,2.99,36.3,74.8,87.5,0.04,0.069,0.008,6.7,LOW
N5,NORMAL,1.07,0.56,0.65,0.164,-1.28,27.1,74.7,93.4,0.007,0.038,0.02,7.5,LOW
N4,NORMAL,0.24,2.49,0.74,0.173,-0.99,24.8,92.1,61.7,0.012,0.037,0.001,9.4,LOW
N2,WARNING,2.92,6.45,1.22,0.287,18.64,37.1,70.7,84.9,0.21,0.727,0.141,42.8,MEDIUM
N4,NORMAL,1.03,0.74,0.79,0.084,5.0,33.5,80.2,80.5,0.005,0.055,0.016,13.0,LOW
N3,NORMAL,0.55,0.99,0.59,0.14,-0.05,29.8,68.3,64.6,0.047,0.036,0.009,8.3,LOW
N3,WARNING,3.03,4.6,1.65,0.583,33.79,26.2,91.1,98.5,0.284,0.606,0.064,50.3,HIGH
N6,SUBSIDENCE,8.79,41.35,18.67,1.281,51.72,31.5,65.3,88.8,0.402,2.554,0.655,100.0,CRITICAL
N3,WARNING,1.66,4.53,2.21,0.218,15.97,24.4,82.8,68.2,0.275,0.725,0.026,36.2,MEDIUM
N2,SUBSIDENCE,11.14,25.87,9.86,4.039,58.84,36.1,87.8,75.5,0.781,1.292,0.528,100.0,CRITICAL
N5,WARNING,2.0,4.8,1.9,0.526,30.1,36.6,72.0,96.7,0.052,0.755,0.047,42.6,MEDIUM
N4,NORMAL,0.97,0.82,0.03,0.135,3.75,28.9,73.1,88.9,0.034,0.038,0.003,10.7,LOW
N1,NORMAL,0.28,2.08,0.61,0.097,0.52,37.8,92.3,75.6,0.025,0.054,0.005,8.8,LOW
N3,WARNING,1.78,4.19,3.94,0.412,32.36,33.1,68.6,99.3,0.065,0.644,0.195,49.1,MEDIUM
N3,WARNING,1.69,6.4,3.25,0.613,29.78,37.6,91.5,99.6,0.297,0.167,0.129,49.2,MEDIUM
N1,WARNING,2.54,6.2,1.79,0.441,5.63,30.4,83.7,85.3,0.23,0.748,0.046,41.9,MEDIUM
N1,NORMAL,0.44,0.25,0.89,0.035,-0.76,36.6,94.7,61.6,0.048,0.05,0.017,3.7,LOW
N2,NORMAL,0.16,0.64,0.66,0.062,1.47,34.2,65.2,90.3,0.039,0.019,0.006,4.7,LOW
N4,NORMAL,0.84,0.5,0.24,0.022,2.07,28.9,92.6,62.6,0.02,0.042,0.002,6.4,LOW
N3,NORMAL,1.17,2.15,0.2,0.133,-1.36,35.4,93.2,97.7,0.008,0.049,0.008,9.6,LOW
N5,NORMAL,0.26,1.78,0.57,0.079,4.96,25.4,69.2,90.0,0.023,0.067,0.01,7.5,LOW
N2,WARNING,3.04,4.5,1.2,0.725,19.91,33.9,86.1,84.1,0.084,0.239,0.03,40.3,MEDIUM
N2,NORMAL,0.7,1.08,0.95,0.148,4.35,24.8,74.6,68.1,0.016,0.098,0.003,10.5,LOW
N5,NORMAL,0.67,1.01,0.17,0.155,1.56,36.7,80.2,65.6,0.005,0.008,0.008,6.2,LOW
N5,NORMAL,0.37,0.31,0.83,0.171,-1.46,35.7,77.6,98.8,0.009,0.017,0.016,8.6,LOW
N6,WARNING,1.8,5.39,3.99,0.651,19.62,28.3,78.5,72.4,0.077,0.733,0.145,48.7,MEDIUM
N5,NORMAL,0.71,0.83,0.45,0.088,2.31,29.5,72.4,93.6,0.001,0.06,0.012,5.9,LOW
N1,NORMAL,0.48,0.92,0.46,0.064,3.82,35.0,91.1,96.8,0.028,0.075,0.015,6.0,LOW
N3,NORMAL,0.52,1.22,0.05,0.168,2.11,31.6,88.9,84.5,0.036,0.044,0.009,7.0,LOW
N6,NORMAL,0.99,0.7,0.21,0.053,-1.97,25.8,77.5,100.0,0.009,0.012,0.009,5.4,LOW
N1,SUBSIDENCE,7.78,42.21,16.63,3.835,81.92,38.9,73.0,76.9,1.515,1.92,0.715,100.0,CRITICAL
N6,SUBSIDENCE,9.03,22.52,4.38,3.483,60.17,37.6,72.8,96.9,0.641,2.671,0.261,100.0,CRITICAL
N3,NORMAL,0.85,1.46,0.81,0.179,-0.24,31.7,81.5,93.1,0.018,0.048,0.011,7.5,LOW
N6,NORMAL,0.55,0.23,0.88,0.126,-0.67,36.6,73.3,88.2,0.001,0.032,0.002,4.6,LOW
N1,WARNING,2.71,6.43,2.59,0.596,20.37,32.0,79.0,91.0,0.144,0.701,0.126,49.2,MEDIUM
N4,NORMAL,0.69,1.28,0.26,0.166,4.04,26.5,76.3,94.1,0.022,0.066,0.01,8.5,LOW
N3,NORMAL,0.98,0.44,0.08,0.157,4.3,25.8,87.4,74.8,0.015,0.035,0.007,6.2,LOW
N2,NORMAL,1.02,2.22,0.91,0.151,3.52,31.4,75.8,93.2,0.022,0.003,0.002,13.0,LOW
N3,SUBSIDENCE,8.29,11.66,12.61,3.586,99.73,26.4,86.8,77.9,0.549,1.171,0.734,100.0,CRITICAL
N3,NORMAL,0.32,0.44,0.93,0.027,-1.31,27.1,79.4,94.4,0.012,0.009,0.013,5.9,LOW
N3,NORMAL,1.01,0.54,0.09,0.126,-0.53,37.6,66.7,65.0,0.039,0.043,0.003,5.3,LOW
N4,WARNING,3.07,4.99,3.81,0.244,9.71,34.1,77.9,70.3,0.05,0.252,0.171,39.5,MEDIUM
N1,NORMAL,0.89,0.6,0.77,0.146,1.09,31.4,78.8,99.2,0.01,0.063,0.017,9.0,LOW
N2,NORMAL,0.69,0.28,0.5,0.091,0.04,34.7,92.1,70.4,0.016,0.093,0.003,7.0,LOW
N1,SUBSIDENCE,4.07,19.36,11.79,4.032,67.26,28.1,66.8,67.0,0.438,1.343,0.691,100.0,CRITICAL
N6,NORMAL,0.22,0.67,1.0,0.091,2.61,37.8,90.1,98.0,0.008,0.085,0.005,6.9,LOW
N6,WARNING,2.74,6.12,3.52,0.588,23.19,29.4,66.8,79.2,0.14,0.256,0.2,53.3,HIGH
N6,NORMAL,0.82,0.25,0.71,0.056,-0.44,31.2,92.6,68.2,0.028,0.034,0.009,5.9,LOW
N1,NORMAL,0.61,2.01,0.21,0.033,-1.88,32.3,71.0,70.8,0.005,0.027,0.008,5.1,LOW
N5,NORMAL,0.87,2.29,0.14,0.096,0.07,33.9,89.6,84.9,0.026,0.012,0.005,11.1,LOW
N4,NORMAL,1.14,1.7,0.75,0.077,-0.81,30.3,81.2,72.4,0.033,0.092,0.02,10.9,LOW
N5,NORMAL,0.84,1.96,0.04,0.155,1.6,37.3,92.9,91.0,0.029,0.021,0.0,9.6,LOW
N6,WARNING,2.29,4.25,1.47,0.226,18.72,25.7,90.9,92.2,0.248,0.608,0.194,40.1,MEDIUM
N4,NORMAL,0.2,1.02,0.38,0.138,4.02,32.9,79.9,96.1,0.019,0.013,0.002,7.3,LOW
N1,NORMAL,1.15,2.27,0.08,0.065,-0.33,29.5,93.8,82.5,0.003,0.092,0.018,8.3,LOW
N6,NORMAL,0.58,1.46,0.42,0.067,-0.73,30.6,89.9,98.2,0.023,0.053,0.016,7.7,LOW
N1,WARNING,2.86,3.16,2.38,0.668,19.75,28.6,87.9,66.4,0.253,0.643,0.057,42.8,MEDIUM
N4,NORMAL,0.57,0.52,0.24,0.066,1.71,33.7,88.4,90.5,0.046,0.039,0.017,9.4,LOW
N1,NORMAL,0.43,0.74,0.98,0.138,0.56,25.4,65.8,66.6,0.028,0.078,0.001,6.5,LOW
N1,NORMAL,0.23,1.27,0.29,0.027,1.15,29.5,80.6,77.4,0.029,0.037,0.005,5.0,LOW
N2,NORMAL,0.2,1.25,0.72,0.151,1.08,30.4,73.9,82.0,0.05,0.084,0.004,9.0,LOW
N5,NORMAL,0.35,0.28,0.9,0.103,4.4,30.4,91.4,86.0,0.006,0.015,0.005,3.7,LOW
N5,WARNING,1.33,4.74,3.17,0.364,19.78,34.4,87.4,81.7,0.228,0.775,0.097,41.5,MEDIUM
N5,NORMAL,0.99,1.43,0.62,0.154,1.33,25.8,88.1,71.8,0.024,0.059,0.016,13.4,LOW
N3,NORMAL,0.18,2.02,0.15,0.054,2.94,28.4,74.7,68.4,0.028,0.092,0.019,9.1,LOW
N2,NORMAL,0.67,1.07,0.01,0.083,-1.57,33.1,67.7,74.5,0.04,0.093,0.006,8.1,LOW
N6,WARNING,2.52,3.07,2.13,0.724,9.98,34.8,66.8,98.9,0.205,0.683,0.197,41.9,MEDIUM
N6,NORMAL,0.9,2.39,0.98,0.077,1.8,37.6,74.8,87.2,0.036,0.085,0.019,14.4,LOW
N6,NORMAL,0.26,2.06,0.16,0.163,4.85,30.6,73.8,62.6,0.004,0.051,0.005,9.9,LOW
N5,NORMAL,0.53,0.67,0.55,0.129,0.84,33.8,72.6,98.8,0.01,0.019,0.0,6.5,LOW
N5,NORMAL,0.92,0.88,0.16,0.12,4.05,37.5,66.4,92.4,0.029,0.001,0.016,9.4,LOW
N2,NORMAL,0.89,1.11,0.63,0.045,3.04,25.8,78.1,65.2,0.029,0.009,0.017,9.0,LOW
N1,NORMAL,0.81,1.9,0.95,0.06,0.56,25.2,75.2,67.6,0.019,0.01,0.016,10.6,LOW
N5,NORMAL,0.83,2.28,0.75,0.144,-1.45,33.7,72.6,87.3,0.037,0.006,0.01,8.7,LOW
N6,NORMAL,1.07,2.22,0.19,0.064,2.66,32.0,72.9,60.8,0.042,0.046,0.018,11.7,LOW
N1,NORMAL,0.99,0.41,0.08,0.144,-1.78,37.1,91.0,63.0,0.042,0.06,0.013,3.3,LOW
N5,NORMAL,1.04,1.73,0.32,0.157,-1.84,24.1,80.6,76.9,0.042,0.062,0.005,8.6,LOW
N4,NORMAL,1.05,2.01,0.59,0.044,3.08,35.6,88.2,67.1,0.03,0.002,0.015,8.1,LOW
N3,WARNING,2.36,5.4,3.8,0.708,6.87,34.4,76.3,97.5,0.3,0.651,0.106,52.2,HIGH
N5,SUBSIDENCE,6.71,36.35,6.79,3.69,81.53,33.0,76.6,80.6,1.511,2.346,0.683,100.0,CRITICAL
N4,SUBSIDENCE,7.16,15.28,21.58,0.805,104.42,27.8,69.0,82.0,1.541,2.357,0.653,100.0,CRITICAL
N2,SUBSIDENCE,4.4,25.63,18.66,3.362,44.94,29.7,83.5,82.9,1.742,1.859,1.132,100.0,CRITICAL
N4,WARNING,1.61,6.09,1.98,0.528,21.24,36.0,78.3,91.3,0.261,0.25,0.055,39.5,MEDIUM
N2,WARNING,3.41,5.49,1.9,0.633,32.93,24.4,82.8,85.3,0.111,0.582,0.2,51.8,HIGH
N5,NORMAL,0.8,0.39,0.02,0.067,0.5,28.7,73.8,90.9,0.007,0.051,0.005,5.2,LOW
N2,WARNING,3.22,4.14,2.13,0.645,27.77,37.1,89.3,68.5,0.227,0.596,0.088,49.7,MEDIUM
N4,NORMAL,0.83,0.56,0.58,0.066,-1.26,36.6,68.8,89.7,0.03,0.088,0.003,5.4,LOW
N3,NORMAL,1.19,0.42,0.21,0.094,3.16,30.3,75.7,80.3,0.045,0.073,0.015,8.7,LOW
N1,WARNING,2.69,5.26,3.37,0.27,16.89,33.3,93.7,97.3,0.067,0.57,0.194,40.5,MEDIUM
N1,NORMAL,0.4,0.76,0.03,0.1,4.03,29.1,86.1,93.5,0.008,0.059,0.014,5.1,LOW
N3,NORMAL,0.11,1.89,0.6,0.155,-1.03,27.8,72.2,79.9,0.04,0.014,0.012,6.1,LOW
N6,SUBSIDENCE,9.94,31.87,21.79,1.161,89.13,29.1,81.0,69.7,0.383,2.123,0.679,100.0,CRITICAL
N1,NORMAL,0.5,2.18,0.32,0.178,-0.07,30.0,88.1,76.0,0.045,0.043,0.018,7.7,LOW
N5,NORMAL,0.78,0.32,0.6,0.071,4.97,32.6,74.0,68.5,0.041,0.008,0.004,7.4,LOW
N6,SUBSIDENCE,6.52,11.93,13.98,1.726,100.03,28.8,66.7,62.9,0.349,2.098,0.937,100.0,CRITICAL
N5,WARNING,1.57,4.0,3.12,0.451,5.99,24.9,68.6,70.5,0.089,0.358,0.117,34.1,MEDIUM
N4,NORMAL,1.02,0.68,0.23,0.099,4.24,36.0,91.3,91.8,0.026,0.008,0.004,8.7,LOW
N4,NORMAL,0.7,1.21,0.27,0.108,2.78,29.5,91.5,75.9,0.03,0.023,0.018,7.2,LOW
N6,NORMAL,0.14,1.9,0.92,0.061,1.8,29.8,81.5,82.1,0.04,0.032,0.006,9.2,LOW
N6,SUBSIDENCE,7.63,38.35,6.75,1.044,47.64,37.8,69.2,81.1,1.356,1.337,0.654,100.0,CRITICAL
N6,NORMAL,0.66,0.28,0.12,0.172,4.73,35.5,85.3,95.8,0.044,0.043,0.012,6.8,LOW
N6,NORMAL,0.45,1.64,0.57,0.178,4.15,31.6,88.7,66.4,0.008,0.006,0.009,9.4,LOW
N2,NORMAL,1.11,1.51,0.84,0.154,4.66,30.6,78.0,97.9,0.033,0.078,0.016,15.5,LOW
N6,NORMAL,0.17,2.39,0.58,0.067,1.9,36.6,94.1,84.0,0.032,0.011,0.013,10.1,LOW
N6,SUBSIDENCE,6.28,28.85,4.05,3.921,93.85,28.5,70.1,66.2,0.55,3.055,0.276,100.0,CRITICAL
N4,NORMAL,0.71,2.42,0.13,0.16,-1.42,28.8,81.0,90.2,0.004,0.063,0.011,9.7,LOW
N5,WARNING,2.98,2.57,1.23,0.182,5.47,37.7,89.6,62.7,0.26,0.158,0.184,28.2,MEDIUM
N4,NORMAL,1.08,2.4,0.71,0.119,2.21,37.6,66.5,86.6,0.041,0.055,0.007,13.6,LOW
N1,WARNING,2.55,6.02,2.93,0.25,9.01,25.1,78.0,74.4,0.067,0.757,0.16,39.7,MEDIUM
N2,SUBSIDENCE,4.76,38.41,17.96,2.351,74.19,37.8,82.8,65.0,0.955,2.839,1.166,100.0,CRITICAL
N2,NORMAL,0.95,1.06,0.63,0.052,-0.86,28.5,72.2,99.8,0.003,0.031,0.012,6.4,LOW
N5,NORMAL,1.2,1.59,0.32,0.158,3.16,27.6,94.0,94.4,0.031,0.091,0.009,11.9,LOW
N6,NORMAL,1.1,2.31,0.38,0.158,4.22,24.2,81.1,61.5,0.027,0.063,0.012,16.2,LOW
N4,WARNING,2.24,2.75,2.37,0.354,28.22,30.8,69.7,64.5,0.17,0.458,0.228,40.8,MEDIUM
N1,NORMAL,0.44,0.81,0.82,0.141,-1.59,26.3,92.3,81.6,0.01,0.045,0.002,6.1,LOW
N4,SUBSIDENCE,10.27,20.23,10.75,3.711,84.29,39.4,91.8,88.4,1.318,3.164,0.926,100.0,CRITICAL
N6,WARNING,2.76,2.96,2.46,0.463,6.56,36.6,75.2,83.3,0.239,0.101,0.118,33.6,MEDIUM
N6,SUBSIDENCE,6.12,14.62,17.14,1.456,40.41,28.9,89.5,63.9,0.953,3.423,0.975,100.0,CRITICAL
N3,WARNING,2.74,5.84,3.7,0.48,29.57,28.1,65.2,89.8,0.104,0.482,0.143,50.1,HIGH
N4,NORMAL,0.54,0.89,0.19,0.156,0.34,32.4,93.8,98.3,0.01,0.052,0.016,5.2,LOW
N5,NORMAL,1.09,1.5,0.77,0.066,2.03,29.1,69.8,63.3,0.003,0.026,0.007,10.4,LOW
N4,NORMAL,0.74,1.33,0.58,0.041,4.63,33.7,76.5,65.7,0.021,0.045,0.011,8.3,LOW
N2,SUBSIDENCE,10.16,17.64,11.97,2.932,107.4,29.1,68.4,83.9,0.35,2.72,1.42,100.0,CRITICAL
N1,WARNING,1.55,7.33,3.17,0.249,22.32,34.2,68.2,78.9,0.057,0.692,0.067,42.9,MEDIUM
N5,WARNING,3.34,2.91,1.89,0.626,18.9,29.5,77.9,82.8,0.213,0.668,0.2,45.2,MEDIUM
N3,NORMAL,0.24,2.2,0.09,0.05,4.61,34.1,76.0,95.0,0.014,0.024,0.009,7.3,LOW
N1,NORMAL,0.26,0.47,0.08,0.068,-0.6,36.5,89.9,70.9,0.023,0.1,0.017,3.9,LOW
N1,WARNING,1.72,6.53,2.8,0.297,34.02,24.5,78.7,64.8,0.156,0.67,0.037,48.3,MEDIUM
N2,NORMAL,1.18,2.07,0.45,0.177,-0.33,25.1,76.0,75.2,0.034,0.002,0.007,9.5,LOW
N2,NORMAL,0.51,1.15,0.62,0.05,-0.36,35.0,92.9,78.6,0.032,0.047,0.003,5.2,LOW
N2,WARNING,2.61,6.98,3.89,0.732,32.69,34.7,67.8,64.7,0.254,0.398,0.174,58.5,HIGH
N5,NORMAL,0.88,1.73,0.8,0.05,4.56,35.3,65.8,69.1,0.012,0.014,0.006,9.4,LOW
N4,NORMAL,1.15,0.24,0.28,0.072,4.47,37.2,70.6,79.1,0.043,0.046,0.006,7.4,LOW
N1,NORMAL,0.56,2.35,0.76,0.094,2.25,36.8,76.4,89.3,0.045,0.083,0.012,9.1,LOW
N4,NORMAL,0.12,1.54,0.14,0.104,-0.27,31.5,69.3,82.9,0.019,0.079,0.001,8.1,LOW
N4,SUBSIDENCE,8.89,14.74,4.11,1.045,86.72,32.5,84.1,96.8,0.87,2.18,1.115,100.0,CRITICAL
N2,NORMAL,0.66,1.67,0.64,0.106,2.65,37.3,90.4,98.8,0.042,0.081,0.001,9.0,LOW
N4,NORMAL,0.31,1.43,0.44,0.08,0.85,29.3,79.1,74.7,0.045,0.07,0.006,6.5,LOW
N1,NORMAL,0.33,1.2,0.08,0.157,3.77,35.3,74.4,85.3,0.045,0.045,0.013,7.7,LOW
N1,WARNING,2.21,4.56,3.58,0.536,23.7,27.0,94.1,93.3,0.089,0.343,0.213,45.9,MEDIUM
N6,NORMAL,0.39,0.45,0.17,0.059,-0.34,28.0,65.5,96.7,0.001,0.072,0.02,3.0,LOW
N3,NORMAL,0.33,0.22,0.22,0.037,3.08,35.0,80.7,65.0,0.0,0.044,0.01,5.7,LOW
N5,NORMAL,0.57,2.35,0.24,0.068,4.11,25.2,81.3,94.8,0.039,0.03,0.014,9.6,LOW
N4,NORMAL,1.03,0.67,0.53,0.084,1.93,25.7,84.3,60.3,0.004,0.098,0.011,8.6,LOW
N5,NORMAL,0.11,0.61,0.27,0.062,1.1,33.4,72.5,85.1,0.026,0.042,0.007,6.4,LOW
N5,WARNING,3.4,5.09,2.53,0.595,20.22,37.3,67.8,81.5,0.086,0.527,0.137,51.6,HIGH
N5,SUBSIDENCE,8.74,30.94,5.07,1.881,54.69,37.1,79.6,70.5,1.32,3.521,0.512,100.0,CRITICAL
N6,NORMAL,0.43,0.81,0.6,0.104,4.57,28.2,72.5,76.1,0.014,0.032,0.0,8.3,LOW
N5,NORMAL,0.65,1.74,0.19,0.109,3.1,25.6,87.7,69.6,0.012,0.035,0.004,6.1,LOW
N6,SUBSIDENCE,6.62,17.16,4.79,3.265,83.25,34.2,92.2,68.1,1.014,3.295,1.308,100.0,CRITICAL
N1,NORMAL,1.07,1.45,0.84,0.139,-1.6,24.2,87.8,78.7,0.042,0.034,0.008,12.0,LOW
N4,WARNING,3.36,4.05,2.49,0.414,28.76,29.3,79.7,82.2,0.184,0.422,0.238,45.0,MEDIUM
N6,NORMAL,0.16,1.41,0.34,0.124,2.51,30.1,81.6,61.0,0.036,0.04,0.002,4.8,LOW
N3,SUBSIDENCE,8.15,22.77,12.61,1.797,71.91,34.3,91.9,79.2,1.623,3.715,1.02,100.0,CRITICAL
N5,WARNING,2.44,7.23,3.26,0.427,14.16,30.5,82.8,93.8,0.179,0.184,0.177,43.5,MEDIUM
N3,SUBSIDENCE,6.53,26.4,14.0,1.717,55.61,39.4,71.3,83.0,1.089,1.752,1.327,100.0,CRITICAL
N1,WARNING,1.53,3.52,3.3,0.294,27.47,31.7,74.9,67.0,0.151,0.436,0.08,40.2,MEDIUM
N1,NORMAL,0.25,2.5,0.35,0.149,0.39,25.0,70.8,94.9,0.031,0.084,0.014,10.1,LOW
N2,SUBSIDENCE,7.51,30.14,4.44,2.431,67.31,34.9,80.3,75.0,1.329,1.815,1.18,100.0,CRITICAL
N5,NORMAL,0.43,1.43,0.58,0.092,0.24,36.7,84.4,74.6,0.044,0.031,0.013,8.8,LOW
N2,NORMAL,0.43,2.16,0.49,0.115,2.17,24.6,80.2,82.6,0.027,0.093,0.019,9.8,LOW
N3,WARNING,3.33,2.88,3.37,0.546,26.97,33.5,88.6,91.3,0.123,0.623,0.085,48.5,MEDIUM
N4,WARNING,2.45,4.77,1.73,0.199,6.47,26.7,79.4,83.7,0.155,0.166,0.046,27.4,MEDIUM
N2,SUBSIDENCE,9.4,25.99,15.97,3.724,63.06,33.7,86.8,92.7,1.332,3.236,1.046,100.0,CRITICAL
N1,NORMAL,0.53,1.71,0.25,0.141,4.16,36.2,89.4,87.9,0.038,0.049,0.003,8.7,LOW
N5,WARNING,3.16,5.43,3.97,0.657,9.91,31.0,75.8,96.4,0.151,0.219,0.072,45.9,MEDIUM
N3,WARNING,1.2,2.56,3.76,0.316,5.07,31.4,69.2,93.5,0.159,0.237,0.032,29.2,MEDIUM
N6,NORMAL,0.43,0.71,0.74,0.156,-1.35,25.2,76.3,95.9,0.008,0.047,0.012,7.2,LOW
N1,NORMAL,1.06,0.92,0.23,0.113,-1.33,27.0,83.8,79.5,0.012,0.017,0.004,5.0,LOW
N6,NORMAL,1.05,1.89,0.5,0.069,3.82,31.5,92.0,69.5,0.004,0.068,0.002,9.3,LOW
N4,NORMAL,0.19,0.98,0.48,0.136,-1.79,37.4,80.3,75.1,0.007,0.041,0.002,5.7,LOW
N5,SUBSIDENCE,11.83,31.91,13.28,1.582,53.98,28.2,89.5,73.2,0.843,3.578,1.27,100.0,CRITICAL
N4,WARNING,1.66,3.57,2.39,0.617,22.12,33.4,67.9,98.2,0.166,0.113,0.15,38.6,MEDIUM
N4,WARNING,1.41,6.3,2.57,0.684,17.42,35.2,73.4,98.2,0.177,0.487,0.221,44.8,MEDIUM
N5,SUBSIDENCE,9.9,8.45,7.31,3.703,83.44,30.0,92.0,74.1,0.687,1.434,0.433,100.0,CRITICAL
N5,NORMAL,0.83,0.46,0.53,0.075,-0.88,33.2,76.8,61.8,0.04,0.082,0.006,8.1,LOW
N6,WARNING,2.18,5.67,1.9,0.721,21.74,24.3,65.2,72.1,0.143,0.615,0.098,46.0,MEDIUM
N4,NORMAL,0.27,1.01,0.77,0.069,1.92,36.1,74.9,67.9,0.046,0.07,0.011,7.3,LOW
N3,SUBSIDENCE,9.85,10.18,11.64,1.74,107.85,39.3,70.4,96.3,0.866,3.255,0.586,100.0,CRITICAL
N6,NORMAL,0.59,1.18,0.7,0.035,1.83,38.0,94.1,92.8,0.011,0.016,0.018,7.5,LOW
N5,SUBSIDENCE,11.32,42.2,7.17,1.046,44.51,30.4,66.0,72.3,0.544,3.843,1.427,100.0,CRITICAL
N1,NORMAL,0.88,2.37,0.45,0.074,2.57,37.7,93.0,86.6,0.011,0.077,0.008,10.1,LOW
N6,NORMAL,0.81,0.48,0.28,0.158,0.54,35.9,67.1,87.6,0.021,0.084,0.009,7.0,LOW
N2,WARNING,1.34,6.85,2.66,0.497,16.3,35.5,93.4,69.7,0.276,0.456,0.08,43.5,MEDIUM
N3,NORMAL,0.77,1.55,0.61,0.11,-1.3,33.4,91.8,68.0,0.021,0.099,0.002,10.5,LOW
N6,WARNING,3.05,3.83,1.09,0.477,26.33,26.1,70.5,88.1,0.099,0.149,0.147,37.1,MEDIUM
N5,NORMAL,0.77,2.38,0.32,0.054,2.59,36.7,83.3,68.5,0.049,0.055,0.006,10.1,LOW
N5,WARNING,3.38,4.0,3.7,0.53,20.08,28.6,73.7,62.9,0.133,0.183,0.076,47.8,MEDIUM
N3,NORMAL,0.74,1.29,0.11,0.094,-1.45,27.5,79.2,97.3,0.047,0.026,0.014,6.1,LOW
N2,NORMAL,1.06,1.99,0.79,0.152,3.2,33.0,70.9,80.1,0.045,0.035,0.011,14.1,LOW
N6,NORMAL,0.24,1.61,0.1,0.101,1.23,32.3,78.7,74.6,0.006,0.044,0.014,5.5,LOW
N6,NORMAL,0.16,2.4,0.4,0.087,-1.1,28.4,72.1,94.7,0.027,0.098,0.005,7.4,LOW
N4,NORMAL,0.62,2.09,0.85,0.14,-0.17,34.4,88.0,69.8,0.002,0.014,0.014,8.4,LOW
N1,NORMAL,0.27,2.32,0.66,0.139,-1.34,30.9,78.5,96.1,0.021,0.006,0.013,9.6,LOW
N5,NORMAL,0.91,2.42,0.05,0.119,2.41,33.8,66.1,84.5,0.001,0.079,0.003,10.5,LOW
N6,NORMAL,0.67,1.31,0.37,0.087,1.34,28.2,88.4,90.1,0.015,0.094,0.019,5.7,LOW
N6,NORMAL,1.06,0.21,0.34,0.043,0.74,31.0,65.7,72.0,0.029,0.091,0.017,7.6,LOW
N6,SUBSIDENCE,4.41,32.07,16.52,2.988,55.6,36.9,67.1,68.4,1.679,2.977,0.997,100.0,CRITICAL
N2,NORMAL,0.75,1.6,0.47,0.145,0.42,34.9,74.5,68.9,0.001,0.034,0.019,9.0,LOW
N1,NORMAL,0.99,0.66,0.58,0.101,0.96,29.5,94.1,91.1,0.021,0.07,0.002,4.7,LOW
N6,WARNING,1.25,4.96,1.35,0.456,8.11,32.1,94.6,69.8,0.147,0.481,0.104,31.1,MEDIUM
N3,NORMAL,0.72,1.28,0.81,0.07,2.47,38.0,86.6,78.3,0.035,0.098,0.003,6.9,LOW
N5,WARNING,1.81,5.96,1.43,0.72,10.53,35.3,91.6,60.2,0.244,0.342,0.07,40.8,MEDIUM
N4,NORMAL,1.17,1.17,0.1,0.093,-1.17,27.2,70.9,85.5,0.013,0.056,0.007,9.5,LOW
N3,NORMAL,1.1,0.33,0.24,0.126,4.91,28.9,69.7,67.3,0.034,0.005,0.004,8.7,LOW
N5,NORMAL,0.4,1.06,0.39,0.1,4.5,34.5,67.2,97.6,0.05,0.002,0.01,10.2,LOW
N2,WARNING,3.36,3.65,3.36,0.511,6.02,36.6,66.0,89.7,0.124,0.284,0.222,40.1,MEDIUM
N1,WARNING,1.48,6.85,3.54,0.214,14.79,27.6,83.6,66.4,0.145,0.769,0.105,44.4,MEDIUM
N1,NORMAL,0.79,1.25,0.73,0.113,-0.76,31.4,91.0,73.5,0.047,0.045,0.015,9.1,LOW
N5,NORMAL,0.8,0.38,0.08,0.155,3.73,26.0,94.5,95.4,0.018,0.068,0.017,7.0,LOW
N3,SUBSIDENCE,9.37,28.1,20.11,3.301,78.85,38.5,67.0,61.8,1.637,1.579,0.555,100.0,CRITICAL
N4,NORMAL,0.97,1.15,0.92,0.068,0.01,36.6,76.4,69.9,0.048,0.055,0.012,11.6,LOW
N2,NORMAL,0.73,1.14,0.16,0.039,3.08,26.1,91.7,89.6,0.002,0.053,0.007,6.9,LOW
N5,SUBSIDENCE,10.07,24.13,15.67,1.062,45.45,33.4,72.2,91.0,0.784,2.494,0.367,100.0,CRITICAL
N2,WARNING,1.2,7.26,3.2,0.491,27.13,31.7,73.8,68.5,0.141,0.214,0.022,43.9,MEDIUM
N1,NORMAL,1.05,1.87,0.99,0.126,4.27,25.3,90.7,74.4,0.006,0.072,0.002,11.2,LOW
N6,WARNING,1.93,3.51,2.45,0.296,21.14,33.9,73.0,92.3,0.215,0.558,0.104,36.6,MEDIUM
N6,SUBSIDENCE,3.5,43.76,11.8,1.902,81.84,30.5,65.2,67.4,1.619,2.105,0.338,100.0,CRITICAL
N4,NORMAL,0.16,1.09,0.06,0.177,3.47,33.1,89.6,87.4,0.021,0.079,0.008,9.4,LOW
N2,NORMAL,0.19,0.3,0.57,0.051,4.89,32.6,77.6,85.3,0.001,0.075,0.001,5.3,LOW
N5,NORMAL,0.94,0.28,0.52,0.171,-0.48,29.5,89.9,81.8,0.004,0.077,0.015,8.0,LOW
N4,SUBSIDENCE,7.54,38.41,5.77,1.522,68.31,38.8,79.2,97.0,0.428,4.485,0.642,100.0,CRITICAL
N3,WARNING,2.21,6.98,3.25,0.72,24.12,28.7,88.7,60.6,0.107,0.479,0.054,53.6,HIGH
N6,NORMAL,0.78,1.79,0.9,0.141,0.82,25.0,81.2,94.7,0.038,0.063,0.012,9.3,LOW
N5,SUBSIDENCE,7.21,34.05,20.27,2.593,41.61,39.5,68.8,91.0,0.381,3.752,0.291,100.0,CRITICAL
N2,NORMAL,1.05,0.9,0.54,0.172,4.69,25.4,69.3,86.9,0.047,0.027,0.001,12.4,LOW
N4,NORMAL,0.98,0.32,0.89,0.14,1.71,28.7,80.8,75.5,0.049,0.027,0.004,9.6,LOW
N5,NORMAL,1.01,2.26,0.97,0.151,2.26,38.0,72.8,78.7,0.031,0.019,0.005,13.6,LOW
N4,NORMAL,0.52,1.78,0.34,0.129,4.73,28.2,73.1,85.2,0.013,0.037,0.007,9.2,LOW
N4,SUBSIDENCE,8.16,26.82,18.41,1.256,47.73,35.2,79.9,68.1,1.07,2.109,0.467,100.0,CRITICAL
N4,NORMAL,0.39,1.86,0.33,0.053,4.76,30.0,87.6,82.1,0.004,0.015,0.014,9.0,LOW
N2,WARNING,1.29,6.26,3.42,0.495,14.23,24.6,90.2,62.1,0.054,0.735,0.183,44.7,MEDIUM
N5,NORMAL,0.88,1.8,0.92,0.046,1.97,27.6,75.0,69.7,0.027,0.003,0.013,9.3,LOW
N1,NORMAL,0.16,0.58,0.21,0.112,-1.06,26.2,88.9,62.9,0.046,0.023,0.013,7.9,LOW
N1,SUBSIDENCE,9.77,22.55,12.38,2.014,65.15,28.5,83.2,86.1,0.308,0.897,1.242,100.0,CRITICAL
N2,NORMAL,0.87,1.57,0.63,0.113,4.5,25.1,94.8,95.6,0.033,0.035,0.007,10.7,LOW
N2,NORMAL,0.15,2.18,0.14,0.058,2.77,30.9,72.8,60.4,0.037,0.051,0.019,4.2,LOW
N6,NORMAL,1.05,1.11,0.78,0.144,-1.7,30.9,82.7,64.1,0.041,0.029,0.017,9.5,LOW
N4,SUBSIDENCE,6.72,43.92,20.67,4.18,73.27,39.3,91.3,84.8,1.527,2.484,1.427,100.0,CRITICAL
N5,NORMAL,1.19,2.46,0.48,0.069,-0.69,24.7,73.0,79.9,0.034,0.003,0.015,11.2,LOW
N5,NORMAL,0.21,0.28,0.48,0.162,0.86,24.6,65.9,78.5,0.01,0.041,0.014,6.9,LOW
N3,NORMAL,0.84,1.61,0.64,0.047,1.77,33.0,93.7,64.3,0.019,0.011,0.003,8.6,LOW
N3,NORMAL,0.64,0.77,0.28,0.056,1.82,29.4,71.5,81.5,0.003,0.074,0.012,6.7,LOW
N1,WARNING,3.4,6.39,1.84,0.603,20.12,29.7,79.4,92.0,0.062,0.532,0.074,49.7,MEDIUM
N3,NORMAL,0.74,0.98,0.66,0.051,3.76,28.6,77.7,74.7,0.01,0.056,0.004,10.3,LOW
N3,NORMAL,1.13,0.71,0.18,0.103,4.64,24.1,74.1,85.5,0.025,0.096,0.004,8.9,LOW
N1,NORMAL,0.75,0.76,0.66,0.153,2.81,24.6,75.8,92.6,0.036,0.031,0.011,9.4,LOW
N6,NORMAL,0.97,2.36,0.97,0.176,-0.9,29.0,81.0,78.1,0.006,0.088,0.008,13.7,LOW
N1,SUBSIDENCE,5.4,39.25,20.37,3.329,38.61,34.0,68.0,98.4,0.477,2.08,0.946,100.0,CRITICAL
N3,NORMAL,0.68,1.19,0.19,0.172,1.13,35.3,81.4,64.2,0.006,0.061,0.007,8.2,LOW
N5,SUBSIDENCE,9.88,19.27,11.35,3.426,42.98,26.3,81.3,75.2,1.767,3.398,0.491,100.0,CRITICAL
N3,NORMAL,0.13,1.6,0.31,0.072,-0.86,31.5,79.1,88.2,0.007,0.014,0.018,4.9,LOW
N4,NORMAL,0.45,2.09,0.2,0.148,-1.61,27.4,66.3,83.9,0.008,0.089,0.002,8.3,LOW
N4,SUBSIDENCE,6.29,31.44,5.54,2.113,62.88,29.9,85.9,74.7,1.105,1.892,1.481,100.0,CRITICAL
N4,NORMAL,0.69,0.72,0.17,0.176,1.79,35.5,72.4,81.7,0.023,0.064,0.004,8.9,LOW
N6,WARNING,1.49,5.66,2.45,0.34,14.23,34.1,81.4,63.3,0.052,0.119,0.158,34.9,MEDIUM
N2,SUBSIDENCE,11.5,34.4,8.27,3.067,43.36,25.6,84.6,93.2,1.469,2.579,0.762,100.0,CRITICAL
N4,NORMAL,0.42,0.23,0.78,0.122,3.44,25.1,79.1,94.7,0.027,0.046,0.004,8.1,LOW
N5,NORMAL,0.17,2.47,0.95,0.123,4.4,36.3,93.7,93.5,0.028,0.04,0.011,12.3,LOW
N6,WARNING,1.61,5.75,2.33,0.454,17.85,26.9,83.7,81.5,0.067,0.692,0.245,43.9,MEDIUM
N2,NORMAL,1.09,1.82,0.75,0.172,2.64,32.3,85.5,80.2,0.023,0.005,0.018,9.9,LOW
N2,NORMAL,0.53,1.36,0.05,0.148,-0.89,26.4,77.0,76.6,0.017,0.009,0.016,5.0,LOW
N4,NORMAL,0.45,2.18,0.77,0.139,-0.42,30.7,72.5,78.3,0.009,0.025,0.008,8.4,LOW
N3,NORMAL,0.3,0.82,0.26,0.136,1.21,35.1,73.5,80.4,0.031,0.067,0.001,4.6,LOW
N1,WARNING,1.98,6.75,1.68,0.729,17.0,31.7,76.5,67.2,0.228,0.549,0.191,46.4,MEDIUM
N3,NORMAL,0.67,0.34,0.06,0.118,1.36,26.8,82.6,94.4,0.025,0.032,0.016,6.0,LOW
N3,NORMAL,1.02,0.27,0.28,0.134,3.19,35.2,70.8,97.7,0.024,0.02,0.006,7.7,LOW
N2,WARNING,2.35,4.06,2.17,0.326,16.53,33.2,89.3,69.1,0.083,0.676,0.242,38.9,MEDIUM
N2,NORMAL,0.17,1.64,0.82,0.153,1.73,33.8,70.6,71.2,0.031,0.037,0.017,10.4,LOW
N6,NORMAL,0.27,1.36,0.2,0.045,-0.88,37.9,66.2,82.8,0.013,0.081,0.019,5.6,LOW
N6,WARNING,1.81,7.94,3.95,0.712,5.43,36.0,86.0,67.4,0.089,0.487,0.063,46.4,MEDIUM
N2,NORMAL,1.0,1.35,0.71,0.042,1.62,33.0,84.3,68.2,0.039,0.035,0.004,8.5,LOW
N5,WARNING,1.36,3.42,1.83,0.201,32.68,31.0,81.1,90.9,0.108,0.617,0.115,35.5,MEDIUM
N5,SUBSIDENCE,10.2,13.23,9.46,2.727,59.78,27.5,74.1,72.0,0.499,2.311,0.523,100.0,CRITICAL
N1,NORMAL,0.21,1.54,0.31,0.048,3.73,33.4,76.7,80.5,0.0,0.045,0.009,4.9,LOW
N2,NORMAL,1.1,0.59,0.11,0.139,3.2,29.3,92.1,94.4,0.046,0.098,0.008,9.9,LOW
N4,NORMAL,0.51,0.38,0.58,0.063,4.36,36.1,82.8,68.6,0.04,0.09,0.002,4.4,LOW
N6,NORMAL,0.43,1.25,0.63,0.057,-0.55,34.7,88.0,97.0,0.045,0.085,0.015,6.3,LOW
N2,SUBSIDENCE,10.67,22.38,12.48,2.836,70.67,31.0,68.4,60.2,0.745,3.986,1.254,100.0,CRITICAL
N5,SUBSIDENCE,4.29,13.73,15.84,1.508,82.61,34.9,78.8,96.5,0.792,4.112,0.836,100.0,CRITICAL
N2,NORMAL,0.86,1.68,0.59,0.178,2.79,32.4,75.1,83.3,0.038,0.008,0.016,11.9,LOW
N5,WARNING,2.64,3.93,2.31,0.591,11.78,29.3,66.6,91.0,0.259,0.154,0.154,38.2,MEDIUM
N2,SUBSIDENCE,8.15,34.47,10.84,3.716,41.28,37.4,71.9,73.9,0.65,3.74,1.443,100.0,CRITICAL
N4,SUBSIDENCE,10.01,43.01,9.21,2.083,36.72,36.2,75.3,97.4,1.057,1.126,0.357,100.0,CRITICAL
N1,NORMAL,0.89,0.88,0.68,0.158,1.05,32.1,83.5,88.8,0.028,0.022,0.008,10.1,LOW
N4,NORMAL,1.15,2.13,0.85,0.109,-0.99,26.7,87.8,85.2,0.032,0.041,0.001,11.5,LOW
N5,NORMAL,1.18,2.32,0.59,0.045,0.35,35.5,70.3,82.0,0.012,0.047,0.016,7.7,LOW
N6,SUBSIDENCE,9.25,22.68,20.3,1.989,71.76,36.1,89.9,90.1,1.18,2.381,1.455,100.0,CRITICAL
N6,NORMAL,0.75,0.26,0.76,0.118,-1.43,31.8,92.6,92.6,0.006,0.048,0.017,8.1,LOW
N3,NORMAL,0.79,0.92,0.85,0.125,1.87,34.0,92.6,67.3,0.025,0.021,0.0,8.5,LOW
N4,NORMAL,1.13,0.37,0.55,0.038,4.22,33.6,76.6,93.5,0.005,0.025,0.016,5.6,LOW
N2,NORMAL,0.8,0.8,0.74,0.073,3.71,35.5,75.9,73.0,0.039,0.031,0.002,8.8,LOW
N1,NORMAL,0.12,1.87,0.27,0.09,4.3,33.8,80.8,73.6,0.006,0.004,0.011,8.5,LOW
N2,SUBSIDENCE,6.57,13.54,9.61,3.368,72.44,35.3,73.2,70.7,1.636,1.422,0.803,100.0,CRITICAL
N2,NORMAL,0.22,2.25,0.17,0.175,1.14,33.7,80.5,82.8,0.049,0.004,0.011,7.7,LOW
N4,NORMAL,0.69,0.54,0.53,0.107,0.49,24.5,65.3,81.0,0.03,0.041,0.015,7.4,LOW
N1,NORMAL,1.19,1.22,0.01,0.071,1.27,37.2,84.2,69.0,0.045,0.012,0.018,9.6,LOW
N3,NORMAL,0.69,2.08,0.36,0.165,-1.39,32.3,72.2,94.3,0.015,0.099,0.012,8.7,LOW
N2,NORMAL,0.57,2.03,0.81,0.048,1.51,24.6,86.1,91.3,0.019,0.015,0.002,9.9,LOW
N1,NORMAL,0.62,1.5,0.26,0.134,2.09,35.3,65.8,92.6,0.044,0.075,0.0,8.4,LOW
N3,NORMAL,1.19,1.31,0.23,0.022,-0.95,33.6,67.6,99.7,0.025,0.081,0.017,8.7,LOW
N2,NORMAL,0.92,1.18,0.81,0.114,2.22,26.5,70.2,78.2,0.049,0.08,0.005,10.6,LOW
N1,NORMAL,0.53,1.24,0.06,0.052,3.58,36.4,70.5,74.3,0.038,0.039,0.008,5.2,LOW
N4,NORMAL,0.94,1.52,0.06,0.022,-1.87,25.8,86.7,72.4,0.033,0.062,0.001,2.5,LOW
N6,SUBSIDENCE,11.93,19.56,10.04,2.197,97.07,34.0,65.1,83.0,1.136,3.972,0.784,100.0,CRITICAL
N6,SUBSIDENCE,4.18,15.14,21.96,2.948,100.19,31.3,72.6,79.2,0.386,2.223,1.328,100.0,CRITICAL
N2,NORMAL,0.62,2.48,0.35,0.173,4.38,36.4,91.8,63.4,0.022,0.094,0.015,13.2,LOW
N2,NORMAL,1.09,1.33,0.64,0.068,2.52,26.8,85.2,93.2,0.001,0.037,0.013,7.6,LOW
N1,SUBSIDENCE,3.82,30.35,14.45,3.448,87.31,32.5,77.2,99.7,0.982,2.112,1.482,100.0,CRITICAL
N6,NORMAL,0.3,0.63,0.98,0.125,1.64,31.2,78.1,77.5,0.003,0.036,0.009,5.5,LOW
N2,WARNING,3.49,7.86,1.26,0.276,33.25,30.6,65.5,93.1,0.13,0.528,0.204,48.1,MEDIUM
N3,SUBSIDENCE,9.93,9.53,20.15,3.707,55.63,32.3,73.4,69.3,0.42,2.292,1.344,100.0,CRITICAL
N2,NORMAL,0.49,2.49,0.88,0.108,3.66,29.1,89.0,84.6,0.016,0.062,0.017,11.9,LOW
N6,NORMAL,0.78,0.29,0.9,0.144,-1.74,25.2,84.2,69.3,0.031,0.075,0.016,10.7,LOW
N5,SUBSIDENCE,7.34,27.48,4.49,1.783,94.81,37.1,71.0,89.2,1.564,2.021,0.802,100.0,CRITICAL
N6,NORMAL,0.55,2.47,0.6,0.044,-0.8,24.2,68.0,71.6,0.001,0.071,0.009,9.4,LOW
N3,NORMAL,0.57,2.36,0.54,0.163,-0.25,32.3,82.2,85.8,0.017,0.088,0.01,8.3,LOW
N1,NORMAL,0.75,1.8,0.15,0.134,-0.95,37.5,72.6,96.8,0.017,0.083,0.012,9.8,LOW
N3,NORMAL,0.81,1.05,0.79,0.173,3.46,35.9,87.5,85.6,0.0,0.001,0.003,8.5,LOW
N5,WARNING,2.8,5.91,2.04,0.591,33.05,28.9,80.2,78.9,0.237,0.707,0.075,52.4,HIGH
N5,WARNING,2.27,6.02,3.57,0.686,9.52,35.1,76.5,72.4,0.073,0.318,0.19,44.9,MEDIUM
N2,SUBSIDENCE,4.61,16.81,5.81,1.798,85.71,30.1,78.2,79.9,0.493,1.989,0.911,100.0,CRITICAL
N2,NORMAL,0.95,2.14,0.19,0.079,2.03,27.2,77.5,73.5,0.025,0.008,0.007,10.3,LOW
N6,NORMAL,0.86,1.12,0.24,0.119,3.09,26.8,92.1,65.0,0.005,0.025,0.004,9.2,LOW
N4,NORMAL,1.06,1.11,0.64,0.091,2.19,37.0,92.5,62.8,0.028,0.043,0.006,10.6,LOW
N3,NORMAL,0.35,1.52,0.98,0.136,3.73,30.8,90.8,68.7,0.016,0.022,0.005,10.8,LOW
N6,NORMAL,0.73,2.06,0.5,0.087,0.43,36.2,78.6,63.2,0.03,0.082,0.02,9.3,LOW
N4,SUBSIDENCE,4.52,9.09,10.53,2.411,96.55,37.4,67.6,69.7,0.429,1.644,0.888,100.0,CRITICAL
N6,SUBSIDENCE,8.12,20.0,21.86,2.31,103.35,30.0,78.1,62.5,1.711,1.76,0.658,100.0,CRITICAL
N5,NORMAL,0.99,0.5,0.89,0.112,1.37,27.8,76.1,79.5,0.033,0.093,0.006,9.2,LOW
N2,WARNING,1.37,6.24,2.56,0.488,12.49,27.4,89.5,72.0,0.26,0.379,0.17,40.2,MEDIUM
N2,NORMAL,1.11,1.25,0.15,0.118,1.9,25.9,65.9,95.7,0.021,0.082,0.008,8.0,LOW
N6,NORMAL,0.61,1.49,0.11,0.098,1.73,37.6,69.6,96.6,0.023,0.095,0.011,8.7,LOW
N2,WARNING,2.47,4.13,3.24,0.497,22.27,29.0,92.2,67.2,0.093,0.576,0.088,46.1,MEDIUM
N1,NORMAL,1.08,1.35,0.18,0.15,2.57,25.9,89.3,71.1,0.017,0.03,0.008,9.9,LOW
N6,SUBSIDENCE,10.53,35.06,20.95,1.092,61.19,37.6,67.0,79.0,1.236,3.977,0.445,100.0,CRITICAL
N5,WARNING,1.39,3.32,3.32,0.191,21.66,33.8,87.7,83.6,0.075,0.668,0.206,39.2,MEDIUM
N6,NORMAL,0.63,1.14,0.66,0.081,-1.98,37.9,75.6,64.3,0.005,0.065,0.007,6.1,LOW
N6,WARNING,1.96,6.28,2.58,0.528,8.34,32.8,71.9,67.3,0.257,0.732,0.053,44.1,MEDIUM
N2,NORMAL,0.33,1.4,0.89,0.151,-1.0,31.9,89.3,94.5,0.025,0.015,0.009,8.8,LOW
N5,NORMAL,0.13,1.79,0.41,0.099,-0.45,36.3,67.1,76.3,0.002,0.084,0.005,8.5,LOW
N6,NORMAL,0.92,0.79,0.97,0.122,-0.48,35.5,94.3,68.8,0.04,0.098,0.005,9.9,LOW
N2,NORMAL,0.36,1.85,0.95,0.131,1.53,27.0,78.5,80.0,0.005,0.092,0.001,10.2,LOW
N3,WARNING,1.33,2.95,1.38,0.203,34.32,33.9,84.7,79.9,0.109,0.716,0.2,39.3,MEDIUM
N5,NORMAL,0.72,2.25,0.78,0.057,-1.27,29.4,70.2,84.9,0.015,0.013,0.019,8.0,LOW
N4,WARNING,2.12,3.7,1.17,0.233,21.9,33.1,72.3,71.0,0.238,0.748,0.155,39.3,MEDIUM
N1,NORMAL,0.56,2.2,0.44,0.058,4.44,32.8,93.7,92.3,0.021,0.008,0.011,10.2,LOW
N4,NORMAL,0.21,1.38,0.43,0.083,-1.02,32.1,71.6,64.9,0.019,0.047,0.004,7.5,LOW
N5,WARNING,3.46,6.29,2.78,0.367,11.25,27.9,74.5,66.4,0.083,0.144,0.181,39.7,MEDIUM
N6,NORMAL,0.23,1.34,0.73,0.179,0.38,31.3,66.0,79.3,0.033,0.012,0.011,7.0,LOW
N2,NORMAL,0.64,1.06,0.57,0.027,3.91,29.3,94.6,67.2,0.026,0.003,0.02,6.2,LOW
N5,NORMAL,0.13,1.84,0.95,0.032,3.15,34.9,76.1,96.2,0.003,0.079,0.012,6.6,LOW
N1,NORMAL,0.43,0.85,0.96,0.04,2.15,28.0,90.4,75.6,0.029,0.024,0.006,8.7,LOW
N5,NORMAL,0.49,1.66,0.5,0.088,2.97,24.9,95.0,83.9,0.021,0.022,0.015,8.4,LOW
N2,WARNING,1.7,3.59,1.82,0.681,29.8,34.3,82.6,68.3,0.086,0.52,0.23,41.3,MEDIUM
N4,NORMAL,1.14,2.25,0.32,0.1,-1.43,36.3,73.4,89.7,0.032,0.005,0.018,7.1,LOW
N3,NORMAL,0.58,2.14,0.06,0.101,0.78,26.8,84.0,75.6,0.013,0.021,0.014,7.5,LOW
N4,SUBSIDENCE,5.56,37.0,10.55,0.802,98.84,37.8,77.5,66.8,0.772,3.843,0.933,100.0,CRITICAL
N2,NORMAL,0.12,1.99,0.78,0.051,4.69,28.0,92.9,84.4,0.047,0.037,0.003,6.5,LOW
N2,SUBSIDENCE,11.27,8.84,21.84,2.917,48.93,34.0,85.8,76.5,1.06,3.834,0.426,100.0,CRITICAL
N1,NORMAL,0.7,2.13,0.95,0.109,2.92,25.4,71.2,70.8,0.016,0.033,0.018,15.1,LOW
N5,NORMAL,0.2,1.74,0.91,0.024,-0.23,37.2,94.7,75.8,0.046,0.047,0.018,7.8,LOW
N5,SUBSIDENCE,6.42,35.7,14.7,3.024,74.93,29.3,75.7,85.2,1.071,1.965,0.995,100.0,CRITICAL
N4,NORMAL,0.8,1.53,0.67,0.086,2.16,29.9,65.5,88.0,0.005,0.048,0.012,10.1,LOW
N3,WARNING,2.25,3.36,3.92,0.717,9.76,33.6,78.4,95.9,0.227,0.462,0.087,44.0,MEDIUM
N3,NORMAL,0.87,1.37,0.45,0.025,-0.87,24.2,88.7,79.1,0.002,0.006,0.001,5.4,LOW
N1,NORMAL,0.92,0.59,0.84,0.035,0.25,32.8,65.3,91.7,0.019,0.024,0.003,6.2,LOW
N2,NORMAL,0.15,2.42,0.87,0.086,-1.0,28.5,81.8,76.6,0.044,0.064,0.01,7.4,LOW
N1,NORMAL,0.61,2.14,0.95,0.174,4.36,32.8,77.1,87.5,0.04,0.045,0.002,13.3,LOW
N5,SUBSIDENCE,5.38,36.3,7.07,3.54,103.38,37.2,85.8,81.1,1.65,2.082,0.737,100.0,CRITICAL
N6,NORMAL,1.16,1.39,0.24,0.129,1.59,37.6,69.4,78.9,0.01,0.015,0.007,8.4,LOW
N6,SUBSIDENCE,6.28,42.89,10.79,1.531,70.87,33.9,65.3,79.9,0.531,2.204,1.166,100.0,CRITICAL
N6,SUBSIDENCE,10.41,28.82,12.47,2.182,75.25,33.8,94.4,82.2,0.411,3.759,1.321,100.0,CRITICAL
N2,NORMAL,0.13,1.27,0.4,0.051,1.74,35.7,80.3,68.7,0.023,0.017,0.01,3.9,LOW
N1,NORMAL,0.85,2.2,0.35,0.031,4.4,25.7,78.0,61.7,0.034,0.099,0.014,10.2,LOW
N4,SUBSIDENCE,6.4,37.06,14.0,2.333,98.59,38.5,69.9,88.3,0.566,2.793,1.059,100.0,CRITICAL
N5,SUBSIDENCE,3.89,28.99,15.61,3.648,59.29,36.3,91.8,60.6,1.345,1.143,0.528,100.0,CRITICAL
N6,NORMAL,0.28,0.68,0.52,0.045,4.83,31.9,92.4,97.4,0.019,0.014,0.015,4.8,LOW
N3,NORMAL,1.04,1.5,0.22,0.089,1.38,31.9,76.7,64.8,0.049,0.025,0.009,7.5,LOW
N1,NORMAL,1.08,2.04,0.26,0.092,3.15,35.4,65.8,92.4,0.049,0.017,0.013,9.7,LOW
N5,WARNING,3.02,7.58,1.25,0.251,20.56,30.3,71.9,79.0,0.268,0.712,0.181,48.2,MEDIUM
N5,NORMAL,0.34,1.98,0.42,0.106,2.77,27.4,73.9,62.4,0.026,0.076,0.016,8.1,LOW
N3,WARNING,1.41,7.06,1.64,0.656,34.58,37.2,70.4,93.4,0.111,0.422,0.144,46.0,MEDIUM
N3,NORMAL,1.15,1.48,0.15,0.073,4.71,36.7,82.7,96.9,0.008,0.049,0.004,11.1,LOW
N3,NORMAL,1.14,1.32,0.94,0.02,-0.66,35.0,84.9,96.5,0.037,0.053,0.02,7.5,LOW
N6,NORMAL,0.47,0.59,0.55,0.058,-0.37,35.9,83.4,72.2,0.015,0.068,0.0,4.7,LOW
N6,NORMAL,0.22,2.02,0.44,0.09,1.29,30.0,94.2,75.9,0.021,0.051,0.013,5.4,LOW
N1,NORMAL,0.34,2.45,0.3,0.119,3.8,30.4,67.2,77.9,0.0,0.028,0.011,9.6,LOW
N3,NORMAL,0.22,0.77,0.75,0.049,2.66,37.3,85.0,90.8,0.049,0.025,0.005,6.2,LOW
N4,NORMAL,0.97,1.88,0.98,0.064,1.63,36.3,89.4,70.6,0.033,0.071,0.004,11.8,LOW
N5,NORMAL,0.7,0.88,0.37,0.105,1.78,24.2,69.2,78.8,0.027,0.054,0.013,6.5,LOW
N3,NORMAL,0.88,1.37,0.63,0.175,3.11,29.0,86.2,97.2,0.047,0.002,0.009,13.3,LOW
N5,SUBSIDENCE,3.84,10.12,16.11,1.944,50.23,30.1,88.5,82.5,1.732,0.852,0.592,100.0,CRITICAL
N2,NORMAL,0.46,0.59,0.22,0.026,3.86,36.7,85.4,74.1,0.006,0.082,0.003,6.5,LOW
N2,NORMAL,0.53,0.85,0.21,0.166,-0.71,30.5,75.7,99.9,0.009,0.036,0.02,6.0,LOW
N3,NORMAL,0.91,2.37,0.25,0.141,4.23,31.9,70.8,77.3,0.026,0.042,0.006,10.9,LOW
N5,SUBSIDENCE,9.3,32.14,16.6,2.774,35.2,28.2,86.5,77.3,0.34,2.947,1.457,100.0,CRITICAL
N2,NORMAL,0.25,0.28,0.71,0.043,0.09,29.4,88.8,60.3,0.02,0.071,0.008,7.8,LOW
N3,WARNING,2.93,5.37,2.63,0.377,7.77,36.5,89.4,91.9,0.073,0.339,0.186,39.0,MEDIUM
N5,WARNING,1.21,3.55,3.84,0.676,8.8,35.2,93.3,96.8,0.209,0.403,0.022,37.9,MEDIUM
N3,WARNING,2.08,6.83,2.49,0.739,33.9,27.1,71.4,82.3,0.243,0.43,0.227,56.8,HIGH
N6,NORMAL,1.0,0.34,0.78,0.172,1.82,29.5,86.0,75.3,0.011,0.063,0.004,6.8,LOW
N5,WARNING,2.31,5.5,2.02,0.224,20.33,24.7,89.8,81.3,0.172,0.399,0.062,41.8,MEDIUM
N2,NORMAL,1.18,2.45,0.58,0.098,-0.69,32.4,83.5,97.7,0.019,0.079,0.019,12.2,LOW
N3,NORMAL,0.24,1.61,0.59,0.053,3.42,28.2,78.1,64.5,0.006,0.006,0.01,5.8,LOW
N2,WARNING,2.24,4.92,3.9,0.592,32.61,27.6,77.8,95.0,0.245,0.651,0.219,54.8,HIGH
N3,NORMAL,0.17,0.33,0.65,0.166,3.56,34.8,88.8,83.2,0.04,0.036,0.012,7.6,LOW
N1,WARNING,3.04,2.65,3.83,0.676,6.56,25.3,94.0,74.3,0.155,0.744,0.138,42.9,MEDIUM
N2,NORMAL,0.67,1.65,0.83,0.16,2.57,26.7,91.8,68.6,0.047,0.022,0.018,12.9,LOW
N2,WARNING,2.85,6.99,2.17,0.245,15.88,27.8,84.5,62.3,0.065,0.562,0.18,43.9,MEDIUM
N4,NORMAL,0.13,1.14,0.48,0.023,2.13,26.1,80.9,91.6,0.042,0.041,0.015,6.7,LOW
N6,NORMAL,0.85,1.99,0.72,0.039,-1.28,33.5,66.3,79.9,0.049,0.048,0.015,8.5,LOW
N2,NORMAL,0.67,2.06,0.96,0.066,-1.59,27.8,72.3,60.1,0.024,0.003,0.008,13.2,LOW
N5,SUBSIDENCE,5.63,19.84,20.4,1.054,92.52,34.7,67.9,68.2,1.387,2.007,1.384,100.0,CRITICAL
N3,NORMAL,0.54,2.42,0.26,0.089,1.92,24.8,77.9,91.2,0.018,0.07,0.013,8.3,LOW
N1,NORMAL,0.8,1.26,0.73,0.127,3.86,33.5,92.7,76.5,0.003,0.054,0.013,8.3,LOW
N5,NORMAL,0.97,2.01,0.27,0.063,4.6,28.4,84.9,71.6,0.016,0.041,0.012,10.4,LOW
N5,WARNING,2.41,5.58,3.4,0.67,25.45,28.2,93.2,64.3,0.118,0.425,0.149,49.8,MEDIUM
N5,NORMAL,1.02,1.18,0.95,0.105,3.11,32.7,91.8,93.7,0.037,0.07,0.001,11.8,LOW
N5,NORMAL,1.11,1.22,0.45,0.149,0.12,33.0,73.9,86.9,0.038,0.05,0.005,12.2,LOW
N1,NORMAL,0.73,1.86,0.6,0.141,4.97,37.3,82.9,64.1,0.023,0.06,0.002,12.9,LOW
N4,NORMAL,0.54,0.39,0.5,0.064,0.38,26.0,87.5,65.1,0.003,0.076,0.017,4.9,LOW
N6,NORMAL,0.19,0.46,0.03,0.08,4.67,35.5,69.6,69.2,0.045,0.033,0.016,5.0,LOW
N2,NORMAL,0.86,0.81,0.94,0.057,3.59,24.5,89.9,75.1,0.038,0.05,0.005,8.8,LOW
N5,WARNING,1.98,2.74,1.45,0.39,25.72,28.0,77.3,74.4,0.102,0.215,0.08,34.2,MEDIUM
N2,NORMAL,0.18,1.62,0.13,0.159,4.02,37.9,72.5,85.4,0.004,0.041,0.01,6.0,LOW
N2,NORMAL,0.6,1.97,0.25,0.129,-1.09,34.8,82.3,61.5,0.001,0.002,0.01,9.8,LOW
N5,NORMAL,0.71,0.46,0.97,0.076,1.52,27.6,86.5,90.2,0.017,0.047,0.019,8.6,LOW
N4,SUBSIDENCE,5.12,34.98,15.66,1.754,74.2,39.1,88.1,81.4,1.185,3.895,0.406,100.0,CRITICAL
N2,SUBSIDENCE,10.1,35.13,12.28,1.909,109.15,36.9,91.7,79.1,1.627,4.318,0.311,100.0,CRITICAL
N3,WARNING,3.25,3.05,1.18,0.346,5.79,33.2,79.0,70.2,0.221,0.749,0.088,31.8,MEDIUM
N2,NORMAL,1.11,2.4,0.13,0.143,-0.68,33.5,90.7,91.2,0.024,0.036,0.005,10.1,LOW
N6,NORMAL,0.89,0.35,0.1,0.094,1.89,24.5,90.6,65.1,0.036,0.036,0.0,5.7,LOW
N5,NORMAL,1.13,0.97,0.58,0.047,1.18,34.7,91.6,69.8,0.044,0.098,0.015,6.6,LOW
N1,NORMAL,0.91,1.48,0.26,0.029,-0.59,31.9,76.7,60.6,0.033,0.057,0.001,9.0,LOW
N2,NORMAL,1.1,0.79,0.55,0.114,1.49,30.1,67.5,66.6,0.012,0.041,0.006,11.8,LOW
N4,WARNING,1.52,5.77,2.97,0.701,12.86,29.5,73.7,75.5,0.148,0.536,0.244,44.9,MEDIUM
N3,SUBSIDENCE,6.13,11.15,10.23,2.769,48.71,35.8,74.5,68.0,1.55,3.521,0.948,100.0,CRITICAL
N3,WARNING,3.14,7.0,3.21,0.326,15.31,26.6,71.7,61.9,0.145,0.229,0.195,45.7,MEDIUM
N1,NORMAL,0.83,2.34,0.48,0.164,3.89,33.3,75.3,88.4,0.04,0.017,0.008,11.9,LOW
N6,WARNING,1.86,4.66,3.19,0.247,28.6,36.7,86.5,84.8,0.228,0.415,0.121,42.4,MEDIUM
N1,NORMAL,1.05,0.96,0.29,0.054,1.64,25.6,91.2,96.9,0.049,0.093,0.009,10.6,LOW
N6,NORMAL,0.29,2.23,0.45,0.022,4.6,27.0,81.7,97.7,0.002,0.003,0.019,8.3,LOW
N2,WARNING,3.36,3.46,2.54,0.184,7.71,32.8,70.2,99.2,0.287,0.391,0.055,35.7,MEDIUM
N5,NORMAL,0.84,1.05,0.38,0.167,4.27,30.8,84.0,80.3,0.047,0.045,0.017,11.4,LOW
N4,NORMAL,0.77,1.37,0.15,0.037,4.59,25.2,71.0,90.7,0.025,0.094,0.014,8.7,LOW
N3,NORMAL,0.3,0.22,0.11,0.096,-0.86,37.7,92.0,60.8,0.002,0.074,0.019,3.6,LOW
N1,WARNING,1.75,3.26,2.92,0.664,22.16,26.4,81.0,60.7,0.137,0.738,0.136,43.7,MEDIUM
N4,WARNING,1.29,5.95,3.17,0.259,21.0,25.7,67.1,94.3,0.243,0.718,0.129,43.8,MEDIUM
N6,NORMAL,0.19,2.08,0.44,0.09,1.63,32.4,65.2,71.3,0.007,0.074,0.006,8.8,LOW
N5,WARNING,1.29,4.22,1.38,0.22,30.44,31.1,82.0,85.9,0.141,0.678,0.225,36.8,MEDIUM
N3,NORMAL,0.81,1.42,0.59,0.091,4.41,30.4,65.9,99.7,0.036,0.031,0.007,11.4,LOW
N3,NORMAL,0.61,1.98,0.16,0.117,0.67,24.9,79.0,60.7,0.044,0.093,0.012,9.5,LOW
N6,WARNING,2.39,5.26,2.25,0.372,22.37,35.0,82.4,93.2,0.094,0.118,0.201,40.7,MEDIUM
N5,WARNING,2.38,2.54,1.44,0.442,30.87,24.9,81.5,62.2,0.106,0.124,0.115,35.8,MEDIUM
N3,SUBSIDENCE,3.64,42.9,15.98,1.162,76.72,32.6,77.3,72.7,0.688,3.616,1.268,100.0,CRITICAL
N5,NORMAL,0.14,1.49,0.51,0.054,1.72,27.4,78.5,81.3,0.023,0.026,0.015,6.8,LOW
N3,WARNING,3.07,4.81,1.62,0.188,12.56,37.3,80.7,79.2,0.238,0.674,0.158,39.9,MEDIUM
N2,WARNING,3.12,3.42,1.05,0.683,21.02,32.2,86.8,64.5,0.236,0.54,0.173,47.1,MEDIUM
N6,SUBSIDENCE,5.63,25.73,16.9,1.814,95.54,26.4,65.9,93.6,0.398,3.726,1.124,100.0,CRITICAL
N5,NORMAL,0.26,0.78,0.9,0.075,1.71,31.9,89.3,91.1,0.002,0.057,0.014,7.1,LOW
N4,WARNING,2.3,6.05,1.83,0.384,23.66,32.9,74.8,69.1,0.215,0.16,0.208,42.7,MEDIUM
N2,NORMAL,0.76,1.8,0.93,0.05,1.52,31.7,92.5,61.3,0.048,0.091,0.01,11.6,LOW
N4,NORMAL,1.17,2.45,0.94,0.174,0.13,28.9,85.4,94.5,0.002,0.028,0.007,11.4,LOW
N6,NORMAL,0.34,1.23,0.38,0.142,0.23,35.5,81.4,80.9,0.003,0.033,0.007,7.7,LOW
N3,NORMAL,0.76,1.49,0.68,0.165,4.13,35.1,66.3,86.5,0.025,0.085,0.017,9.5,LOW
N4,NORMAL,0.44,2.21,0.28,0.167,2.31,28.3,67.7,88.9,0.032,0.089,0.02,8.2,LOW
N2,SUBSIDENCE,4.1,27.75,10.21,2.095,52.66,30.5,76.8,66.6,1.349,2.916,1.441,100.0,CRITICAL
N5,NORMAL,0.77,0.42,0.97,0.166,2.9,27.5,75.6,77.9,0.016,0.036,0.002,8.4,LOW
N1,WARNING,2.27,7.37,2.35,0.726,7.51,25.7,75.7,64.5,0.103,0.372,0.224,46.4,MEDIUM
N4,NORMAL,0.95,0.85,0.43,0.151,-0.83,26.7,79.0,99.2,0.047,0.039,0.007,8.7,LOW
N1,NORMAL,0.64,1.24,0.01,0.066,-0.4,31.0,78.6,68.9,0.002,0.045,0.003,6.9,LOW
N6,NORMAL,0.98,2.33,0.13,0.036,0.41,32.1,76.6,91.3,0.031,0.063,0.012,8.2,LOW
N4,NORMAL,1.15,1.56,0.22,0.11,3.29,37.3,79.8,81.6,0.041,0.072,0.018,10.1,LOW
N4,NORMAL,0.47,1.72,0.6,0.049,2.86,32.9,68.5,92.4,0.04,0.018,0.003,9.0,LOW
N5,NORMAL,0.81,0.27,0.77,0.102,1.47,24.0,88.9,91.4,0.016,0.028,0.01,9.6,LOW
N3,NORMAL,0.91,1.59,0.3,0.125,-1.1,35.6,78.5,77.5,0.013,0.005,0.017,9.7,LOW
N2,NORMAL,1.12,1.75,0.71,0.077,0.04,36.7,71.8,61.5,0.006,0.007,0.018,8.8,LOW
N2,NORMAL,0.48,2.39,0.31,0.158,3.71,34.4,91.0,89.3,0.047,0.05,0.018,13.9,LOW
N2,NORMAL,0.61,2.31,0.8,0.123,1.38,29.0,71.9,81.7,0.005,0.082,0.008,9.2,LOW
N6,NORMAL,1.01,0.87,0.92,0.084,4.79,32.3,88.1,78.1,0.034,0.037,0.02,10.6,LOW
N3,SUBSIDENCE,4.51,43.67,9.79,3.917,103.07,26.0,77.6,81.1,0.442,1.224,1.015,100.0,CRITICAL
N1,SUBSIDENCE,5.17,36.5,11.77,2.21,52.58,39.4,65.6,66.2,1.632,0.842,0.259,100.0,CRITICAL
N2,WARNING,3.23,5.89,2.87,0.451,9.52,34.2,65.2,86.2,0.142,0.603,0.132,47.6,MEDIUM
N1,NORMAL,0.75,2.44,0.91,0.116,2.03,31.0,90.7,89.2,0.005,0.094,0.014,12.0,LOW
N3,WARNING,2.5,5.47,3.78,0.635,17.09,33.7,93.8,71.7,0.207,0.237,0.235,50.3,HIGH
N6,WARNING,1.92,7.08,1.79,0.384,31.53,34.0,69.8,98.5,0.179,0.31,0.114,43.1,MEDIUM
N3,WARNING,2.33,6.71,3.11,0.568,17.6,31.1,93.6,81.4,0.061,0.619,0.239,47.7,MEDIUM
N5,NORMAL,0.28,0.75,0.86,0.119,0.9,37.6,84.5,98.8,0.04,0.064,0.017,6.9,LOW
N2,WARNING,2.28,7.12,3.72,0.206,30.95,27.4,65.9,70.8,0.152,0.379,0.2,48.0,MEDIUM
N6,WARNING,2.69,7.74,2.19,0.635,11.02,36.5,66.1,91.4,0.263,0.636,0.123,47.7,MEDIUM
N5,NORMAL,0.14,2.19,0.18,0.026,0.16,25.8,92.5,74.7,0.009,0.065,0.009,5.3,LOW
N2,WARNING,1.85,6.34,2.18,0.263,22.47,27.7,90.6,69.8,0.058,0.539,0.22,41.1,MEDIUM
N3,NORMAL,0.32,1.85,0.07,0.027,1.19,27.2,92.0,68.0,0.002,0.05,0.013,5.6,LOW
N3,NORMAL,0.36,2.3,0.69,0.105,0.31,35.6,88.8,97.6,0.038,0.059,0.007,10.4,LOW
N4,NORMAL,1.19,0.23,0.32,0.051,-0.5,33.8,81.6,85.5,0.043,0.097,0.019,6.9,LOW
N4,WARNING,3.17,2.54,2.28,0.469,32.7,34.7,65.3,86.4,0.093,0.621,0.233,44.9,MEDIUM
N3,NORMAL,0.33,1.59,0.57,0.173,-0.67,34.5,94.8,76.1,0.003,0.061,0.007,7.4,LOW
N3,NORMAL,0.27,1.47,0.35,0.147,1.74,28.2,92.1,94.7,0.045,0.084,0.018,9.2,LOW
N1,NORMAL,0.79,2.29,0.05,0.146,-0.98,27.2,71.4,78.2,0.017,0.073,0.004,9.2,LOW
N1,NORMAL,0.19,2.24,0.73,0.102,-1.41,33.3,80.3,75.3,0.006,0.01,0.0,5.3,LOW
N5,NORMAL,0.48,1.26,0.47,0.042,1.72,24.1,73.7,99.3,0.002,0.094,0.014,5.3,LOW
N4,WARNING,1.31,3.31,2.43,0.381,34.56,27.8,73.7,85.5,0.185,0.759,0.107,42.4,MEDIUM
N4,WARNING,2.59,5.54,1.57,0.33,13.67,26.0,68.1,62.7,0.267,0.672,0.067,41.3,MEDIUM
N3,NORMAL,1.18,2.07,0.02,0.021,2.83,24.3,77.7,69.5,0.016,0.01,0.009,8.2,LOW
N3,NORMAL,0.39,0.86,0.31,0.023,1.99,37.9,69.1,92.5,0.027,0.065,0.003,6.2,LOW
N5,NORMAL,0.34,1.21,0.32,0.069,1.41,37.6,72.2,90.6,0.012,0.055,0.005,7.4,LOW
N6,SUBSIDENCE,7.49,9.4,6.75,3.954,96.52,33.7,84.0,75.2,0.516,0.989,0.441,100.0,CRITICAL
N6,NORMAL,0.41,0.68,0.44,0.024,-1.94,25.6,89.5,96.9,0.04,0.053,0.016,5.0,LOW
N6,NORMAL,0.69,0.44,0.12,0.051,-0.7,35.4,88.2,74.2,0.047,0.08,0.006,2.2,LOW
N4,NORMAL,0.13,0.22,0.33,0.027,-1.15,27.7,87.1,77.8,0.013,0.018,0.003,0.4,LOW
N1,WARNING,2.73,7.61,1.0,0.722,13.37,25.1,86.3,67.3,0.122,0.541,0.103,45.8,MEDIUM
N6,SUBSIDENCE,11.4,44.55,7.26,3.35,109.39,25.7,91.9,61.4,1.733,2.89,0.64,100.0,CRITICAL
N2,WARNING,2.53,3.52,1.73,0.193,6.11,31.5,83.6,81.4,0.138,0.714,0.15,32.1,MEDIUM
N5,WARNING,1.9,7.34,2.43,0.609,32.36,31.0,92.1,97.6,0.051,0.435,0.159,52.1,HIGH
N6,NORMAL,0.25,0.9,0.26,0.099,0.67,30.5,68.4,81.6,0.018,0.053,0.01,3.7,LOW
N2,NORMAL,0.16,1.62,0.62,0.062,-1.05,30.2,74.5,72.1,0.04,0.077,0.019,7.0,LOW
N6,NORMAL,0.3,1.0,0.13,0.16,0.43,27.1,91.6,67.2,0.027,0.007,0.006,7.7,LOW
N1,NORMAL,0.98,0.85,0.21,0.022,0.04,24.9,75.6,77.9,0.004,0.036,0.001,2.9,LOW
N1,NORMAL,0.47,0.25,0.18,0.17,2.0,34.9,76.5,74.8,0.043,0.005,0.0,4.9,LOW
N6,NORMAL,0.36,0.57,0.83,0.03,1.49,36.3,70.8,63.1,0.018,0.028,0.015,4.7,LOW
N2,NORMAL,0.51,1.21,0.05,0.095,4.66,30.1,86.2,68.4,0.019,0.09,0.017,8.4,LOW
N5,SUBSIDENCE,4.65,8.08,5.32,2.918,101.41,25.5,94.5,92.7,1.767,2.585,0.426,100.0,CRITICAL
N2,WARNING,2.4,3.85,2.55,0.658,21.68,32.2,82.0,74.4,0.299,0.175,0.246,46.1,MEDIUM
N5,WARNING,1.29,6.68,1.83,0.38,21.01,34.3,70.7,80.6,0.064,0.108,0.044,33.0,MEDIUM
N6,WARNING,1.63,4.07,1.11,0.389,9.09,37.1,68.7,80.7,0.19,0.685,0.222,32.7,MEDIUM
N5,NORMAL,0.23,0.9,0.23,0.022,4.52,29.8,71.2,98.7,0.039,0.052,0.007,4.9,LOW
N3,WARNING,1.86,2.91,2.69,0.607,34.14,28.4,65.6,75.7,0.205,0.229,0.11,43.9,MEDIUM
N4,NORMAL,0.98,1.13,0.85,0.139,3.04,32.9,67.7,63.3,0.019,0.005,0.018,11.0,LOW
N4,WARNING,2.61,4.82,1.57,0.316,16.57,26.5,87.9,96.0,0.238,0.238,0.182,36.3,MEDIUM
N1,NORMAL,0.59,1.68,0.27,0.168,0.98,27.2,79.3,65.5,0.025,0.026,0.004,8.7,LOW
N3,SUBSIDENCE,6.8,22.14,11.8,2.206,55.58,26.7,92.9,70.8,0.85,4.139,0.297,100.0,CRITICAL
N4,NORMAL,0.43,0.99,0.1,0.143,-0.86,37.6,80.3,72.8,0.035,0.023,0.014,2.5,LOW
N6,NORMAL,0.52,1.08,0.13,0.151,0.65,36.4,77.7,74.1,0.036,0.027,0.007,7.1,LOW
N5,SUBSIDENCE,6.17,41.04,11.61,3.776,57.52,31.4,85.5,95.5,1.767,2.66,0.456,100.0,CRITICAL
N5,NORMAL,0.24,1.48,0.53,0.073,0.86,24.8,79.4,73.0,0.015,0.03,0.011,9.9,LOW
N2,WARNING,2.27,7.86,3.22,0.671,16.14,30.1,69.0,97.9,0.226,0.424,0.157,51.9,HIGH
N2,WARNING,2.82,5.8,2.68,0.592,20.98,31.9,76.2,81.3,0.104,0.105,0.108,44.3,MEDIUM
N5,WARNING,2.73,6.95,1.9,0.541,31.75,33.4,67.8,71.3,0.088,0.583,0.23,53.9,HIGH
N6,SUBSIDENCE,5.11,41.76,21.86,2.243,102.21,39.3,81.9,99.2,0.503,0.813,0.96,100.0,CRITICAL
N5,SUBSIDENCE,7.33,22.14,20.73,0.918,59.51,30.8,78.1,87.5,0.965,1.122,0.896,100.0,CRITICAL
N2,NORMAL,0.18,2.41,0.52,0.154,0.23,25.5,85.9,78.6,0.016,0.09,0.002,8.6,LOW
N4,WARNING,2.85,4.88,1.64,0.588,6.17,27.4,72.8,95.7,0.162,0.421,0.038,38.4,MEDIUM
N1,WARNING,2.38,6.19,1.16,0.239,21.9,36.4,91.2,60.3,0.259,0.137,0.246,41.4,MEDIUM
N2,WARNING,2.13,6.88,3.28,0.377,31.33,33.0,77.7,85.9,0.209,0.796,0.097,53.5,HIGH
N6,NORMAL,0.39,1.08,0.93,0.066,2.34,34.5,81.3,75.2,0.046,0.048,0.014,8.0,LOW
N4,WARNING,3.06,5.55,1.35,0.678,13.92,25.8,82.0,80.9,0.173,0.25,0.133,41.4,MEDIUM
N4,SUBSIDENCE,10.46,28.72,11.36,2.359,80.36,26.7,75.3,73.4,1.559,0.954,1.408,100.0,CRITICAL
N4,SUBSIDENCE,8.02,21.12,7.95,1.59,108.9,38.6,66.9,65.0,1.555,3.78,0.774,100.0,CRITICAL
N3,NORMAL,0.37,1.68,0.17,0.074,-0.76,24.4,74.5,85.5,0.04,0.091,0.017,6.5,LOW
N3,NORMAL,0.1,1.92,0.87,0.032,1.02,32.1,65.3,93.5,0.015,0.095,0.006,6.5,LOW
N4,NORMAL,0.13,1.51,0.74,0.083,-1.78,35.4,84.8,73.0,0.045,0.037,0.009,6.4,LOW
N6,WARNING,2.44,3.02,2.44,0.424,27.8,38.0,86.2,84.8,0.25,0.711,0.217,45.1,MEDIUM
N5,WARNING,1.54,5.07,2.29,0.599,13.24,37.2,75.3,89.1,0.268,0.254,0.131,37.8,MEDIUM
N6,NORMAL,0.47,1.38,0.78,0.15,3.9,27.8,94.1,65.8,0.005,0.085,0.003,8.2,LOW
N3,NORMAL,0.38,0.97,0.81,0.071,3.78,24.6,92.3,66.6,0.01,0.06,0.019,7.1,LOW
N2,NORMAL,0.74,0.31,0.57,0.118,3.65,25.3,76.6,72.3,0.021,0.092,0.007,11.6,LOW
N3,NORMAL,0.59,0.66,0.37,0.162,2.57,29.7,76.0,93.9,0.01,0.005,0.004,6.8,LOW
N5,SUBSIDENCE,8.48,39.17,21.98,1.752,70.81,36.9,91.8,71.1,1.358,2.693,0.659,100.0,CRITICAL
N1,WARNING,1.85,5.62,3.45,0.476,6.8,34.8,87.6,63.8,0.124,0.452,0.189,40.5,MEDIUM
N3,NORMAL,0.78,1.18,0.31,0.152,0.51,28.1,78.3,65.7,0.009,0.07,0.003,9.6,LOW
N6,NORMAL,0.42,1.68,0.56,0.155,-1.01,26.9,92.1,61.7,0.043,0.008,0.015,8.6,LOW
N6,NORMAL,0.74,0.23,0.74,0.025,3.09,31.6,87.0,92.8,0.04,0.09,0.007,7.2,LOW
N4,SUBSIDENCE,10.15,39.37,20.16,2.994,48.05,34.3,86.8,78.3,1.55,2.514,0.313,100.0,CRITICAL
N4,NORMAL,0.66,1.46,0.25,0.08,3.65,26.8,76.2,67.5,0.001,0.056,0.001,7.4,LOW
N4,NORMAL,1.03,2.2,0.15,0.163,-0.39,31.0,65.1,99.1,0.001,0.074,0.01,7.3,LOW
N1,NORMAL,1.02,2.43,0.24,0.117,3.23,24.4,94.8,64.6,0.04,0.078,0.011,10.9,LOW
N5,WARNING,1.62,7.03,1.3,0.302,5.61,25.9,72.9,90.1,0.089,0.561,0.103,35.5,MEDIUM
N2,WARNING,2.48,5.12,1.14,0.472,19.45,37.1,74.2,86.1,0.161,0.441,0.037,40.7,MEDIUM
N6,WARNING,2.03,4.3,3.17,0.419,23.48,28.2,66.9,63.1,0.119,0.286,0.066,39.1,MEDIUM
N6,NORMAL,1.04,0.84,0.54,0.099,2.44,26.5,75.8,82.4,0.032,0.037,0.003,7.7,LOW
N5,NORMAL,0.78,2.34,0.31,0.037,1.76,36.9,70.9,74.5,0.003,0.017,0.011,11.3,LOW
N1,NORMAL,0.59,2.39,0.74,0.073,-0.1,31.5,66.0,63.0,0.026,0.038,0.012,7.8,LOW
N4,WARNING,1.51,6.08,3.93,0.438,9.48,33.9,85.6,89.0,0.203,0.538,0.194,41.4,MEDIUM
N5,NORMAL,1.0,2.26,0.0,0.127,4.59,27.5,70.5,68.1,0.038,0.008,0.015,9.7,LOW
N2,NORMAL,1.17,1.72,0.98,0.156,4.47,24.3,84.3,98.3,0.028,0.035,0.015,13.5,LOW
N4,SUBSIDENCE,10.69,15.01,6.3,3.601,39.0,36.9,85.9,68.2,1.793,2.529,1.409,100.0,CRITICAL
N2,SUBSIDENCE,4.23,32.26,7.42,3.609,40.03,38.1,86.6,90.2,1.086,2.362,1.406,100.0,CRITICAL
N3,NORMAL,0.88,1.75,1.0,0.138,4.62,36.7,67.7,84.4,0.022,0.1,0.012,14.3,LOW
N2,NORMAL,1.19,0.35,0.95,0.043,4.97,28.0,83.1,69.1,0.014,0.079,0.001,9.2,LOW
N4,NORMAL,0.94,1.75,0.99,0.113,3.38,37.8,73.1,60.1,0.004,0.004,0.012,11.2,LOW
N3,WARNING,1.98,6.56,3.41,0.625,7.43,29.2,85.8,79.4,0.243,0.157,0.247,46.6,MEDIUM
N4,WARNING,1.75,5.86,1.05,0.468,6.17,37.5,84.5,67.4,0.192,0.42,0.226,37.3,MEDIUM
N6,NORMAL,0.68,0.2,0.77,0.027,3.65,33.6,76.0,63.6,0.013,0.025,0.002,7.7,LOW
N4,NORMAL,0.45,2.32,0.03,0.127,1.51,34.6,79.5,75.1,0.03,0.039,0.01,8.7,LOW
N3,WARNING,1.83,4.98,2.73,0.393,32.03,26.9,81.2,75.7,0.299,0.243,0.168,43.0,MEDIUM
N2,SUBSIDENCE,5.59,20.66,6.22,1.024,68.76,31.4,79.1,60.9,1.523,3.327,0.994,100.0,CRITICAL
N6,NORMAL,1.13,0.91,0.91,0.135,1.93,37.6,89.1,75.6,0.022,0.032,0.013,11.0,LOW
N1,NORMAL,0.63,1.28,0.26,0.156,2.85,33.0,72.1,60.4,0.03,0.043,0.005,8.9,LOW
N1,NORMAL,0.17,1.8,0.38,0.053,-0.33,33.2,89.8,79.5,0.025,0.091,0.005,6.1,LOW
N1,NORMAL,0.13,2.03,0.88,0.025,-1.19,24.5,70.1,76.3,0.004,0.022,0.01,6.2,LOW
N1,SUBSIDENCE,8.88,41.65,18.94,0.936,107.52,38.6,81.4,80.7,0.701,2.145,0.343,100.0,CRITICAL
N5,WARNING,1.23,2.52,3.05,0.455,20.23,25.1,73.0,87.8,0.213,0.202,0.25,35.5,MEDIUM
N1,WARNING,2.39,3.03,3.32,0.733,19.19,28.4,70.6,87.4,0.113,0.175,0.067,41.7,MEDIUM
N3,NORMAL,0.13,1.14,0.37,0.16,-0.09,32.9,88.8,82.8,0.029,0.0,0.018,4.8,LOW
N1,WARNING,3.08,2.96,3.13,0.265,22.29,27.0,77.4,79.5,0.296,0.226,0.079,40.5,MEDIUM
N4,NORMAL,0.28,0.26,0.34,0.081,0.68,37.1,86.0,68.5,0.033,0.045,0.002,2.8,LOW
N1,NORMAL,1.13,2.48,0.2,0.081,-1.52,31.6,74.8,83.0,0.024,0.079,0.018,9.6,LOW
N2,NORMAL,0.23,2.12,0.52,0.177,0.81,34.6,85.2,91.2,0.033,0.034,0.003,8.6,LOW
N3,NORMAL,1.18,2.48,0.93,0.163,0.11,31.6,86.2,87.2,0.023,0.005,0.014,13.2,LOW
N3,WARNING,1.83,5.04,1.32,0.228,18.8,33.3,85.3,72.8,0.189,0.323,0.034,35.3,MEDIUM
N6,NORMAL,0.1,1.66,0.07,0.056,-0.27,33.0,79.5,74.0,0.013,0.062,0.002,5.4,LOW
N5,NORMAL,0.76,2.21,0.54,0.045,1.9,24.5,68.6,81.3,0.023,0.094,0.012,9.3,LOW
N4,NORMAL,0.97,0.42,0.57,0.092,0.54,36.9,70.0,82.9,0.004,0.088,0.015,9.9,LOW
N3,NORMAL,0.12,0.61,0.79,0.066,-0.62,25.4,92.9,67.1,0.027,0.066,0.012,4.1,LOW
N2,NORMAL,1.12,1.31,0.1,0.044,1.02,30.4,85.4,80.8,0.05,0.089,0.02,9.3,LOW
N1,NORMAL,0.13,0.53,0.29,0.07,2.86,26.5,66.2,83.4,0.036,0.045,0.008,6.2,LOW
N3,WARNING,2.0,5.12,3.7,0.561,28.36,34.8,78.3,68.6,0.095,0.101,0.051,42.3,MEDIUM
N2,NORMAL,1.16,1.32,0.37,0.176,-1.06,35.7,73.7,70.4,0.03,0.075,0.019,10.1,LOW
N1,NORMAL,0.21,0.59,0.73,0.066,1.09,24.8,82.2,95.7,0.035,0.066,0.016,5.4,LOW
N5,NORMAL,0.51,0.64,0.07,0.17,-1.97,26.2,70.8,80.6,0.04,0.026,0.005,6.1,LOW
N3,WARNING,3.21,4.52,3.24,0.321,32.12,33.8,76.8,93.4,0.278,0.176,0.213,48.9,MEDIUM
N3,NORMAL,1.09,1.34,0.51,0.133,-0.29,25.7,69.2,68.5,0.004,0.053,0.006,8.6,LOW
N2,NORMAL,0.47,1.2,0.96,0.098,4.39,24.2,81.9,73.7,0.027,0.016,0.017,7.6,LOW
N6,NORMAL,0.58,2.03,0.01,0.049,3.69,29.6,88.1,90.3,0.027,0.026,0.01,9.0,LOW
N4,NORMAL,0.61,0.83,0.01,0.096,2.15,34.1,68.8,90.6,0.03,0.087,0.009,5.7,LOW
N5,NORMAL,0.59,1.8,0.84,0.061,2.67,25.8,78.6,94.7,0.006,0.011,0.006,7.4,LOW
N4,WARNING,1.37,4.5,1.62,0.441,24.03,33.7,69.0,97.5,0.263,0.116,0.151,35.6,MEDIUM
N3,WARNING,1.39,4.26,1.72,0.219,26.0,30.2,92.0,74.2,0.178,0.399,0.066,34.3,MEDIUM
N4,NORMAL,0.66,2.34,0.69,0.027,0.33,37.1,84.0,91.2,0.049,0.087,0.018,9.2,LOW
N1,WARNING,2.7,5.41,2.56,0.187,11.96,37.1,65.4,79.6,0.057,0.415,0.186,34.9,MEDIUM
N5,WARNING,2.81,6.17,3.26,0.662,32.42,36.6,75.3,99.9,0.095,0.769,0.205,57.9,HIGH
N4,NORMAL,0.11,2.2,0.68,0.042,3.82,25.8,78.7,61.6,0.04,0.054,0.013,6.7,LOW
N1,NORMAL,0.73,1.24,0.09,0.086,1.07,31.2,73.2,89.8,0.037,0.005,0.012,5.4,LOW
N2,NORMAL,0.72,1.4,0.95,0.15,-0.55,30.0,94.4,66.6,0.019,0.066,0.011,8.7,LOW
N4,NORMAL,0.47,1.11,0.07,0.095,1.67,32.1,91.8,71.0,0.013,0.096,0.011,8.5,LOW
N5,WARNING,2.66,4.97,2.11,0.395,5.72,35.8,94.5,61.4,0.255,0.51,0.235,39.8,MEDIUM
N1,SUBSIDENCE,9.01,43.32,17.83,1.845,43.44,36.8,84.0,76.6,1.302,3.236,0.615,100.0,CRITICAL
N4,SUBSIDENCE,7.46,17.17,13.7,2.482,105.75,28.7,66.5,88.1,1.064,3.677,1.018,100.0,CRITICAL
N2,WARNING,3.05,7.31,3.05,0.428,19.78,24.8,68.2,69.2,0.24,0.225,0.124,49.9,MEDIUM
N4,NORMAL,0.79,2.32,0.36,0.1,1.99,26.7,71.2,79.2,0.014,0.069,0.004,6.8,LOW
N1,NORMAL,0.38,1.2,0.38,0.153,-0.47,35.2,69.2,83.5,0.015,0.095,0.005,6.8,LOW
N4,WARNING,1.41,4.75,3.87,0.546,11.23,27.2,68.6,85.4,0.252,0.558,0.233,43.6,MEDIUM
N5,NORMAL,1.1,1.99,0.41,0.089,0.33,28.5,87.2,77.0,0.046,0.081,0.005,9.4,LOW
N3,WARNING,2.6,3.36,3.48,0.497,29.77,24.8,78.1,77.4,0.229,0.4,0.177,47.2,MEDIUM
N1,WARNING,2.17,3.15,2.46,0.614,14.69,36.6,79.5,93.8,0.255,0.51,0.187,38.3,MEDIUM
N1,WARNING,1.52,6.78,3.5,0.695,7.43,26.7,82.0,95.7,0.079,0.116,0.136,40.3,MEDIUM
N1,WARNING,1.95,2.53,3.67,0.534,11.05,27.0,94.8,85.7,0.223,0.543,0.107,40.1,MEDIUM
N1,NORMAL,0.1,0.49,0.25,0.15,1.32,34.8,65.1,93.5,0.003,0.027,0.02,4.7,LOW
N4,WARNING,1.64,4.32,1.36,0.186,20.12,35.3,70.2,80.7,0.121,0.352,0.059,29.3,MEDIUM
N5,SUBSIDENCE,7.49,42.03,21.78,3.875,90.01,35.5,69.0,63.5,0.946,1.283,1.337,100.0,CRITICAL
N2,NORMAL,0.84,2.28,0.21,0.086,4.75,29.2,76.7,80.2,0.047,0.07,0.009,11.5,LOW
N5,WARNING,2.78,5.31,1.69,0.609,18.59,37.0,80.3,88.1,0.193,0.643,0.108,45.0,MEDIUM
N1,NORMAL,0.93,1.04,0.26,0.168,0.19,27.9,79.8,74.5,0.005,0.05,0.016,8.5,LOW
N6,SUBSIDENCE,3.71,13.09,18.35,3.974,35.32,31.5,74.9,76.4,1.592,3.478,1.106,100.0,CRITICAL
N4,NORMAL,0.76,2.38,0.21,0.176,-0.37,35.6,65.4,89.0,0.042,0.066,0.015,9.4,LOW
N6,NORMAL,1.2,1.34,0.54,0.037,0.39,28.9,89.4,81.5,0.031,0.012,0.007,9.2,LOW
N4,NORMAL,0.71,0.85,0.31,0.092,3.72,35.8,80.1,65.1,0.016,0.032,0.011,5.7,LOW
N1,WARNING,3.31,5.09,3.32,0.205,30.09,27.7,71.7,91.3,0.065,0.777,0.225,48.7,MEDIUM
N4,NORMAL,0.27,2.2,0.03,0.124,-0.18,26.0,83.8,78.8,0.042,0.038,0.009,6.7,LOW
N1,NORMAL,0.11,1.88,0.13,0.104,1.77,29.6,93.0,86.8,0.015,0.023,0.006,7.7,LOW
N5,NORMAL,1.16,0.4,0.05,0.029,4.01,30.0,93.3,70.5,0.042,0.044,0.009,7.1,LOW
N3,SUBSIDENCE,9.61,12.07,8.71,2.814,79.82,35.5,85.4,65.2,1.13,1.257,1.193,100.0,CRITICAL
N4,NORMAL,0.34,2.29,0.48,0.087,4.11,32.7,75.9,96.7,0.015,0.083,0.009,7.4,LOW
N1,NORMAL,0.22,0.7,0.2,0.062,1.18,31.0,75.2,66.8,0.006,0.004,0.011,5.2,LOW
N6,WARNING,1.47,7.39,2.3,0.723,14.76,30.9,79.5,80.3,0.203,0.497,0.057,46.4,MEDIUM
N1,NORMAL,0.43,0.76,0.41,0.168,1.99,33.2,94.7,66.8,0.023,0.02,0.019,5.2,LOW
N6,SUBSIDENCE,6.82,20.31,9.98,0.863,75.35,28.3,69.4,67.2,1.213,0.975,1.35,100.0,CRITICAL
N4,NORMAL,0.56,0.39,0.82,0.129,1.31,37.3,81.6,82.5,0.025,0.041,0.014,6.6,LOW
N2,WARNING,2.4,7.51,2.91,0.678,22.53,25.9,77.7,94.9,0.225,0.559,0.121,53.7,HIGH
N6,NORMAL,0.82,2.37,0.28,0.095,3.2,33.3,79.4,62.7,0.007,0.01,0.015,12.4,LOW
N1,NORMAL,0.79,1.74,0.3,0.034,1.53,32.5,92.7,91.0,0.024,0.03,0.011,5.8,LOW
N4,WARNING,3.06,3.52,2.37,0.298,10.61,34.2,66.0,90.1,0.176,0.296,0.069,35.0,MEDIUM
N1,NORMAL,1.09,1.82,0.19,0.138,1.51,24.3,87.2,77.1,0.032,0.039,0.004,8.9,LOW
N2,WARNING,1.76,5.93,3.38,0.481,27.84,26.4,87.2,90.4,0.135,0.557,0.162,46.0,MEDIUM
N3,NORMAL,0.82,1.07,0.55,0.09,-1.98,32.8,76.7,84.3,0.001,0.02,0.018,5.9,LOW
N2,NORMAL,0.17,0.44,0.08,0.151,5.0,36.3,69.7,81.0,0.011,0.048,0.003,3.8,LOW
N5,NORMAL,0.74,1.31,0.06,0.13,4.2,26.3,94.8,71.9,0.005,0.073,0.016,8.7,LOW
N4,SUBSIDENCE,6.13,28.99,18.74,2.332,75.94,27.9,83.0,68.5,1.225,3.733,1.058,100.0,CRITICAL
N2,NORMAL,0.58,2.19,0.12,0.078,1.93,31.0,90.4,95.1,0.044,0.078,0.008,8.5,LOW
N3,NORMAL,0.68,0.66,0.5,0.168,2.27,32.4,79.2,87.2,0.039,0.002,0.013,6.5,LOW
N1,NORMAL,1.05,2.34,0.26,0.101,0.11,36.8,82.6,99.7,0.021,0.05,0.016,8.2,LOW
N4,NORMAL,0.72,2.05,0.14,0.021,-1.81,32.1,88.4,72.5,0.045,0.007,0.012,7.1,LOW
N6,NORMAL,0.49,1.01,0.17,0.053,-0.62,32.0,85.3,73.8,0.007,0.077,0.012,6.8,LOW
N2,SUBSIDENCE,9.71,18.12,18.72,2.873,96.62,34.9,71.8,61.9,0.382,3.92,0.377,100.0,CRITICAL
N3,NORMAL,0.39,1.13,0.14,0.036,4.96,28.4,68.9,93.6,0.004,0.019,0.005,2.2,LOW
N2,SUBSIDENCE,11.36,28.31,14.21,4.179,101.29,26.2,65.7,81.6,0.911,3.608,0.582,100.0,CRITICAL
N5,NORMAL,0.65,0.55,0.85,0.113,0.67,28.1,70.2,77.0,0.025,0.01,0.018,8.2,LOW
N4,WARNING,1.85,4.19,3.47,0.492,32.95,36.6,73.8,85.2,0.288,0.794,0.05,54.6,HIGH
N1,SUBSIDENCE,10.96,11.44,6.73,3.279,61.01,32.5,91.1,87.0,1.283,1.222,1.465,100.0,CRITICAL
N3,NORMAL,1.15,1.51,0.31,0.118,4.98,33.8,93.2,74.6,0.041,0.045,0.016,12.6,LOW
N2,SUBSIDENCE,3.84,11.2,17.81,3.135,90.0,37.2,70.4,99.6,1.302,2.491,0.335,100.0,CRITICAL
N4,NORMAL,0.33,0.39,0.38,0.072,4.84,35.0,94.9,72.7,0.02,0.005,0.02,5.3,LOW
N2,SUBSIDENCE,4.5,22.71,6.52,1.257,102.7,28.9,70.2,75.3,1.791,4.479,0.798,100.0,CRITICAL
N4,WARNING,2.58,6.59,2.55,0.66,32.59,36.9,77.3,76.9,0.271,0.358,0.239,56.5,HIGH
N5,NORMAL,0.19,2.36,0.09,0.099,3.05,33.9,65.5,97.7,0.044,0.057,0.014,8.6,LOW
N2,NORMAL,0.5,0.61,0.47,0.137,3.79,30.0,94.6,99.9,0.036,0.04,0.014,7.2,LOW
N5,NORMAL,0.37,1.31,0.58,0.122,1.04,28.5,84.0,77.7,0.026,0.055,0.008,7.0,LOW
N6,NORMAL,1.17,1.06,0.2,0.088,2.6,30.3,93.3,60.8,0.022,0.029,0.01,8.8,LOW
N6,NORMAL,0.53,0.98,0.22,0.107,2.3,36.9,87.3,80.6,0.001,0.068,0.008,6.8,LOW
N3,NORMAL,1.15,1.78,0.81,0.173,4.23,26.3,78.9,79.2,0.004,0.021,0.013,11.6,LOW
N5,NORMAL,0.61,2.09,0.49,0.159,3.42,34.8,89.1,79.6,0.032,0.058,0.005,12.3,LOW
N4,WARNING,1.71,6.68,3.4,0.503,25.91,33.9,80.4,80.5,0.243,0.304,0.085,50.6,HIGH
N3,NORMAL,1.15,2.04,0.26,0.085,3.81,29.5,72.8,85.7,0.004,0.032,0.007,11.2,LOW
N2,NORMAL,0.53,1.45,0.27,0.158,-0.56,34.9,79.8,69.5,0.044,0.018,0.007,7.8,LOW
N2,WARNING,2.73,3.2,1.65,0.326,22.53,34.9,69.0,97.6,0.188,0.464,0.042,39.1,MEDIUM
N4,NORMAL,0.17,2.22,0.3,0.132,0.33,34.0,69.0,70.7,0.036,0.048,0.011,8.3,LOW
N1,NORMAL,1.02,2.02,0.99,0.024,-1.0,28.8,71.8,96.4,0.017,0.069,0.006,9.1,LOW
N1,NORMAL,0.7,0.57,0.58,0.046,-0.1,26.3,71.3,81.6,0.035,0.076,0.009,9.4,LOW
N2,SUBSIDENCE,8.51,40.14,8.83,2.861,35.2,38.0,68.2,70.6,1.007,2.273,0.4,100.0,CRITICAL
N4,WARNING,2.89,3.49,1.23,0.733,13.81,37.4,65.5,91.7,0.065,0.199,0.071,36.7,MEDIUM
N1,NORMAL,0.96,1.35,0.93,0.022,1.47,36.3,77.2,65.4,0.013,0.076,0.003,10.7,LOW
N5,WARNING,1.28,6.29,3.79,0.733,31.23,24.9,70.1,75.4,0.147,0.734,0.168,56.1,HIGH
N2,NORMAL,0.44,0.97,0.73,0.029,2.24,37.6,67.4,77.4,0.017,0.088,0.001,5.8,LOW
N6,WARNING,3.17,4.27,3.55,0.729,8.68,25.5,88.2,87.0,0.169,0.262,0.196,47.0,MEDIUM
N5,WARNING,2.65,4.89,2.5,0.237,13.1,24.7,91.5,90.1,0.278,0.409,0.113,39.3,MEDIUM
N4,WARNING,1.41,3.33,1.37,0.552,9.77,34.2,65.7,76.8,0.299,0.502,0.22,35.5,MEDIUM
N6,NORMAL,0.5,2.39,0.34,0.13,2.13,37.9,81.6,66.6,0.037,0.006,0.019,10.3,LOW
N5,NORMAL,1.06,1.69,0.62,0.162,3.12,26.8,76.6,98.7,0.046,0.096,0.007,11.8,LOW
N1,NORMAL,0.31,1.56,0.08,0.153,2.68,36.1,75.2,66.8,0.026,0.063,0.002,8.9,LOW
N1,SUBSIDENCE,3.63,10.25,16.09,3.229,46.17,34.8,80.6,71.4,1.209,2.587,1.421,100.0,CRITICAL
N6,NORMAL,0.61,0.77,0.68,0.115,0.07,31.7,90.6,84.8,0.001,0.098,0.001,7.6,LOW
N3,WARNING,2.55,6.43,1.92,0.402,7.54,32.6,69.2,77.1,0.051,0.285,0.207,37.2,MEDIUM
N2,SUBSIDENCE,3.67,37.68,12.3,1.705,92.61,30.0,87.7,98.6,1.756,2.292,1.207,100.0,CRITICAL
N6,NORMAL,0.82,0.75,0.69,0.155,0.83,26.3,90.1,63.9,0.031,0.025,0.009,11.9,LOW
N4,WARNING,1.33,5.44,2.75,0.703,11.1,26.2,78.4,74.2,0.245,0.551,0.191,42.5,MEDIUM
N2,WARNING,2.81,5.76,3.9,0.259,19.21,35.9,91.2,84.4,0.223,0.358,0.232,44.3,MEDIUM
N5,SUBSIDENCE,7.51,21.61,6.15,4.021,54.77,33.5,74.4,67.8,1.503,0.844,0.727,100.0,CRITICAL
N4,SUBSIDENCE,4.11,44.6,19.96,1.828,36.18,36.6,75.1,98.9,1.111,1.99,0.395,100.0,CRITICAL
N4,WARNING,2.82,7.12,2.87,0.5,17.84,26.8,68.4,63.1,0.071,0.616,0.098,50.5,HIGH
N1,NORMAL,0.62,2.13,0.13,0.102,0.65,31.7,91.1,68.0,0.027,0.006,0.011,7.5,LOW
N5,WARNING,3.07,6.63,3.74,0.7,27.98,27.9,90.2,72.5,0.281,0.281,0.056,56.6,HIGH
N1,NORMAL,1.0,1.06,0.8,0.156,2.75,37.8,85.5,77.4,0.049,0.073,0.005,15.5,LOW
N1,WARNING,2.33,6.71,3.26,0.659,12.22,27.0,78.0,86.0,0.287,0.283,0.131,47.6,MEDIUM
N3,SUBSIDENCE,7.68,17.2,10.97,2.801,102.33,37.3,70.6,74.5,0.936,2.927,1.389,100.0,CRITICAL
N1,NORMAL,0.97,1.88,0.77,0.046,1.22,34.6,80.1,84.4,0.035,0.041,0.011,11.7,LOW
N2,WARNING,1.99,4.51,1.56,0.745,23.21,34.0,80.0,81.4,0.099,0.215,0.073,40.3,MEDIUM
N4,NORMAL,0.87,1.88,0.75,0.033,3.83,35.6,88.0,67.0,0.009,0.063,0.005,10.0,LOW
N1,NORMAL,0.71,1.86,0.17,0.043,0.63,35.3,75.3,62.2,0.046,0.007,0.007,6.6,LOW
N6,NORMAL,0.8,2.4,0.58,0.15,-1.9,32.0,71.6,83.4,0.033,0.015,0.014,8.8,LOW
N2,WARNING,2.76,7.46,3.67,0.714,30.24,34.3,69.6,67.2,0.185,0.694,0.186,60.5,HIGH
N5,SUBSIDENCE,5.03,15.74,11.52,1.838,38.68,36.5,65.6,82.4,1.386,2.292,0.347,100.0,CRITICAL
N4,SUBSIDENCE,9.94,21.79,14.33,0.925,52.78,39.0,76.8,97.0,1.295,3.724,0.393,100.0,CRITICAL
N6,NORMAL,0.69,1.68,0.18,0.162,-1.39,32.5,91.0,75.9,0.049,0.039,0.003,7.1,LOW
N6,SUBSIDENCE,3.57,40.27,14.46,1.07,102.95,35.4,75.9,86.2,1.46,2.771,0.808,100.0,CRITICAL
N5,WARNING,1.55,3.28,1.93,0.685,30.51,29.2,86.0,84.3,0.173,0.51,0.164,44.8,MEDIUM
N6,NORMAL,0.49,0.85,0.98,0.065,-0.78,35.9,92.3,73.3,0.042,0.081,0.005,6.9,LOW
N2,NORMAL,0.46,0.5,0.61,0.131,-1.49,35.5,71.7,92.3,0.01,0.027,0.009,6.7,LOW
N5,NORMAL,1.08,0.66,0.99,0.103,1.86,34.3,78.2,83.6,0.031,0.08,0.013,12.5,LOW
N6,SUBSIDENCE,5.6,21.44,15.37,0.891,78.4,26.7,66.5,94.4,1.126,1.491,1.417,100.0,CRITICAL
N5,WARNING,3.13,4.68,3.93,0.736,8.75,25.0,69.8,95.7,0.17,0.137,0.102,46.0,MEDIUM
N5,WARNING,3.14,7.22,1.1,0.504,28.22,34.8,91.7,70.7,0.223,0.45,0.048,47.0,MEDIUM
N1,NORMAL,0.69,1.33,0.73,0.168,1.17,24.5,89.5,76.1,0.023,0.023,0.004,9.1,LOW
N1,WARNING,1.37,5.53,2.01,0.734,18.43,32.1,88.2,72.0,0.076,0.547,0.202,42.8,MEDIUM
N1,NORMAL,0.68,2.1,0.08,0.062,2.39,35.9,83.6,68.1,0.025,0.077,0.004,6.4,LOW
N6,NORMAL,0.16,2.46,0.44,0.063,-0.74,26.9,76.0,91.9,0.012,0.049,0.017,5.5,LOW
N4,WARNING,2.73,2.66,1.75,0.253,6.24,36.0,82.7,83.1,0.287,0.535,0.145,33.8,MEDIUM
N2,NORMAL,0.32,1.63,0.67,0.161,0.98,25.1,65.1,61.4,0.01,0.057,0.019,8.1,LOW
N6,WARNING,3.11,2.51,1.66,0.739,27.37,25.1,84.6,79.9,0.105,0.255,0.125,40.3,MEDIUM
N1,NORMAL,0.56,1.33,0.27,0.054,-1.52,36.5,94.8,69.1,0.031,0.049,0.014,5.1,LOW
N5,WARNING,1.59,7.52,2.2,0.638,9.06,24.1,70.1,82.3,0.124,0.108,0.248,39.5,MEDIUM
N6,NORMAL,1.04,2.03,0.25,0.161,-1.51,24.5,90.6,98.5,0.017,0.026,0.013,9.7,LOW
N5,NORMAL,0.36,2.27,0.91,0.12,1.55,25.3,73.6,75.8,0.039,0.052,0.015,11.1,LOW
N5,NORMAL,0.33,0.73,0.76,0.048,-1.22,35.0,78.2,77.4,0.014,0.016,0.004,5.8,LOW
N5,NORMAL,0.68,0.4,0.99,0.156,0.05,28.3,75.2,81.0,0.003,0.062,0.012,8.0,LOW
N3,SUBSIDENCE,10.97,12.04,13.18,2.258,69.98,38.3,74.1,74.3,1.665,2.814,1.119,100.0,CRITICAL
N4,NORMAL,0.35,1.7,0.25,0.058,4.91,37.6,75.0,80.8,0.035,0.081,0.019,6.5,LOW
N2,WARNING,3.32,2.64,3.75,0.669,19.04,25.7,72.9,92.2,0.179,0.133,0.148,45.3,MEDIUM
N2,SUBSIDENCE,7.79,35.82,20.77,1.34,54.46,34.5,85.4,77.3,1.18,4.313,1.224,100.0,CRITICAL
N1,NORMAL,0.54,2.47,0.86,0.142,3.04,24.8,67.7,75.4,0.028,0.033,0.009,12.6,LOW
N3,NORMAL,0.23,1.12,0.21,0.076,0.65,29.1,89.8,98.0,0.04,0.069,0.016,8.9,LOW
N6,WARNING,1.84,6.45,1.17,0.477,9.69,32.2,68.1,64.0,0.258,0.39,0.159,37.9,MEDIUM
N6,SUBSIDENCE,8.36,19.65,6.01,1.82,49.3,27.1,82.6,66.1,0.359,2.205,1.101,100.0,CRITICAL
N2,SUBSIDENCE,4.08,11.41,7.78,2.356,68.34,37.9,84.7,73.0,1.015,2.191,1.35,100.0,CRITICAL
N4,NORMAL,0.3,1.8,1.0,0.151,0.29,32.2,66.3,92.3,0.01,0.082,0.008,7.5,LOW
N5,WARNING,1.67,6.7,2.98,0.415,21.01,35.3,85.7,84.9,0.184,0.258,0.05,42.4,MEDIUM
N1,NORMAL,0.41,1.12,0.15,0.141,-1.89,26.0,86.7,97.3,0.0,0.052,0.007,3.6,LOW
N4,SUBSIDENCE,5.89,30.3,17.41,2.875,63.72,36.3,74.5,86.9,1.133,3.481,1.429,100.0,CRITICAL
N2,SUBSIDENCE,11.29,27.2,5.72,2.962,80.37,39.1,70.2,84.6,0.502,1.686,1.09,100.0,CRITICAL
N3,NORMAL,0.62,0.98,0.91,0.17,-0.86,25.0,93.0,69.9,0.035,0.077,0.018,11.6,LOW
N1,NORMAL,1.04,2.1,0.79,0.067,3.32,32.2,74.0,88.0,0.013,0.031,0.016,6.5,LOW
N2,NORMAL,1.04,1.48,0.22,0.113,2.1,25.5,70.7,92.6,0.032,0.078,0.02,8.9,LOW
N6,NORMAL,0.68,1.91,0.42,0.154,0.95,25.4,90.5,98.0,0.047,0.039,0.006,10.1,LOW
N1,WARNING,3.26,6.68,2.3,0.356,13.54,37.8,70.7,64.6,0.24,0.341,0.201,44.3,MEDIUM
N2,NORMAL,0.23,0.34,0.69,0.115,1.95,27.7,79.4,95.2,0.029,0.007,0.006,6.2,LOW
N6,NORMAL,1.17,1.61,0.25,0.081,0.28,31.9,89.0,97.6,0.01,0.098,0.003,9.4,LOW
N6,NORMAL,0.32,0.64,0.5,0.081,-0.25,26.4,76.0,63.3,0.005,0.036,0.006,5.4,LOW
N5,SUBSIDENCE,11.3,30.16,12.63,1.197,93.31,32.1,85.2,63.6,0.413,4.445,1.303,100.0,CRITICAL
N3,WARNING,2.32,7.01,1.23,0.304,28.32,26.0,79.1,82.5,0.165,0.565,0.208,45.7,MEDIUM
N5,NORMAL,0.78,2.15,0.48,0.071,3.62,27.0,67.7,75.1,0.045,0.036,0.015,10.0,LOW
N2,NORMAL,0.55,0.46,0.1,0.133,3.03,31.0,94.4,78.3,0.004,0.051,0.011,7.7,LOW
N4,SUBSIDENCE,8.13,19.48,8.54,3.575,104.59,32.8,70.3,83.4,0.783,3.937,0.777,100.0,CRITICAL
N5,WARNING,3.39,2.78,1.78,0.576,13.06,30.8,69.0,64.9,0.142,0.303,0.243,40.9,MEDIUM
N4,NORMAL,0.44,1.12,0.29,0.108,4.1,33.3,67.0,85.4,0.039,0.058,0.014,7.8,LOW
N6,NORMAL,1.06,2.11,0.47,0.072,0.64,25.7,68.2,61.2,0.028,0.041,0.007,8.8,LOW
N2,NORMAL,1.19,1.03,0.07,0.111,2.73,36.5,92.2,78.3,0.034,0.097,0.004,7.6,LOW
N3,NORMAL,1.15,0.66,0.34,0.142,4.62,25.4,70.5,87.1,0.004,0.067,0.019,11.7,LOW
N4,NORMAL,0.8,0.89,0.94,0.082,0.39,31.6,86.5,63.3,0.042,0.056,0.009,8.5,LOW
N2,SUBSIDENCE,6.34,39.84,17.19,1.004,69.52,27.5,87.2,99.5,0.762,3.734,0.43,100.0,CRITICAL
N4,NORMAL,0.53,2.19,0.4,0.125,1.41,38.0,87.5,69.2,0.037,0.006,0.011,7.7,LOW
N5,WARNING,1.9,6.29,1.45,0.184,28.19,29.3,81.0,87.9,0.2,0.571,0.025,39.1,MEDIUM
N2,NORMAL,1.03,0.86,0.91,0.128,0.79,24.1,68.7,98.2,0.033,0.066,0.004,12.1,LOW
N5,WARNING,3.17,3.45,2.98,0.702,32.48,25.0,80.9,72.7,0.191,0.606,0.111,54.7,HIGH
N1,WARNING,2.14,3.46,3.21,0.721,26.02,33.1,68.8,91.6,0.173,0.394,0.147,47.8,MEDIUM
N2,NORMAL,0.11,2.14,0.5,0.09,-1.15,28.2,70.2,70.0,0.029,0.009,0.017,6.3,LOW
N4,NORMAL,0.69,1.49,0.34,0.146,0.65,25.4,69.4,96.0,0.022,0.013,0.003,5.9,LOW
N1,WARNING,2.78,6.2,1.44,0.476,19.66,28.2,82.8,96.8,0.122,0.289,0.195,46.3,MEDIUM
N5,NORMAL,0.67,1.59,0.88,0.135,-1.91,27.9,78.8,91.4,0.007,0.027,0.009,8.0,LOW
N5,NORMAL,1.17,1.65,0.87,0.075,-1.04,31.5,94.8,98.9,0.042,0.077,0.005,9.8,LOW
N4,NORMAL,0.6,0.85,0.29,0.16,2.68,31.8,80.6,62.1,0.03,0.027,0.008,8.0,LOW
N1,SUBSIDENCE,7.64,30.59,18.18,1.194,96.84,36.9,78.9,84.8,0.439,2.648,0.356,100.0,CRITICAL
N6,NORMAL,0.65,1.26,0.18,0.171,3.1,28.8,87.7,67.7,0.028,0.021,0.008,8.8,LOW
N3,WARNING,2.73,7.46,3.52,0.373,9.55,24.6,80.3,84.2,0.141,0.376,0.144,44.8,MEDIUM
N4,NORMAL,1.14,1.87,0.03,0.048,1.33,25.5,78.1,60.9,0.049,0.06,0.017,6.3,LOW
N5,WARNING,1.77,6.96,2.87,0.341,30.26,36.7,85.1,92.5,0.234,0.451,0.03,46.5,MEDIUM
N2,NORMAL,1.13,0.52,0.75,0.045,1.61,28.0,88.0,63.6,0.036,0.052,0.009,8.7,LOW
N1,SUBSIDENCE,5.47,9.67,7.19,2.156,37.23,38.0,86.0,83.8,0.64,0.951,1.345,100.0,CRITICAL
N6,NORMAL,0.98,0.85,0.74,0.073,1.1,36.7,67.9,96.1,0.049,0.085,0.008,10.0,LOW
N3,WARNING,3.25,6.06,1.97,0.649,13.17,29.0,82.4,68.3,0.086,0.486,0.05,43.6,MEDIUM
N2,WARNING,2.15,4.19,1.46,0.541,23.01,32.0,87.2,92.2,0.19,0.752,0.233,42.8,MEDIUM
N1,NORMAL,0.22,2.14,0.01,0.02,0.17,32.8,79.2,71.2,0.04,0.092,0.008,5.7,LOW
N6,NORMAL,1.05,1.55,0.69,0.119,-1.41,26.0,81.4,65.1,0.041,0.004,0.014,8.6,LOW
N4,NORMAL,1.17,1.19,0.79,0.147,-1.15,25.3,87.9,83.8,0.028,0.1,0.008,10.4,LOW
N6,NORMAL,0.89,1.42,0.27,0.095,2.1,34.0,93.3,76.6,0.012,0.085,0.008,9.2,LOW
N4,SUBSIDENCE,7.42,14.79,10.77,2.575,52.22,37.5,68.9,86.9,0.339,1.754,1.103,100.0,CRITICAL
N1,NORMAL,0.47,0.89,0.43,0.159,2.06,31.0,86.5,67.8,0.032,0.011,0.002,8.3,LOW
N6,NORMAL,0.7,2.31,0.51,0.097,2.1,26.2,93.5,61.9,0.035,0.03,0.007,8.6,LOW
N3,WARNING,2.26,6.26,3.13,0.537,15.22,36.7,71.8,62.8,0.069,0.752,0.064,45.1,MEDIUM
N6,NORMAL,0.19,1.02,0.15,0.097,1.18,32.3,66.4,89.9,0.042,0.07,0.014,4.7,LOW
N1,NORMAL,0.49,2.12,0.25,0.127,2.23,28.7,77.2,94.2,0.006,0.014,0.02,9.0,LOW
N2,NORMAL,0.79,1.76,0.64,0.072,3.8,29.3,65.5,67.7,0.002,0.037,0.019,9.6,LOW
N2,SUBSIDENCE,11.53,39.42,7.52,4.122,46.92,27.5,74.1,88.1,1.788,3.925,1.391,100.0,CRITICAL
N6,SUBSIDENCE,7.79,18.79,16.52,3.44,56.41,37.8,66.4,85.5,0.429,2.925,0.746,100.0,CRITICAL
N6,SUBSIDENCE,3.9,12.19,10.64,1.539,47.13,38.2,88.6,81.0,1.49,1.659,0.706,100.0,CRITICAL
N4,NORMAL,0.2,2.37,0.71,0.026,4.64,37.7,92.7,84.0,0.004,0.06,0.008,10.8,LOW
N1,WARNING,2.81,7.02,3.46,0.522,12.55,29.2,91.6,76.0,0.128,0.566,0.178,50.4,HIGH
N4,NORMAL,0.87,0.68,0.35,0.107,-1.74,27.0,91.6,88.6,0.002,0.027,0.017,4.2,LOW
N3,NORMAL,0.86,1.75,0.98,0.121,2.54,28.8,73.6,75.9,0.023,0.087,0.001,13.4,LOW
N2,NORMAL,0.63,2.4,0.92,0.118,-1.86,28.3,84.4,60.7,0.028,0.007,0.007,8.1,LOW
N5,NORMAL,0.97,2.1,0.03,0.033,4.44,26.7,76.1,97.2,0.031,0.096,0.009,11.2,LOW
N5,NORMAL,0.23,2.25,0.53,0.031,0.8,37.2,71.3,85.3,0.012,0.058,0.003,7.8,LOW
N1,NORMAL,1.01,1.57,0.66,0.085,-1.29,35.8,75.9,98.8,0.007,0.07,0.016,8.2,LOW
N1,NORMAL,0.81,0.55,0.07,0.107,3.19,37.9,87.1,66.1,0.001,0.002,0.012,7.4,LOW
N5,NORMAL,0.2,2.07,0.81,0.093,-1.75,26.0,78.9,81.1,0.038,0.041,0.016,7.8,LOW
N1,WARNING,2.05,7.94,3.29,0.653,12.23,27.6,68.0,68.2,0.146,0.178,0.25,47.5,MEDIUM
N2,NORMAL,0.73,0.97,0.16,0.095,2.69,27.4,92.7,65.5,0.033,0.001,0.015,6.1,LOW
N3,WARNING,2.12,4.22,2.47,0.359,28.14,29.6,68.9,70.7,0.145,0.345,0.243,42.3,MEDIUM
N3,NORMAL,0.9,0.8,0.68,0.166,0.62,24.6,82.4,83.2,0.01,0.072,0.009,6.9,LOW
N4,WARNING,2.77,6.54,2.94,0.373,30.06,31.2,94.6,66.5,0.284,0.311,0.085,46.9,MEDIUM
N2,NORMAL,0.64,0.65,0.41,0.081,2.0,38.0,72.7,94.7,0.002,0.081,0.014,7.7,LOW
N1,NORMAL,0.77,0.73,0.3,0.023,0.4,29.3,87.2,86.3,0.045,0.008,0.019,5.8,LOW
N1,NORMAL,0.84,1.46,0.46,0.169,2.76,24.0,94.4,90.3,0.031,0.042,0.005,10.0,LOW
N4,WARNING,3.49,6.74,1.14,0.433,8.5,33.2,84.2,95.1,0.25,0.23,0.171,41.3,MEDIUM
N4,WARNING,2.87,4.3,1.94,0.193,32.25,30.3,82.2,89.2,0.076,0.435,0.137,41.2,MEDIUM
N1,NORMAL,0.32,0.37,0.86,0.099,-1.11,28.0,73.9,94.7,0.034,0.022,0.002,6.4,LOW
N1,NORMAL,0.44,1.99,0.58,0.035,-0.9,26.5,75.3,92.8,0.004,0.04,0.019,8.1,LOW
N2,SUBSIDENCE,10.94,35.21,12.41,2.989,68.75,33.7,80.6,86.3,1.573,2.317,1.272,100.0,CRITICAL
N4,WARNING,1.87,4.66,3.42,0.399,24.61,36.6,94.8,66.8,0.216,0.709,0.122,42.5,MEDIUM
N2,NORMAL,0.89,1.81,0.46,0.069,-1.81,25.7,66.3,92.1,0.032,0.032,0.011,8.2,LOW
N6,NORMAL,0.24,0.52,0.57,0.137,-1.94,37.3,65.5,95.9,0.022,0.063,0.015,5.5,LOW
N1,NORMAL,1.16,2.19,0.95,0.039,4.95,33.8,83.9,95.0,0.038,0.007,0.014,12.6,LOW
N5,WARNING,2.92,3.39,1.75,0.444,16.84,27.4,73.8,88.4,0.216,0.195,0.101,35.7,MEDIUM
N5,NORMAL,0.19,2.24,0.64,0.086,1.4,27.7,90.7,93.2,0.035,0.073,0.016,7.4,LOW
N6,SUBSIDENCE,10.77,10.99,6.59,2.905,106.47,38.8,89.0,71.5,0.465,3.534,0.42,100.0,CRITICAL
N1,NORMAL,0.15,1.2,0.53,0.104,3.96,29.3,86.4,83.3,0.049,0.043,0.003,7.0,LOW
N4,NORMAL,0.2,0.68,0.69,0.132,2.26,35.3,79.7,74.0,0.015,0.016,0.005,7.8,LOW
N5,NORMAL,0.25,1.1,0.42,0.162,4.58,35.8,66.5,81.3,0.042,0.039,0.011,8.8,LOW
N4,SUBSIDENCE,6.89,22.1,10.3,2.96,66.3,26.0,77.5,67.8,0.783,2.895,0.716,100.0,CRITICAL
N5,WARNING,1.43,7.3,3.08,0.397,34.56,37.2,84.9,89.2,0.142,0.271,0.129,49.2,MEDIUM
N4,NORMAL,0.28,0.29,0.54,0.073,-1.7,28.2,79.9,78.0,0.045,0.003,0.0,4.8,LOW
N5,WARNING,2.03,7.25,1.89,0.552,16.96,31.5,70.2,65.5,0.147,0.753,0.18,46.8,MEDIUM
N4,NORMAL,0.31,1.64,0.06,0.094,1.22,32.6,76.7,81.1,0.046,0.037,0.018,5.1,LOW
N6,NORMAL,0.2,2.25,0.63,0.09,3.43,38.0,88.1,97.2,0.02,0.046,0.008,10.4,LOW
N2,NORMAL,0.52,1.33,0.2,0.022,-0.64,30.3,88.8,80.0,0.046,0.046,0.003,6.3,LOW
N4,NORMAL,1.13,2.27,0.47,0.033,2.93,28.6,81.3,61.0,0.018,0.079,0.006,10.3,LOW
N2,NORMAL,0.29,2.16,0.96,0.051,3.41,31.9,75.8,94.2,0.006,0.047,0.01,9.9,LOW
N2,SUBSIDENCE,6.08,25.95,7.49,2.726,49.79,26.1,88.9,92.8,0.662,2.418,0.597,100.0,CRITICAL
N1,NORMAL,1.09,2.45,0.11,0.064,2.41,37.7,74.9,79.6,0.044,0.016,0.01,7.0,LOW
N6,SUBSIDENCE,9.4,23.6,16.92,1.259,52.29,38.3,91.2,90.2,0.88,4.44,0.686,100.0,CRITICAL
N2,NORMAL,0.51,0.96,0.64,0.057,0.52,31.7,80.3,84.5,0.041,0.021,0.017,6.1,LOW
N3,WARNING,2.65,5.57,3.1,0.384,29.32,33.7,66.0,75.6,0.105,0.6,0.109,47.3,MEDIUM
N2,NORMAL,1.16,1.52,0.5,0.06,1.44,33.4,77.0,71.3,0.041,0.034,0.011,10.1,LOW
N4,NORMAL,0.27,0.43,0.24,0.023,3.32,30.4,66.9,65.3,0.006,0.09,0.01,3.6,LOW
N2,NORMAL,1.04,1.75,0.09,0.129,-1.08,35.5,83.6,60.1,0.037,0.094,0.015,8.8,LOW
N4,NORMAL,0.96,1.13,0.87,0.112,-0.66,36.0,66.2,92.9,0.003,0.056,0.011,5.9,LOW
N4,WARNING,2.13,5.41,2.6,0.398,10.58,33.6,85.3,96.3,0.07,0.245,0.184,36.5,MEDIUM
N3,NORMAL,0.6,1.95,0.67,0.17,2.69,27.6,73.3,93.0,0.009,0.074,0.007,12.4,LOW
N2,WARNING,2.24,5.08,1.03,0.334,31.5,28.1,68.9,66.6,0.175,0.391,0.037,38.8,MEDIUM
N2,NORMAL,0.47,0.35,0.78,0.119,3.6,24.3,67.7,89.7,0.017,0.022,0.012,8.3,LOW
N5,NORMAL,1.08,0.67,0.79,0.081,0.91,34.9,82.2,89.9,0.044,0.062,0.016,10.7,LOW
N5,NORMAL,0.88,1.3,0.15,0.063,0.63,24.5,71.4,81.6,0.029,0.03,0.004,7.4,LOW
N1,SUBSIDENCE,4.69,9.09,5.34,4.035,37.66,39.0,65.7,95.2,1.009,3.347,0.529,100.0,CRITICAL
N4,WARNING,2.1,4.61,2.42,0.734,23.84,27.0,74.4,62.9,0.27,0.119,0.226,44.8,MEDIUM
N3,NORMAL,1.11,1.41,0.09,0.084,0.67,36.9,89.2,66.4,0.003,0.035,0.006,8.2,LOW
N5,NORMAL,1.12,1.91,0.49,0.089,4.49,34.6,74.8,96.9,0.015,0.037,0.014,10.5,LOW
N2,NORMAL,0.38,1.0,0.2,0.106,4.99,24.7,73.6,93.5,0.036,0.047,0.02,6.9,LOW
N1,SUBSIDENCE,7.96,8.17,12.22,0.825,78.01,37.2,78.9,72.4,1.249,1.545,1.483,100.0,CRITICAL
N3,WARNING,1.23,6.31,1.79,0.405,17.86,34.7,79.8,91.6,0.263,0.696,0.199,43.3,MEDIUM
N6,NORMAL,1.04,1.35,0.9,0.178,-0.77,35.9,92.5,78.4,0.049,0.025,0.019,12.2,LOW
N2,NORMAL,0.27,0.71,0.3,0.06,4.77,24.5,71.3,97.3,0.008,0.069,0.01,3.2,LOW
N2,NORMAL,1.0,1.55,0.08,0.042,3.11,33.1,77.9,64.6,0.038,0.096,0.004,10.5,LOW
N6,SUBSIDENCE,6.36,21.6,12.16,1.761,76.45,34.7,66.6,94.7,1.21,2.327,0.717,100.0,CRITICAL
N4,NORMAL,1.17,0.33,0.71,0.06,1.01,29.2,77.8,92.3,0.014,0.021,0.009,7.8,LOW
N4,WARNING,3.45,3.29,3.23,0.493,16.19,33.9,69.4,88.5,0.215,0.717,0.168,48.2,MEDIUM
N5,NORMAL,1.18,2.41,0.41,0.161,2.14,25.5,82.2,88.9,0.006,0.098,0.012,13.6,LOW
N5,WARNING,1.75,6.25,3.9,0.312,19.73,35.5,65.3,64.9,0.129,0.372,0.213,46.9,MEDIUM
N2,WARNING,2.0,4.17,1.28,0.572,24.28,24.6,69.6,85.9,0.112,0.353,0.132,36.9,MEDIUM
N2,WARNING,2.32,5.8,3.92,0.611,34.05,33.8,74.2,76.6,0.198,0.101,0.042,51.9,HIGH
N5,WARNING,2.75,4.33,3.62,0.401,6.33,36.6,90.8,61.5,0.296,0.443,0.101,40.9,MEDIUM
N6,SUBSIDENCE,10.37,26.13,16.12,1.254,85.06,29.7,94.7,62.2,0.645,1.234,0.418,100.0,CRITICAL
N5,NORMAL,0.46,1.41,0.21,0.174,1.22,28.3,73.4,93.9,0.035,0.036,0.004,8.6,LOW
N2,NORMAL,0.12,2.26,0.39,0.119,3.64,25.7,89.7,85.9,0.023,0.009,0.011,7.2,LOW
N3,NORMAL,0.75,0.2,0.96,0.041,-0.72,25.3,87.0,95.6,0.049,0.009,0.015,7.9,LOW
N2,SUBSIDENCE,6.47,19.56,20.79,1.008,61.07,37.5,90.5,92.7,1.279,3.344,0.816,100.0,CRITICAL
N3,NORMAL,0.29,1.69,0.85,0.035,-0.29,28.9,76.8,95.8,0.049,0.046,0.011,8.6,LOW
N3,WARNING,1.68,4.04,2.5,0.357,31.78,24.3,87.3,73.4,0.208,0.453,0.159,39.0,MEDIUM
N2,WARNING,2.6,7.08,2.04,0.201,5.03,32.4,70.1,61.5,0.265,0.483,0.17,39.0,MEDIUM
N1,NORMAL,0.37,2.48,0.42,0.168,-0.18,30.5,84.5,98.5,0.036,0.003,0.0,8.1,LOW
N5,NORMAL,0.13,2.47,0.47,0.143,2.52,25.3,88.2,92.0,0.012,0.033,0.012,12.6,LOW
N4,NORMAL,1.0,2.15,0.69,0.139,2.12,26.7,87.7,97.9,0.011,0.008,0.004,8.6,LOW
N2,NORMAL,1.0,2.48,0.04,0.025,2.78,36.9,72.5,85.7,0.001,0.089,0.009,9.7,LOW
N3,NORMAL,0.87,0.86,0.37,0.108,0.69,25.1,93.7,64.1,0.025,0.046,0.013,7.6,LOW
N2,NORMAL,0.47,0.22,0.82,0.038,-0.05,26.1,78.4,73.3,0.023,0.084,0.015,4.7,LOW
N5,SUBSIDENCE,11.56,39.66,6.71,2.232,68.35,30.7,85.9,72.8,1.741,3.742,1.261,100.0,CRITICAL
N6,SUBSIDENCE,10.51,43.52,14.98,2.574,100.44,34.3,71.3,65.0,1.658,1.134,1.122,100.0,CRITICAL
N3,NORMAL,0.41,0.59,0.24,0.167,4.41,33.3,69.1,92.7,0.013,0.02,0.009,4.8,LOW
N4,NORMAL,0.18,0.46,0.64,0.053,-0.4,25.5,92.9,96.6,0.044,0.036,0.018,4.4,LOW
N4,NORMAL,0.69,1.94,0.44,0.143,-0.3,35.3,75.3,67.6,0.045,0.079,0.015,9.0,LOW
N4,WARNING,2.02,2.71,1.81,0.526,30.4,28.1,85.3,99.1,0.283,0.606,0.225,44.7,MEDIUM
N6,WARNING,2.6,4.85,1.79,0.359,11.07,30.5,69.1,76.9,0.226,0.607,0.199,39.8,MEDIUM
N1,NORMAL,0.92,2.17,0.08,0.059,4.73,35.6,87.8,68.7,0.022,0.007,0.004,9.9,LOW
N3,NORMAL,0.21,0.38,0.5,0.131,0.27,26.5,88.2,84.2,0.004,0.049,0.004,2.8,LOW
N6,WARNING,1.92,5.03,1.67,0.5,27.71,28.5,75.8,72.5,0.157,0.369,0.078,41.0,MEDIUM
N3,WARNING,1.41,3.31,3.99,0.387,29.16,33.3,82.5,89.4,0.229,0.495,0.123,44.3,MEDIUM
N6,NORMAL,1.19,0.92,0.33,0.13,3.91,29.5,73.0,76.0,0.009,0.085,0.018,10.3,LOW
N6,WARNING,1.63,2.83,3.39,0.505,19.82,31.1,67.7,96.9,0.103,0.487,0.112,38.8,MEDIUM
N1,NORMAL,0.94,1.9,0.58,0.056,-1.27,26.1,89.5,77.7,0.018,0.041,0.015,6.2,LOW
N3,NORMAL,0.98,1.34,0.05,0.117,0.99,24.4,73.6,66.2,0.023,0.078,0.004,7.3,LOW
N6,WARNING,1.99,3.64,1.29,0.652,11.28,30.5,90.9,62.1,0.141,0.101,0.197,33.9,MEDIUM
N1,WARNING,1.58,3.92,3.66,0.382,10.61,33.2,76.5,60.7,0.25,0.312,0.1,34.2,MEDIUM
N2,NORMAL,1.19,0.75,0.24,0.041,-0.89,33.2,75.8,92.5,0.025,0.094,0.014,6.5,LOW
N5,SUBSIDENCE,7.52,24.93,21.9,2.851,100.11,34.7,69.5,89.6,1.087,1.398,1.484,100.0,CRITICAL
N6,NORMAL,0.58,2.09,0.28,0.171,0.08,34.1,87.6,64.9,0.05,0.07,0.019,9.9,LOW
N4,WARNING,1.23,2.98,2.31,0.409,10.52,37.7,68.1,74.5,0.061,0.584,0.066,30.8,MEDIUM
N1,NORMAL,0.63,0.7,0.5,0.04,-1.99,27.2,76.8,85.1,0.035,0.083,0.011,5.0,LOW
N1,SUBSIDENCE,3.78,11.49,21.25,3.091,87.27,28.4,89.3,84.3,0.454,1.662,0.739,100.0,CRITICAL
N6,SUBSIDENCE,5.17,36.52,13.73,1.467,98.21,36.0,77.7,71.5,0.615,3.355,0.75,100.0,CRITICAL
N1,NORMAL,1.16,1.95,0.83,0.07,0.44,32.3,86.7,89.5,0.009,0.045,0.02,9.5,LOW
N2,SUBSIDENCE,5.22,10.07,6.19,3.233,69.18,39.1,77.0,93.9,1.657,2.156,0.378,100.0,CRITICAL
N1,WARNING,1.31,4.48,2.78,0.479,26.83,37.6,92.6,85.2,0.271,0.631,0.091,45.9,MEDIUM
N5,WARNING,2.37,5.34,3.21,0.456,34.59,30.8,69.8,80.8,0.228,0.267,0.171,48.0,MEDIUM
N5,NORMAL,1.04,0.26,0.85,0.13,3.08,36.9,71.5,65.8,0.045,0.094,0.006,10.4,LOW
N4,WARNING,2.48,7.6,1.16,0.481,25.36,30.4,86.7,75.2,0.236,0.453,0.152,47.3,MEDIUM
N2,SUBSIDENCE,5.88,17.72,15.76,3.94,55.52,37.2,76.4,96.1,0.675,3.448,0.261,100.0,CRITICAL
N5,NORMAL,0.88,2.02,0.17,0.078,-0.04,36.2,66.3,71.6,0.036,0.002,0.012,8.4,LOW
N6,SUBSIDENCE,5.27,44.93,21.74,1.179,49.61,34.7,72.8,68.1,0.334,2.895,1.107,100.0,CRITICAL
N3,NORMAL,0.16,1.66,0.25,0.034,0.48,37.8,75.1,79.0,0.007,0.051,0.003,5.0,LOW
N3,NORMAL,0.76,2.16,0.95,0.079,0.96,30.1,90.3,81.2,0.008,0.019,0.014,11.3,LOW
N3,NORMAL,0.41,1.76,0.47,0.162,0.6,35.5,91.8,94.0,0.013,0.044,0.017,6.5,LOW
N6,NORMAL,0.46,1.56,0.79,0.154,0.81,33.4,82.7,85.1,0.026,0.029,0.014,10.7,LOW
N1,WARNING,3.27,7.01,1.37,0.546,9.85,25.5,80.4,67.1,0.087,0.414,0.132,42.3,MEDIUM
N6,NORMAL,0.71,2.11,0.09,0.084,-0.36,33.5,67.8,81.8,0.029,0.089,0.004,8.2,LOW
N1,SUBSIDENCE,9.25,32.82,17.29,2.19,92.0,28.0,86.6,66.3,1.009,1.995,0.652,100.0,CRITICAL
N3,NORMAL,0.8,1.73,0.29,0.098,2.7,37.0,78.9,80.3,0.0,0.027,0.008,6.8,LOW
N4,NORMAL,0.83,1.24,0.43,0.176,3.69,32.3,78.4,78.7,0.035,0.048,0.007,9.8,LOW
N4,NORMAL,0.34,2.02,0.79,0.068,0.02,27.7,86.0,64.0,0.014,0.016,0.017,5.6,LOW
N1,NORMAL,0.91,0.54,0.16,0.153,0.04,33.9,90.2,69.9,0.009,0.054,0.001,6.2,LOW
N3,SUBSIDENCE,9.43,9.99,12.6,4.034,75.35,31.5,76.3,77.6,0.916,0.822,0.57,100.0,CRITICAL
N6,WARNING,1.25,5.42,1.75,0.408,31.59,36.4,77.0,79.2,0.257,0.379,0.032,40.4,MEDIUM
N4,WARNING,1.4,6.31,3.14,0.413,31.67,33.8,71.1,88.1,0.062,0.315,0.068,43.4,MEDIUM
N1,NORMAL,0.98,2.0,0.03,0.169,3.0,33.0,75.8,78.3,0.041,0.065,0.011,10.4,LOW
N6,NORMAL,0.88,1.74,0.59,0.028,0.01,34.0,76.6,96.3,0.03,0.046,0.007,8.6,LOW
N3,NORMAL,0.68,1.31,0.34,0.041,-1.93,36.3,79.3,95.3,0.034,0.007,0.007,6.0,LOW
N2,NORMAL,0.17,2.14,0.93,0.166,0.36,31.6,77.2,98.3,0.005,0.092,0.003,10.9,LOW
N3,NORMAL,0.56,1.05,0.59,0.104,1.16,27.5,82.1,61.4,0.025,0.01,0.019,5.8,LOW
N3,WARNING,1.88,6.29,2.37,0.596,9.66,27.6,75.2,86.2,0.297,0.412,0.144,40.6,MEDIUM
N6,NORMAL,0.48,1.85,0.29,0.142,2.72,27.3,82.3,71.9,0.011,0.005,0.019,7.8,LOW
N6,WARNING,2.71,6.36,1.22,0.209,34.72,37.4,81.3,76.8,0.242,0.283,0.133,46.7,MEDIUM
N5,NORMAL,0.14,1.54,0.88,0.107,3.47,36.9,75.2,86.5,0.044,0.041,0.008,9.7,LOW
N5,NORMAL,0.78,1.32,0.64,0.133,4.47,36.7,73.1,73.0,0.04,0.036,0.009,12.5,LOW
